{
  "clientType": "$clientType",
  "status": "$status",
  "branchId": "$branchId",
  "usaId": "$usaId",
  "estateName1": "$estateName1",
  "estateName2": "$estateName2",
  "estateName3": "$estateName3",
  "origination": "$origination",
  "originationOther": "$originationOther",
  "relationshipMgmtOrigination": "$relationshipMgmtOrigination",
  "taxAffiliationInformation": {
    "usAffiliation": "$usAffiliation",
    "puertoRicoClass": "$puertoRicoClass",
    "taxTreatyClaimType": "$taxTreatyClaimType",
    "otherTaxTreatyClaimType": "$otherTaxTreatyClaimType",
    "countryOfCitizenship": "$countryOfCitizenship",
    "province": "$province",
    "passportNumber": "$passportNumber",
    "tin": "$tin",
    "tinTypeApplied": "$tinTypeApplied",
    "tinType": "$tinType",
    "taxExempt": "$taxExempt",
    "taxBracket": "$taxBracket",
    "superTaxExempt": "$superTaxExempt",
    "superTaxOverride": "$superTaxOverride",
    "fatcaStructure": "$fatcaStructure",
    "giinList": [
      {
        "fatcaGiin": "$fatcaGiin",
        "fatcaGiinApp": "$fatcaGiinApp",
        "fatcaGiinType": "$fatcaGiinType",
        "sponsorEntityName": "$sponsorEntityName"
      },
      {
        "fatcaGiin": "$fatcaGiin",
        "fatcaGiinApp": "$fatcaGiinApp",
        "fatcaGiinType": "$fatcaGiinType",
        "sponsorEntityName": "$sponsorEntityName"
      }
    ],
    "liquidationBankruptcyDate": "$liquidationBankruptcyDate",
    "stockListedForeignExchange": "$stockListedForeignExchange",
    "ftinfos": [
      {
        "noFtin": "$noFtin",
        "foreignTaxId": "$foreignTaxId",
        "foreignCountryOfIssuance": "$foreignCountryOfIssuance"
      },
      {
        "noFtin": "$noFtin",
        "foreignTaxId": "$foreignTaxId",
        "foreignCountryOfIssuance": "$foreignCountryOfIssuance"
      }
    ]
  },
  "clientAddresses": [
    {
      "mailingAddrPlayback": "",
      "addrType": "$addrType",
      "addrCountry": "$addrCountry",
      "addrProvince": "$addrProvince",
      "addrLocation": "$addrLocation",
      "addrLine1": "$addrLine1",
      "addrLine2": "$addrLine2",
      "addrLine3": "$addrLine3",
      "addrLine4": "$addrLine4",
      "addrAttention": "$addrAttention",
      "addrCity": "$addrCity",
      "addrState": "$addrState",
      "addrZipCode": "$addrZipCode",
      "addrPostalCode": "$addrPostalCode"
    },
    {
      "mailingAddrPlayback": "",
      "addrType": "$addrType",
      "addrCountry": "$addrCountry",
      "addrProvince": "$addrProvince",
      "addrLocation": "$addrLocation",
      "addrLine1": "$addrLine1",
      "addrLine2": "$addrLine2",
      "addrLine3": "$addrLine3",
      "addrLine4": "$addrLine4",
      "addrAttention": "$addrAttention",
      "addrCity": "$addrCity",
      "addrState": "$addrState",
      "addrZipCode": "$addrZipCode",
      "addrPostalCode": "$addrPostalCode"
    }
  ],
  "telephoneInformations": [
    {
      "telLabel": "$telLabel",
      "telCountryCode": "$telCountryCode",
      "telFraudAlertFlag": "$telFraudAlertFlag",
      "telAreaCode": "$telAreaCode",
      "telNumber": "$telNumber",
      "telExtension": "$telExtension",
      "telIntlNo": "$telIntlNo",
      "telNDesc": "$telNDesc",
      "telephoneVerified": "$telephoneVerified"
    },
    {
      "telLabel": "$telLabel",
      "telCountryCode": "$telCountryCode",
      "telFraudAlertFlag": "$telFraudAlertFlag",
      "telAreaCode": "$telAreaCode",
      "telNumber": "$telNumber",
      "telExtension": "$telExtension",
      "telIntlNo": "$telIntlNo",
      "telNDesc": "$telNDesc",
      "telephoneVerified": "$telephoneVerified"
    }
  ],
  "emailAddressInfo": {
    "noEmail": "$noEmail",
    "emailAddressList": [
      {
        "emailAddress": "$emailAddress",
        "emailNotes": "$emailNotes",
        "emailPreference": "$emailPreference"
      },
      {
        "emailAddress": "$emailAddress",
        "emailNotes": "$emailNotes",
        "emailPreference": "$emailPreference"
      },
      {
        "emailAddress": "$emailAddress",
        "emailNotes": "$emailNotes",
        "emailPreference": "$emailPreference"
      }
    ],
    "emailVerified": "$emailVerified"
  },
  "edeliveryInformation": {
    "edeliveryPreference": "$edeliveryPreference",
    "clientConsents": "$clientConsents",
    "faAttestation": "$faAttestation"
  },
  "institutionalConsultingInfoList": [
    {
      "contractId": "$contractId",
      "programId": "$programId",
      "contractRiskProfile": "$contractRiskProfile"
    },
    {
      "contractId": "$contractId",
      "programId": "$programId",
      "contractRiskProfile": "$contractRiskProfile"
    }
  ],
  "alternateNames": [
    {
      "altNameId": "$altNameId",
      "altNameType": "$altNameType"
    },
    {
      "altNameId": "$altNameId",
      "altNameType": "$altNameType"
    },
    {
      "altNameId": "$altNameId",
      "altNameType": "$altNameType"
    }
  ],
  "relatedClients": [
    {
      "relatedPartyNameId": "$relatedPartyNameId",
      "clientRole": "$clientRole"
    }
  ],
  "estateParties": [
    {
      "executorOrAdminId": "0000021006"
    }
  ],
  "financialInformation": {
    "annualIncomeRange": "$annualIncomeRange",
    "annualIncome": "$annualIncome",
    "liquidAssetsRange": "$liquidAssetsRange",
    "liquidAssets": "$liquidAssets",
    "netWorthRange": "$netWorthRange",
    "netWorth": "$netWorth",
    "percentageOfTotal": "$percentageOfTotal",
    "financialVerified": "$financialVerified",
    "investInterest": [
      "$investInterest",
      "$investInterest"
    ],
    "isCountriesOfIncome": "$isCountriesOfIncome",
    "countriesOfIncome": [
      "$countriesOfIncome"
    ],
    "investmentExperienceInfo": {
      "indStocksExp": "$indStocksExp",
      "equitiesExp": {
        "financialValue": "$financialValue"
      },
      "bondsExp": {
        "financialValue": "$financialValue"
      },
      "buyOptionExp": {
        "financialValue": "$financialValue"
      },
      "sellOptionExp": {
        "financialValue": "$financialValue"
      },
      "futuresExp": {
        "financialValue": "$financialValue"
      },
      "yrsOfInvestmentAccounts": "$yrsOfInvestmentAccounts",
      "investmentKnowledge": "$investmentKnowledge",
      "isInvestmentKnowledgeVerified": "$isInvestmentKnowledgeVerified",
      "firmExperiences": [
        "$firmExperiences"
      ],
      "addControlStock": "$addControlStock",
      "isLargeTrader": "$isLargeTrader",
      "controlStocks": [
        {
          "companyName": "$companyName",
          "companyCusip": "$companyCusip",
          "companySymbol": "$companySymbol",
          "percentageOfOwnership": "$percentageOfOwnership"
        },
        {
          "companyName": "$companyName",
          "companyCusip": "$companyCusip",
          "companySymbol": "$companySymbol",
          "percentageOfOwnership": "$percentageOfOwnership"
        }
      ],
      "largeTrader": {
        "isSECRegistered": "$isSECRegistered",
        "isInactive": "$isInactive",
        "largeTraderId": "$largeTraderId"
      }
    }
  }
}