{
  "clientType": "$clientType",
  "status": "$status",
  "branchId": "$branchId",
  "usaId": "$usaId",
  "businessName1": "$businessName1",
  "businessName2": "$businessName2",
  "businessName3": "$businessName3",
  "origination": "$origination",
  "originationOther": "$originationOther",
  "relationshipMgmtOrigination": "$relationshipMgmtOrigination",
  "companyStructure": {
    "orgStructure": "$orgStructure",
    "llcTaxTreatment": "$llcTaxTreatment",
    "orgEstablishedOnDate": "$orgEstablishedOnDate",
    "isPubliclyListed": "$isPubliclyListed",
    "exchange": "$exchange",
    "tickerSymbol": "$tickerSymbol",
    "isForProfit": "$isForProfit",
    "isIncorporated": "$isIncorporated",
    "industryGroup": "$industryGroup",
    "industrySector": "$industrySector",
    "industrySubsector": "$industrySubsector",
    "sensitiveIntermediary": "$sensitiveIntermediary",
    "substantialIncome": "$substantialIncome",
    "substantialConnection": "$substantialConnection",
    "reportingIndustry": "$reportingIndustry",
    "captiveInsQ1": "$captiveInsQ1",
    "captiveInsQ2": "$captiveInsQ2"
  },
  "taxAffiliationInformation": {
    "usAffiliation": "$usAffiliation",
    "puertoRicoClass": "$puertoRicoClass",
    "imyFlag": "$imyFlag",
    "qddFlag": "$qddFlag",
    "taxTreatyClaimType": "$taxTreatyClaimType",
    "otherTaxTreatyClaimType": "$otherTaxTreatyClaimType",
    "stateOfIncorporation": "$stateOfIncorporation",
    "countryOfCitizenship": "$countryOfCitizenship",
    "province": "$province",
    "countryOfBirth": "$countryOfBirth",
    "languagePreferenceCards": "$languagePreferenceCards",
    "passportNumber": "$passportNumber",
    "tin": "$tin",
    "tinTypeApplied": "$tinTypeApplied",
    "tinType": "$tinType",
    "taxExempt": "$taxExempt",
    "taxBracket": "$taxBracket",
    "superTaxExempt": "$superTaxExempt",
    "superTaxOverride": "$superTaxOverride",
    "fatcaStructure": "$fatcaStructure",
    "giinList": [
      {
        "fatcaGiin": "$fatcaGiin",
        "fatcaGiinApp": "$fatcaGiinApp",
        "fatcaGiinType": "$fatcaGiinType",
        "sponsorEntityName": "$sponsorEntityName"
      },
      {
        "fatcaGiin": "$fatcaGiin",
        "fatcaGiinApp": "$fatcaGiinApp",
        "fatcaGiinType": "$fatcaGiinType",
        "sponsorEntityName": "$sponsorEntityName"
      }
    ],
    "liquidationBankruptcyDate": "$liquidationBankruptcyDate",
    "stockListedForeignExchange": "$stockListedForeignExchange",
    "ftinfos": [
      {
        "noFtin": "$noFtin",
        "foreignTaxId": "$foreignTaxId",
        "foreignCountryOfIssuance": "$foreignCountryOfIssuance"
      },
      {
        "noFtin": "$noFtin",
        "foreignTaxId": "$foreignTaxId",
        "foreignCountryOfIssuance": "$foreignCountryOfIssuance"
      }
    ]
  },
  "telephoneInformations": [
    {
      "telLabel": "$telLabel",
      "telCountryCode": "$telCountryCode",
      "telFraudAlertFlag": "$telFraudAlertFlag",
      "telAreaCode": "$telAreaCode",
      "telNumber": "$telNumber",
      "telExtension": "$telExtension",
      "telIntlNo": "$telIntlNo",
      "telNDesc": "$telNDesc",
      "telephoneVerified": "$telephoneVerified"
    },
    {
      "telLabel": "$telLabel",
      "telCountryCode": "$telCountryCode",
      "telFraudAlertFlag": "$telFraudAlertFlag",
      "telAreaCode": "$telAreaCode",
      "telNumber": "$telNumber",
      "telExtension": "$telExtension",
      "telIntlNo": "$telIntlNo",
      "telNDesc": "$telNDesc",
      "telephoneVerified": "$telephoneVerified"
    }
  ],
  "emailAddressInfo": {
    "noEmail": "$noEmail",
    "emailAddressList": [
      {
        "emailAddress": "$emailAddress",
        "emailNotes": "$emailNotes",
        "emailPreference": "$emailPreference"
      },
      {
        "emailAddress": "$emailAddress",
        "emailNotes": "$emailNotes",
        "emailPreference": "$emailPreference"
      },
      {
        "emailAddress": "$emailAddress",
        "emailNotes": "$emailNotes",
        "emailPreference": "$emailPreference"
      }
    ],
    "emailVerified": "$emailVerified"
  },
  "edeliveryInformation": {
    "edeliveryPreference": "$edeliveryPreference",
    "clientConsents": "$clientConsents",
    "faAttestation": "$faAttestation"
  },
  "institutionalConsultingInfoList": [
    {
      "contractId": "$contractId",
      "programId": "$programId",
      "contractRiskProfile": "$contractRiskProfile"
    },
    {
      "contractId": "$contractId",
      "programId": "$programId",
      "contractRiskProfile": "$contractRiskProfile"
    }
  ],
  "alternateNames": [
    {
      "altNameId": "$altNameId",
      "altNameType": "$altNameType"
    },
    {
      "altNameId": "$altNameId",
      "altNameType": "$altNameType"
    },
    {
      "altNameId": "$altNameId",
      "altNameType": "$altNameType"
    }
  ],
  "companyRelationships": {
    "secretaryOfficerInfos": [
      {
        "secOfficerNameId": "$secOfficerNameId",
        "secOfficerRole": "$secOfficerRole",
        "secAuthorized": "$secAuthorized",
        "secTitle": "$secTitle",
        "secOfficerDob": "$secOfficerDob",
        "secOfficerTin": "$secOfficerTin"
      },
      {
        "secOfficerNameId": "$secOfficerNameId",
        "secOfficerRole": "$secOfficerRole",
        "secAuthorized": "$secAuthorized",
        "secTitle": "$secTitle",
        "secOfficerDob": "$secOfficerDob",
        "secOfficerTin": "$secOfficerTin"
      }
    ],
    "officersInformation": [
      {
        "officerNameId": "$officerNameId",
        "officerRole": "$officerRole",
        "title": "$title",
        "controlPerson": "$controlPerson"
      },
      {
        "officerNameId": "$officerNameId",
        "officerRole": "$officerRole",
        "title": "$title",
        "controlPerson": "$controlPerson"
      }
    ],
    "managingMembers": [
      {
        "nameIdType": "$nameIdType",
        "orgRole": "$orgRole",
        "controlPerson": "$controlPerson",
        "authorized": "$authorized"
      },
      {
        "nameIdType": "$nameIdType",
        "orgRole": "$orgRole",
        "controlPerson": "$controlPerson",
        "authorized": "$authorized"
      }
    ]
  },
  "financialInformation": {
    "annualIncomeRange": "$annualIncomeRange",
    "annualIncome": "$annualIncome",
    "annualBusinessRange": "$annualBusinessRange",
    "annualBusinessActual": "$annualBusinessActual",
    "liquidAssetsRange": "$liquidAssetsRange",
    "liquidAssets": "$liquidAssets",
    "netWorthRange": "$netWorthRange",
    "netWorth": "$netWorth",
    "percentageOfTotal": "$percentageOfTotal",
    "financialVerified": "$financialVerified",
    "fiscalYearEndMM": "$fiscalYearEndMM",
    "totalEmployees": "$totalEmployees",
    "investInterest": [
      "$investInterest"
    ],
    "investmentExperienceInfo": {
      "indStocksExp": "$indStocksExp",
      "equitiesExp": {
        "financialValue": "$financialValue"
      },
      "bondsExp": {
        "financialValue": "$financialValue"
      },
      "buyOptionExp": {
        "financialValue": "$financialValue"
      },
      "sellOptionExp": {
        "financialValue": "$financialValue"
      },
      "futuresExp": {
        "financialValue": "$financialValue"
      },
      "yrsOfInvestmentAccounts": "$yrsOfInvestmentAccounts",
      "investmentKnowledge": "$investmentKnowledge",
      "isInvestmentKnowledgeVerified": "$isInvestmentKnowledgeVerified",
      "firmExperiences": [
        "$firmExperiences"
      ],
      "addControlStock": "$addControlStock",
      "isLargeTrader": "$isLargeTrader",
      "controlStocks": [
        {
          "companyName": "$companyName",
          "companyCusip": "$companyCusip",
          "companySymbol": "$companySymbol",
          "percentageOfOwnership": "$percentageOfOwnership"
        },
        {
          "companyName": "$companyName",
          "companyCusip": "$companyCusip",
          "companySymbol": "$companySymbol",
          "percentageOfOwnership": "$percentageOfOwnership"
        }
      ],
      "largeTrader": {
        "isSECRegistered": "$isSECRegistered",
        "isInactive": "$isInactive",
        "largeTraderId": "$largeTraderId"
      }
    }
  },
  "clientAddresses": [
    {
      "mailingAddrPlayback": "$mailingAddrPlayback",
      "addrType": "$addrType",
      "addrCountry": "$addrCountry",
      "addrProvince": "$addrProvince",
      "addrLocation": "$addrLocation",
      "addrLine1": "$addrLine1",
      "addrLine2": "$addrLine2",
      "addrLine3": "$addrLine3",
      "addrLine4": "$addrLine4",
      "addrAttention": "$addrAttention",
      "addrCity": "$addrCity",
      "addrState": "$addrState",
      "addrZipCode": "$addrZipCode",
      "addrZipOverride": "$addrZipOverride",
      "addrPostalCode": "$addrPostalCode"
    },
    {
      "mailingAddrPlayback": "$mailingAddrPlayback",
      "addrType": "$addrType",
      "addrCountry": "$addrCountry",
      "addrProvince": "$addrProvince",
      "addrLocation": "$addrLocation",
      "addrLine1": "$addrLine1",
      "addrLine2": "$addrLine2",
      "addrLine3": "$addrLine3",
      "addrLine4": "$addrLine4",
      "addrAttention": "$addrAttention",
      "addrCity": "$addrCity",
      "addrState": "$addrState",
      "addrZipCode": "$addrZipCode",
      "addrZipOverride": "$addrZipOverride",
      "addrPostalCode": "$addrPostalCode"
    }
  ],
  "relatedClients": [
    {
      "relatedPartyNameId": "$relatedPartyNameId",
      "clientRole": "$clientRole"
    },
    {
      "relatedPartyNameId": "$relatedPartyNameId",
      "clientRole": "$clientRole"
    }
  ],
  "beneficialOwnerInfo": {
    "beneficialOwner": [
      {
        "beneficialOwnerId": "$beneficialOwnerId"
      },
      {
        "beneficialOwnerId": "$beneficialOwnerId"
      }
    ]
  }
}