{
   "clientNumber": "0096",
   "messageId": "$messageId",
   "token": " ",
   "version": "1.00",
   "request": {
      "requestReturn": "n",
      "requestType": "$requestType",
	  "pagingInfo": {
         "numRowsReq": "",
         "pageFBInd": "",
         "reqFirstTime": "",
         "pageKey": {
            "forwardKey": "",
            "backwardKey": ""
         }
      },
      "account": {
         "branch": "$branch",
         "accountNum": "$accountNum"
      },
      "currency": {
         "currencyCode": ""
      },
      "whatIf": {
         "whatIfCnt": "",
         "whatIfReq": [
            {
               "whatIfAction": "",
               "whatIfQty": "",
               "whatIfPutCall": "",
               "whatIfSymbol": "",
               "whatIfPrice": "",
               "whatIfType": "",
               "whatIfAmount": "",
               "whatIfExpDt": "",
               "whatIfStrikePrice": ""
            }
         ]
      }
   }
}