{
   "clientNumber": "0096",
   "messageId": "$messageId",
   "token": " ",
   "version": "",
   "request": {
      "requestReturn": "",
      "requestType": "$requestType",
      "account": {
         "branch": "$branch",
         "accountNum": "$accountNum"
      },
      "currency": {
         "currencyCode": ""
      },
      "pageControl": {
         "pageFwd": "",
         "pageBwd": ""
      },
      "noofEntries": "",
      "firsttimeReq": "",
      "requestKeyArea": {
         "requestKey": "",
         "holdKeyVal": {
            "holdXrefTyp": "",
            "holdXrefCUSIP": ""
         },
         "holdXrefB1": ""
      },
      "whatIf": {
         "whatIfCnt": "",
         "whatIfReq": [
            {
               "whatIfAction": "",
               "whatIfQty": "",
               "whatIfPutCall": "",
               "whatIfSymbol": "",
               "whatIfPrice": "",
               "whatIfType": "",
               "whatIfAmount": "",
               "whatIfExpDt": "",
               "whatIfStrikePrice": ""
            }
         ]
      }
   }
}