[
	{
		"identifier": 9,
		"code": "13",
		"name": "MA3",
		"description": "MACWrap",
		"minimumInvestmentAmount": null,
		"status": "ACTIVE",
		"feeStructures": [
			{
				"annualFee": "$5000"
			}
		],
		"createdOn": 1598964722047,
		"createdBy": "CONV",
		"lastUpdateOn": null,
		"lastUpdateBy": null,
		"templates": []
	},
	{
		"code": "13",
		"name": "MA3",
		"description": "MACWrap",
		"minimumInvestmentAmount": null,
		"feeStructures": [
			{
				"annualFee": "$5000"
			}
		],
		"createdOn": 1598964722047,
		"createdBy": "CONV",
		"lastUpdateOn": null,
		"lastUpdateBy": null,
		"templates": []
	}
]
