{
	"version": "1.00",
	"token": "${orderidfrompost}",
	"messageId": "MFRS/MFRS_LOI",
	"clientNumber": "0003",
	"request": {
		"requestReturn": "N",
		"turnaround": {
			"value": "Test",
			"encoding": ""
		},
		"requestType": "MFMSDLOI",
		"sendFields": {
			"actionType": "I",
			"autoSubmitFlag": "A"
		},
		"fields": {
			"msdcSecurity": "00141T254",
			"msdc20LoiApplyRlsInd": "",
			"msdc29LoiFlflCalcCd": "",
			"msdc29LoiFlflPrdNbr": "",
			"msdc29LoiAltFlfPrNbr": "",
			"msdc29LoiMinimumAmt": "",
			"msdc29LoiMinPrchCd": "",
			"msdc29LoiMinPrchAmt": "",
			"msdc29LoiBackDtInd": "",
			"msdc29LoiBkDtNbr": ""
		}
	}
}