{
    "messageId": "MREQ/MREQ_ADDON",
    "version": "6.10",
    "request": {
        "areaA": {
            "mreqResourceId1": "A",
            "mreqResourceId2": "SA",
            "mreqSubReqType": "F",
            "mreqKeyBrAcct": "104",
            "mreqKeySecurity": "",
            "mreqKeyAdpNo": "",
            "mreqKeyCurrency": "",
            "mreqKeyCurrNo": "",
            "mreqKeyType": "",
            "mreqDataCntIn": "150"
        },
        "dataArea": []
    },
    "clientNumber": "0005",
    "token": "${orderidfrompost}"
}
