{
"messageId": "MREQ/MREQ_ADDON",
"version": "6.10",
"request": {
"requestReturn": "",
"turnaround": {
"encoding": "",
"value": "Test"
},
"areaA": {
"mreqResourceId1": "A",
"mreqResourceId2": "SA",
"mreqDataCntIn": "001",
"mreqSubReqType": "A",
"mreqKeyBrAcct": "103",
"mreqKeySecurity": "",
"mreqKeyAdpNo": "",
"mreqKeyCurrency": "",
"mreqKeyCurrNo": "",
"mreqKeyType": ""
},
"dataArea": [
{
"mreqOverrideLevelValue": "103",
"mreqSecurityAdpNbr": "A030130",
"mreqInstType": "A030",
"mreqAcctType": "",
"mreqCurrNo": "000",
"mreqCurrency": "",
"mreqSecurity": "03027X100000",
"mreqDataDlcUserid": "DT84",
"mreqDataExpDate": "99991231",
"mreqLongReqPct": "012",
"mreqShrtReqPct": "000",
"mreqOptnReqPct": "000",
"mreqIlvLongReqPct": "000",
"mreqIlvShrtReqPct": "000",
"mreqAddonDlcUserid": "DT84",
"mreqAddonExpDate": "20200630",
"mreqLongAddOnSign": "+",
"mreqLongAddOnPct": "078",
"mreqShrtAddOnSign": "+",
"mreqShrtAddOnPct": "000",
"mreqOptnAddOnSign": "+",
"mreqOptnAddOnPct": "000",
"mreqIlvLongAddOnSign": "+",
"mreqIlvLongAddOnPct": "000",
"mreqIlvShrtAddOnSign": "+",
"mreqIlvShrtAddOnPct": "000",
"mreqSegInst": "",
"mreqOptnSsfReqPct": "000",
"mreqNyseReqPct": "000",
"mreqLineErrorInd": "",
"mreqLineErrorMsg": "",
"mreqCmntCnt": "000",
"mreqSecurityDesc": "AMERICAN TOWER CORPORATION",
"mreqDataDlcYymmdd": "200626",
"mreqAddonDlcYymmdd": "200626"
}
]
},
"token": "${orderidfrompost}",
"clientNumber": "0005"
}