{
"messageId": "MREQ/MREQ_MREQAPUA",
    "version": "6.10",
    "request": {
        "areaA": {
            "mreqResourceId1": "A",
            "mreqResourceId2": "SA",
            "mreqDataCntIn": "001",
            "mreqSubReqType": "A",
            "mreqKeyBrAcct": "",
            "mreqKeySecurity": "",
            "mreqKeyAdpNo": "",
            "mreqKeyCurrency": "",
            "mreqKeyCurrNo": "",
            "mreqKeyType": ""
        },
        "dataArea": [
            {
                "mreqOverrideLevelValue": "104",
                "mreqSecurity": "BR",
                "mreqLongReqPct": "067",
                "mreqLongAddOnSign": "",
                "mreqLongAddOnPct": "",
                "mreqShrtReqPct": "",
                "mreqShrtAddOnSign": "",
                "mreqShrtAddOnPct": "",
                "mreqOptnReqPct": "",
                "mreqOptnAddOnSign": "",
                "mreqOptnAddOnPct": "",
                "mreqIlvLongReqPct": "",
                "mreqIlvLongAddOnSign": "",
                "mreqIlvLongAddOnPct": "",
                "mreqIlvShrtReqPct": "",
                "mreqIlvShrtAddOnSign": "",
                "mreqIlvShrtAddOnPct": "",
                "mreqDataExpDate": "",
                "mreqAddonExpDate": "",
                "mreqOptnSsfReqPct": "76",
                "mreqUpdateInd": "B",
                "mreqAcctType": "",
                "mreqCurrency": "",
                "mreqNyseReqPct": "",
                "mreqSegInst": "",
                "mreqCommentLen": 14,
                "mreqCommentTxt": "TestComment123"
            }
        ]
    },
    "clientNumber": "0005",
    "token": "${orderidfrompost}"
}
