{
    "messageId": "MREQ/MREQ_MREQAPUA",
    "version": "6.10",
    "request": {
        "areaA": {
            "mreqResourceId1": "A",
            "mreqResourceId2": "SA",
            "mreqDataCntIn": "001",
            "mreqSubReqType": "D",
            "mreqKeyBrAcct": "",
            "mreqKeySecurity": "",
            "mreqKeyAdpNo": "",
            "mreqKeyCurrency": "",
            "mreqKeyCurrNo": "",
            "mreqKeyType": ""
        },
        "dataArea": [
            {
                "mreqOverrideLevelValue": "104",
                "mreqSecurity": "11133T103000",
                "mreqCurrNo": "000",
                "mreqCurrency": "",
                "mreqInstType": "",
                "mreqAcctType": "",
                "mreqLongReqPct": "068",
                "mreqLongAddOnSign": "+",
                "mreqLongAddOnPct": "+000",
                "mreqShrtReqPct": "000",
                "mreqShrtAddOnSign": "+",
                "mreqShrtAddOnPct": "+000",
                "mreqOptnReqPct": "078",
                "mreqOptnAddOnSign": "+",
                "mreqOptnAddOnPct": "+000",
                "mreqIlvLongReqPct": "000",
                "mreqIlvLongAddOnSign": "+",
                "mreqIlvLongAddOnPct": "000",
                "mreqIlvShrtReqPct": "000",
                "mreqIlvShrtAddOnSign": "+",
                "mreqIlvShrtAddOnPct": "+098",
                "mreqAddonDlcUserid": "QKAY",
                "mreqDataExpDate": "99991231",
                "mreqAddonExpDate": "99991231",
                "mreqSegInst": "",
                "mreqOptnSsfReqPct": "076",
                "mreqNyseReqPct": "000",
                "mreqUpdateInd": "B",
                "mreqCommentLen": 0,
                "mreqCommentTxt": ""
            }
        ]
    },
    "clientNumber": "0005",
    "token": "${orderidfrompost}"
}
