{
  "clientType": "Estate",
  "estateName1": "$estateName1Unique",
  "estateName2": "estateName2",
  "estateName3": "estateName3",
  "origination": "Campaign",
  "originationOther": "Text",
  "relationshipMgmtOrigination": "Client",
  "taxAffiliationInformation": {
    "usAffiliation": true,
    "puertoRicoClass": true,
    "taxTreatyClaimType": "taxTreatyClaimType",
    "otherTaxTreatyClaimType": "otherTaxTreatyClaimType",
    "countryOfCitizenship": "countryOfCitizenship",
    "province": "province",
    "passportNumber": "passportNumber",
    "tin":"$unique",
    "tinTypeApplied": "tinTypeApplied",
    "tinType": "tinType",
    "taxExempt": "taxExempt",
    "taxBracket": "taxBracket",
    "superTaxExempt": "superTaxExempt",
    "superTaxOverride": true,
    "fatcaStructure": "fatcaStructure",
    "giinList": [
      {
        "fatcaGiin": "fatcaGiin1",
        "fatcaGiinApp": true,
        "fatcaGiinType": "fatcaGiinType1",
        "sponsorEntityName": "sponsorEntityName1"
      }
    ],
    "liquidationBankruptcyDate": "10/02/2020",
    "stockListedForeignExchange": "stockList",
    "ftinfos": [
      {
        "noFtin": "noFtin1",
        "foreignTaxId": "foreignTaxId1",
        "foreignCountryOfIssuance": "foreignCountryOfIssuance1"
      }
    ]
  },
  "clientAddresses": [
    {
      "mailingAddrPlayback": "",
      "addrType": "Mailing",
      "addrCountry": "USA",
      "addrProvince": "NJ",
      "addrLocation": "NJ",
      "addrInternalLoc": "Edi",
      "addrLine1": "Edison Street",
      "addrLine2": "120A",
      "addrLine3": "eeeeeeeeeeeeeeeeeeee",
      "addrLine4": "ffffffffffffffffffff",
      "addrAttention": "Att",
      "addrCity": "NJCity",
      "addrState": "NJState",
      "addrZipCode": "00987",
      "addrPostalCode": "78900"
    }
  ],
  "telephoneInformations": [
    {
      "telLabel": "Home Voice 1",
      "telCountryCode": "USA",
      "telFraudAlertFlag": true,
      "telAreaCode": "127",
      "telNumber": "1234567",
      "telExtension": "127",
      "telIntlNo": "9985128411",
      "telNDesc": "Local",
      "telephoneVerified": "Yes"
    }
  ],
  "emailAddressInfo": {
    "noEmail": false,
    "emailAddressList": [
      {
        "emailAddress": "santhosh@example.com",
        "emailNotes": "emailNotes",
        "emailPreference": "YES"
      }
    ],
    "emailVerified": "YES"
  },
  "edeliveryInformation": {
    "edeliveryPreference": "Sharath",
    "clientConsents": "Unicorn Broad",
    "faAttestation": "Cob123456"
  },
  "institutionalConsultingInfoList": [
    {
      "contractId": "Broad12345",
      "programId": "UN56",
      "contractRiskProfile": "this is the INSTCONST"
    }
  ],
  "alternateNames": [
        {
            "altNameId": "001",
            "altNameType": "FA Discretionary"
        }
    ]
}