{
	"clientType": "Estate",
	"estateName1": "$estateName1Unique",
	"estateName2": "estateName2",
	"estateName3": "estateName3",
	"origination": "Campaign",
	"originationOther": "Text",
	"relationshipMgmtOrigination": "Client",
	"taxAffiliationInformation": {
		"usAffiliation": true,
		"puertoRicoClass": true,
		"taxTreatyClaimType": "taxTreatyClaimType",
		"otherTaxTreatyClaimType": "otherTaxTreatyClaimType",
		"countryOfCitizenship": "countryOfCitizenship",
		"province": "province",
		"passportNumber": "passportNumber",
		"tin": "342167892",
		"tinTypeApplied": "tinTypeApplied",
		"tinType": "tinType",
		"taxExempt": "taxExempt",
		"taxBracket": "taxBracket",
		"superTaxExempt": "superTaxExempt",
		"superTaxOverride": true,
		"fatcaStructure": "fatcaStructure",
		"giinList": [
			{
				"fatcaGiin": "fatcaGiin1",
				"fatcaGiinApp": true,
				"fatcaGiinType": "fatcaGiinType1",
				"sponsorEntityName": "sponsorEntityName1"
			},
			{
				"fatcaGiin": "fatcaGiin2",
				"fatcaGiinApp": false,
				"fatcaGiinType": "fatcaGiinType2",
				"sponsorEntityName": "sponsorEntityName2"
			}
		],
		"liquidationBankruptcyDate": "10/02/2020",
		"stockListedForeignExchange": "stockList",
		"ftinfos": [
			{
				"noFtin": "noFtin1",
				"foreignTaxId": "foreignTaxId1",
				"foreignCountryOfIssuance": "foreignCountryOfIssuance1"
			},
			{
				"noFtin": "noFtin2",
				"foreignTaxId": "foreignTaxId2",
				"foreignCountryOfIssuance": "foreignCountryOfIssuance2"
			}
		]
	},
	"clientAddresses": [
		{
			"mailingAddrPlayback": "",
			"addrType": "Mailing",
			"addrCountry": "USA",
			"addrProvince": "NJ",
			"addrLocation": "NJ",
			"addrInternalLoc": "Edi",
			"addrLine1": "Edison Street",
			"addrLine2": "120A",
			"addrLine3": "eeeeeeeeeeeeeeeeeeee",
			"addrLine4": "ffffffffffffffffffff",
			"addrAttention": "Att",
			"addrCity": "NJCity",
			"addrState": "NJState",
			"addrZipCode": "00987",
			"addrPostalCode": "78900"
		},
		{
			"mailingAddrPlayback": "",
			"addrType": "Other",
			"addrCountry": "US",
			"addrProvince": "NJ",
			"addrLocation": "NJ",
			"addrInternalLoc": "Tho",
			"addrLine1": "Thompson Street",
			"addrLine2": "120A",
			"addrLine3": "gggggggggggggggggggggg",
			"addrLine4": "hhhhhhhhhhhhhhhhhhhhhh",
			"addrAttention": "Att",
			"addrCity": "NJCity",
			"addrState": "NJState",
			"addrZipCode": "00387",
			"addrPostalCode": "78900"
		}
	],
	"telephoneInformations": [
		{
			"telLabel": "Home Voice 1",
			"telCountryCode": "USA",
			"telFraudAlertFlag": true,
			"telAreaCode": "127",
			"telNumber": "1234567",
			"telExtension": "127",
			"telIntlNo": "9985128411",
			"telNDesc": "Local",
			"telephoneVerified": "Yes"
		},
		{
			"telLabel": "Business Voice 1",
			"telCountryCode": "USA",
			"telFraudAlertFlag": true,
			"telAreaCode": "127",
			"telNumber": "1234567",
			"telExtension": "127",
			"telIntlNo": "9985128411",
			"telNDesc": "Local",
			"telephoneVerified": "Yes"
		}
	],
	"emailAddressInfo": {
		"noEmail": false,
		"emailAddressList": [
			{
				"emailAddress": "santhosh@example.com",
				"emailNotes": "emailNotes",
				"emailPreference": "YES"
			},
			{
				"emailAddress": "shiva@example.com",
				"emailNotes": "emailNotes",
				"emailPreference": "NO"
			},
			{
				"emailAddress": "sirish@example.com",
				"emailNotes": "emailNotes",
				"emailPreference": "NO"
			}
		],
		"emailVerified": "YES"
	},
	"edeliveryInformation": {
		"edeliveryPreference": "Sharath",
		"clientConsents": "Unicorn Broad",
		"faAttestation": "Cob123456"
	},
	"institutionalConsultingInfoList": [
		{
			"contractId": "Broad12345",
			"programId": "UN56",
			"contractRiskProfile": "this is the INSTCONST"
		},
		{
			"contractId": "Broad34567",
			"programId": "UN24",
			"contractRiskProfile": "this is the INSTCONST for Cob"
		}
	],
	"alternateNames": [
		{
			"altNameId": "001",
			"altNameType": "FA Discretionary"
		},
		{
			"altNameId": "122",
			"altNameType": "FA Discretionary"
		},
		{
			"altNameId": "222",
			"altNameType": "Interested Party"
		}
	]
}