{
	"prefixName":"$prefixName",
	"firstName":"$firstName",
	"lastName":"$lastName",
	"middleName":"$middleName",
	"suffixName":"$suffixName",
	"origination":"$origination",
	"originationOther":"$originationOther",
	"relationshipMgmtOrigination":"$relationshipMgmtOrigination",
	"taxAffiliationInformation":{
		"usAffiliation":"$usAffiliation",
		"residentAlien":"$residentAlien",
		"countryOfCitizenship":"$countryOfCitizenship",
		"province":"$province",
		"countryOfBirth":"$countryOfBirth",
		"languagePreferenceCards":"$languagePreferenceCards",
		"passportNumber":"$passportNumber",
		"tin":"$unique",
		"tinTypeApplied":"$tinTypeApplied",
		"tinType":"$tinType",
		"taxExempt":"$taxExempt",
		"taxBracket":"$taxBracket"
	},
	"clientAddresses":[
	{
		"addrType":"$addrType",
		"addrCountry":"$addrCountry",
		"addrProvince":"$addrProvince",
		"addrLocation":"$addrLocation",
		"addrInternalLoc":"$addrInternalLoc",
		"addrLine1":"$addrLine1",
		"addrLine2":"$addrLine2",
		"addrLine3":"$addrLine3",
		"addrLine4":"$addrLine4",
		"addrAttention":"$addrAttention",
		"addrCity":"$addrCity",
		"addrState":"$addrState",
		"addrZipCode":"$addrZipCode",
		"addrPostalCode":"$addrPostalCode"
	}]
}