{
	"mailingAddrPlayback": "$mailingAddrPlayback",
	"addrType": "$addrType",
	"addrCountry": "$addrCountry",
	"addrProvince": "$addrProvince",
	"addrLocation": "$addrLocation",
	"addrInternalLoc": "$addrInternalLoc",
	"addrLine1": "$addrLine1",
	"addrLine2": "$addrLine2",
	"addrLine3": "$addrLine3",
	"addrLine4": "$addrLine4",
	"addrAttention": "$addrAttention",
	"addrCity": "$addrCity",
	"addrState": "$addrState",
	"addrZipCode": "$addrZipCode",
	"addrZipOverride": "$addrZipOverride",
	"addrPostalCode": "$addrPostalCode"
}
       