{
	"clientId": "$clientidfrompost",
	"clientType": "Estate",
	"estateName1": "$estateName1frompost",
	"estateName2": "estateName2",
	"estateName3": "estateName3",
	"origination": "Campaign",
	"originationOther": "Text",
	"relationshipMgmtOrigination": "Client",
	"taxAffiliationInformation": {
		"usAffiliation": true,
		"puertoRicoClass": "true",
		"taxTreatyClaimType": "taxTreatyClaimType",
		"otherTaxTreatyClaimType": "otherTaxTreatyClaimType",
		"countryOfCitizenship": "countryOfCitizenship",
		"province": "province",
		"passportNumber": "passportNumber",
		"tin": "342167892",
		"tinTypeApplied": "tinTypeApplied",
		"tinType": "tinType",
		"taxExempt": "taxExempt",
		"taxBracket": "taxBracket",
		"superTaxExempt": "superTaxExempt",
		"superTaxOverride": "true",
		"fatcaStructure": "fatcaStructure",
		"giinList": [
			{
				"fatcaGiin": "fatcaGiin1",
				"fatcaGiinApp": "true",
				"fatcaGiinType": "fatcaGiinType1",
				"sponsorEntityName": "sponsorEntityName1"
			},
			{
				"fatcaGiin": "fatcaGiin2",
				"fatcaGiinApp": "false",
				"fatcaGiinType": "fatcaGiinType2",
				"sponsorEntityName": "sponsorEntityName2"
			}
		],
		"liquidationBankruptcyDate": "06/07/2013",
		"stockListedForeignExchange": "stockListed",
		"ftinfos": [
			{
				"noFtin": "noFtin1",
				"foreignTaxId": "foreignTaxId1",
				"foreignCountryOfIssuance": "foreignCountryOfIssuance1"
			},
			{
				"noFtin": "noFtin2",
				"foreignTaxId": "foreignTaxId2",
				"foreignCountryOfIssuance": "foreignCountryOfIssuance2"
			}
		]
	},
	"clientAddresses": [
		{
			"addrType": "Mailing",
			"addrCountry": "USA",
			"addrProvince": "NJ",
			"addrLocation": "NJ",
			"addrInternalLoc": "Edi",
			"addrLine1": "Edison Street",
			"addrLine2": "120A",
			"addrLine3": "eeeeeeeeeeeeeeeeeeee",
			"addrLine4": "ffffffffffffffffffff",
			"addrAttention": "Att",
			"addrCity": "NJCity",
			"addrState": "NJState",
			"addrZipCode": "00987",
			"addrPostalCode": "78900"
		},
		{
			"addrType": "Other",
			"addrCountry": "US",
			"addrProvince": "NJ",
			"addrLocation": "NJ",
			"addrInternalLoc": "Tho",
			"addrLine1": "Thompson Street",
			"addrLine2": "120A",
			"addrLine3": "gggggggggggggggggggggg",
			"addrLine4": "hhhhhhhhhhhhhhhhhhhhhh",
			"addrAttention": "Att",
			"addrCity": "NJCity",
			"addrState": "NJState",
			"addrZipCode": "00387",
			"addrPostalCode": "78900"
		}
	],
	"telephoneInformations": [
		{
			"telLabel": "$modifiedtelLabel",
			"telCountryCode": "$modifiedtelCountryCode",
			"telFraudAlertFlag": "$modifiedtelFraudAlertFlag",
			"telAreaCode": "$modifiedtelAreaCode",
			"telNumber": "$modifiedtelNumber",
			"telExtension": "$modifiedtelExtension",
			"telIntlNo": "$modifiedtelIntlNo",
			"telNDesc": "$modifiedtelNDesc",
			"telephoneVerified": "$modifiedtelephoneVerified"
		},
		{
			"telLabel": "$modifiedtelLabel",
			"telCountryCode": "$modifiedtelCountryCode",
			"telFraudAlertFlag": "$modifiedtelFraudAlertFlag",
			"telAreaCode": "$modifiedtelAreaCode",
			"telNumber": "$modifiedtelNumber",
			"telExtension": "$modifiedtelExtension",
			"telIntlNo": "$modifiedtelIntlNo",
			"telNDesc": "$modifiedtelNDesc",
			"telephoneVerified": "$modifiedtelephoneVerified"
		}
	]
}