{
	"clientType": "Estate",
	"estateName1": "$estateName1Unique",
	"estateName2": "estateName2",
	"estateName3": "estateName3",
	"origination": "Campaign",
	"originationOther": "Text",
	"relationshipMgmtOrigination": "Client",
	"taxAffiliationInformation": {
		"usAffiliation": true,
		"puertoRicoClass": true,
		"taxTreatyClaimType": "taxTreatyClaimType",
		"otherTaxTreatyClaimType": "otherTaxTreatyClaimType",
		"countryOfCitizenship": "countryOfCitizenship",
		"province": "province",
		"passportNumber": "passportNumber",
		"tin": "342167892",
		"tinTypeApplied": "tinTypeApplied",
		"tinType": "tinType",
		"taxExempt": "taxExempt",
		"taxBracket": "taxBracket",
		"superTaxExempt": "superTaxExempt",
		"superTaxOverride": true,
		"fatcaStructure": "fatcaStructure",
		"giinList": [
			{
				"fatcaGiin": "fatcaGiin1",
				"fatcaGiinApp": true,
				"fatcaGiinType": "fatcaGiinType1",
				"sponsorEntityName": "sponsorEntityName1"
			},
			{
				"fatcaGiin": "fatcaGiin2",
				"fatcaGiinApp": false,
				"fatcaGiinType": "fatcaGiinType2",
				"sponsorEntityName": "sponsorEntityName2"
			}
		],
		"liquidationBankruptcyDate": "10/02/2020",
		"stockListedForeignExchange": "stockList",
		"ftinfos": [
			{
				"noFtin": "noFtin1",
				"foreignTaxId": "foreignTaxId1",
				"foreignCountryOfIssuance": "foreignCountryOfIssuance1"
			},
			{
				"noFtin": "noFtin2",
				"foreignTaxId": "foreignTaxId2",
				"foreignCountryOfIssuance": "foreignCountryOfIssuance2"
			}
		]
	},
	"clientAddresses": [
		{
			"addrType": "$addrType",
			"addrCountry": "$addrCountry",
			"addrProvince": "$addrProvince",
			"addrLocation": "$addrLocation",
			"addrInternalLoc": "$addrInternalLoc",
			"addrLine1": "$addrLine1",
			"addrLine2": "$addrLine2",
			"addrLine3": "$addrLine3",
			"addrLine4": "$addrLine4",
			"addrAttention": "$addrAttention",
			"addrCity": "$addrCity",
			"addrState": "$addrState",
			"addrZipCode": "$addrZipCode",
			"addrZipOverride": "$addrZipOverride",
			"addrPostalCode": "$addrPostalCode"
		}
	],
	"telephoneInformations": [
		{
			"telLabel": "Home Voice 1",
			"telCountryCode": "USA",
			"telFraudAlertFlag": true,
			"telAreaCode": "127",
			"telNumber": "1234567",
			"telExtension": "127",
			"telIntlNo": "9985128411",
			"telNDesc": "Local",
			"telephoneVerified": "Yes"
		},
		{
			"telLabel": "Business Voice 1",
			"telCountryCode": "USA",
			"telFraudAlertFlag": true,
			"telAreaCode": "127",
			"telNumber": "1234567",
			"telExtension": "127",
			"telIntlNo": "9985128411",
			"telNDesc": "Local",
			"telephoneVerified": "Yes"
		}
	],
	"emailAddressInfo": {
		"noEmail": false,
		"emailAddressList": [
			{
				"emailAddress": "santhosh@example.com",
				"emailNotes": "emailNotes",
				"emailPreference": "YES"
			},
			{
				"emailAddress": "shiva@example.com",
				"emailNotes": "emailNotes",
				"emailPreference": "NO"
			},
			{
				"emailAddress": "sirish@example.com",
				"emailNotes": "emailNotes",
				"emailPreference": "NO"
			}
		],
		"emailVerified": "YES"
	},
	"edeliveryInformation": {
		"edeliveryPreference": "Sharath",
		"clientConsents": "Unicorn Broad",
		"faAttestation": "Cob123456"
	},
	"institutionalConsultingInfoList": [
		{
			"contractId": "Broad12345",
			"programId": "UN56",
			"contractRiskProfile": "this is the INSTCONST"
		},
		{
			"contractId": "Broad34567",
			"programId": "UN24",
			"contractRiskProfile": "this is the INSTCONST for Cob"
		}
	],
	"alternateNames": [
		{
			"altNameId": "001",
			"altNameType": "FA Discretionary"
		},
		{
			"altNameId": "122",
			"altNameType": "FA Discretionary"
		},
		{
			"altNameId": "222",
			"altNameType": "Interested Party"
		}
	],
	"relatedClients": [
		{
			"relatedPartyNameId": "FRANK SMITH/001",
			"clientRole": "xy"
		},
		{
			"relatedPartyNameId": "Naresh K/002",
			"clientRole": "Is Represented by"
		}
	],
	"financialInformation": {
		"finInfoSource": "Client Solicitation",
		"annualIncomeRange": "200000-4999999",
		"annualIncome": 300000,
		"liquidAssetsRange": "200000-4999999",
		"liquidAssets": 750000,
		"netWorthRange": "200000-4999999",
		"netWorth": 5222000,
		"percentageOfTotal": "61-80%",
		"financialVerified": "true",
		"investInterest": [
			"Precious Metals",
			"Derivatives"
		],
		"isCountriesOfIncome": "Yes",
		"countriesOfIncome": [
			"Sri Lanka",
			"India"
		],
		"investmentExperienceInfo": {
			"indStocksExp": "5",
			"equitiesExp": {
				"financialValue": "10"
			},
			"bondsExp": {
				"financialValue": ""
			},
			"buyOptionExp": {
				"financialValue": "15"
			},
			"sellOptionExp": {
				"financialValue": "11"
			},
			"futuresExp": {
				"financialValue": ""
			},
			"yrsOfInvestmentAccounts": "7",
			"investmentKnowledge": "I know very little about financial markets and market investments",
			"isInvestmentKnowledgeVerified": "true",
			"firmExperiences": [
				"Merrill Lynch",
				"Charles Schwab"
			],
			"addControlStock": "Yes",
			"isLargeTrader": "Yes",
			"controlStocks": [
				{
					"companyName": "Broadridge",
					"companyCusip": "BRD",
					"companySymbol": "BRDRG",
					"percentageOfOwnership": "20"
				},
				{
					"companyName": "UBS",
					"companyCusip": "UBS",
					"companySymbol": "UBS",
					"percentageOfOwnership": "50"
				}
			],
			"largeTrader": {
				"isSECRegistered": "Yes",
				"isInactive": "No",
				"largeTraderId": "TID34567"
			}
		}
	},
	"estateParties": [
		{
			"executorOrAdminId": "$executorOrAdminIdfrompost"
		},
		{
			"executorOrAdminId": "$executorOrAdminIdfrompost"
		}
	]
}