{
    "clientId": "$clientIdUnique",
    "prefixName": "Dr",
    "firstName": "JonhSon",
    "lastName": "Albert",
    "middleName": "Babu",
    "suffixName": "II",
    "origination": "Referral",
    "originationOther": "Text",
    "relationshipMgmtOrigination": "Client",
    "taxAffiliationInformation": {
        "usAffiliation": true,
        "residentAlien": "Yes",
        "countryOfCitizenship": "USA",
        "province": "NJ",
        "countryOfBirth": "USA",
        "languagePreferenceCards": "France",
        "passportNumber": "J89765432",
        "tin":"$unique",
        "tinTypeApplied": "Yes",
        "tinType": "SSN",
        "taxExempt": "Yes",
        "taxBracket": "15-25%",
        "ftinfos": [
            {
                "noFtin": "Yes",
                "foreignTaxId": "1239908",
                "foreignCountryOfIssuance": "USA"
            },
            {
                "noFtin": "Yes",
                "foreignTaxId": "858598",
                "foreignCountryOfIssuance": "CANADA"
            }
        ]
    },
    "clientAddresses": [
        {
            "mailingAddrPlayback": "",
            "addrType": "Other",
            "addrCountry": "INDIA",
            "addrProvince": "NY1",
            "addrLocation": "NY1",
            "addrInternalLoc": "NEdi",
            "addrLine1": "BSK 2rd stage",
            "addrLine2": "7stcross",
            "addrLine3": "6th block",
            "addrLine4": "Bhuvaneshwarinagar",
            "addrAttention": "Atten",
            "addrCity": "Banaglaore",
            "addrState": "Karnataka",
            "addrZipCode": "560085",
            "addrZipOverride": false,
            "addrPostalCode": "73900"
        },
		{
            "mailingAddrPlayback": "$mailingAddrPlayback",
            "addrType": "$addrType",
            "addrCountry": "$addrCountry",
            "addrProvince": "$addrProvince",
            "addrLocation": "$addrLocation",
            "addrInternalLoc": "$addrInternalLoc",
            "addrLine1": "$addrLine1",
            "addrLine2": "$addrLine1",
            "addrLine3": "$addrLine3",
            "addrLine4": "$addrLine4",
            "addrAttention": "$addrAttention",
            "addrCity": "$addrCity",
            "addrState": "$addrState",
            "addrZipCode": "$addrZipCode",
            "addrZipOverride": "$addrZipOverride",
            "addrPostalCode": "$addrPostalCode"
        }
		
    ],
    "financialInformation": {
        "finInfoSource": "Client Solicitation",
        "annualIncomeRange": "200000-4999999",
        "annualIncome": 300000,
        "liquidAssetsRange": "200001-4999999",
        "liquidAssets": 750000,
        "netWorthRange": "200000-4999999",
        "netWorth": 5222000,
        "percentageOfTotal": "61-80%",
        "financialVerified": "$financialVerified",
        "projRetirementDate": "03-Aug-2018",
        "retirementAssetGoal": 120.12,
        "investInterest": [
            "Precious Metals",
            "Derivatives"
        ],
        "isCountriesOfIncome": "Yes",
        "countriesOfIncome": [
            "Sri Lanka",
            "India"
        ],
        "investmentExperienceInfo": {
            "indStocksExp": "5",
            "equitiesExp": "2",
            "bondsExp": "4",
            "buyOptionExp": "1",
            "sellOptionExp": "3",
            "futuresExp": "6",
            "yrsOfInvestmentAccounts": "7",
            "investmentKnowledge": "I know very little about financial markets and market investments",
            "lastVerificationDate": "01-05-2019",
            "firmExperiences": [
                "Merrill Lynch",
                "Charles Schwab"
            ],
            "addControlStock": "Yes",
            "isLargeTrader": "Yes",
            "controlStocks": [
                {
                    "companyName": "Broadridge",
                    "companyCusip": "BRD",
                    "companySymbol": "BRDRG",
                    "percentageOfOwnership": "20"
                },
                {
                    "companyName": "UBS",
                    "companyCusip": "UBS",
                    "companySymbol": "UBS",
                    "percentageOfOwnership": "30"
                }
            ],
            "largeTrader": {
                "isSECRegistered": "Yes",
                "isInactive": "No",
                "largeTraderId": "TID34567"
            }
        }
    }
    
}