{
	"clientType": "Individual",
	"prefixName": "Dr",
	"firstName": "$firstName",
	"lastName": "$lastName",
	"middleName": "Ankur",
	"suffixName": "II",
	"origination": "referal",
	"originationOther": "Text",
	"relationshipMgmtOrigination": "",
	"taxAffiliationInformation": {
		"usAffiliation": true,
		"residentAlien": "Yes",
		"countryOfCitizenship": "USA",
		"province": "NJ",
		"countryOfBirth": "USA",
		"languagePreferenceCards": "France",
		"passportNumber": "J89765432",
		"tin":"$unique",
		"tinTypeApplied": "Yes",
		"tinType": "SSN",
		"taxExempt": "Yes",
		"taxBracket": "15-25%",
		"ftinfos": [
			{
				"noFtin": "Yes",
				"foreignTaxId": "1239908",
				"foreignCountryOfIssuance": "USA"
			},
			{
				"noFtin": "Yes",
				"foreignTaxId": "858598",
				"foreignCountryOfIssuance": "CANADA"
			}
		]
	},
	"clientAddresses": [
		{
			"addrType": "Mailing",
			"addrCountry": "USA",
			"addrProvince": "Mexico",
			"addrLocation": "NJ",
			"addrInternalLoc": "Edi",
			"addrLine1": "Edison Street",
			"addrLine2": "120A",
			"addrLine3": "eeeeeeeeeeeeeeeeeeee",
			"addrLine4": "ffffffffffffffffffff",
			"addrAttention": "Att",
			"addrCity": "NJCity",
			"addrState": "NJState",
			"addrZipCode": "00983",
			"addrPostalCode": "78900"
		},
		{
			"addrType": "Other",
			"addrCountry": "China",
			"addrProvince": "NJ",
			"addrLocation": "NJ",
			"addrInternalLoc": "Tho",
			"addrLine1": "Thompson Street",
			"addrLine2": "120A",
			"addrLine3": "gggggggggggggggggggggg",
			"addrLine4": "hhhhhhhhhhhhhhhhhhhhhh",
			"addrAttention": "Att",
			"addrCity": "NJCity",
			"addrState": "NJState",
			"addrZipCode": "00345",
			"addrPostalCode": "78900"
		}
	],
	"telephoneInformations": [
		{
			"telLabel": "Home Voice 1",
			"telCountryCode": "USA",
			"telFraudAlertFlag": true,
			"telAreaCode": "127",
			"telNumber":"$telNumber",
			"telExtension": "127",
			"telIntlNo": "9985128411",
			"telNDesc": "Local",
			"telephoneVerified": "Yes"
		},
		{
			"telLabel": "Business Voice 1",
			"telCountryCode": "USA",
			"telFraudAlertFlag": true,
			"telAreaCode": "127",
			"telNumber": "1234567",
			"telExtension": "127",
			"telIntlNo": "9985128411",
			"telNDesc": "Local",
			"telephoneVerified": "Yes"
		}
	],
	"financialInformation": {
		"finInfoSource": "Client Solicitation",
		"annualIncomeRange": "200000-4999999",
		"annualIncome": 300000,
		"liquidAssetsRange": "200000-4999999",
		"liquidAssets": 750000,
		"netWorthRange": "200000-4999999",
		"netWorth": 5222000,
		"percentageOfTotal": "61-80%",
		"financialVerified": "true",
		"projRetirementDate": "03/23/2018",
		"retirementAssetGoal": 120.12,
		"investInterest": [
			""
		],
		"isCountriesOfIncome": "",
		"countriesOfIncome": [
			"",
			""
		],
		"investmentExperienceInfo": {
			"indStocksExp": "6",
			"equitiesExp": {
				"financialValue": "10"
			},
			"bondsExp": {
				"financialValue": ""
			},
			"buyOptionExp": {
				"financialValue": "8"
			},
			"sellOptionExp": {
				"financialValue": "11"
			},
			"futuresExp": {
				"financialValue": ""
			},
			"yrsOfInvestmentAccounts": "7",
			"investmentKnowledge": "I know very little about financial markets and market investments",
			"isInvestmentKnowledgeVerified": "true",
			"lastVerificationDate": "01-05-2019",
			"firmExperiences": [
				"Merrill Lynch",
				"Charles Schwab"
			],
			"addControlStock": "No",
			"isLargeTrader": "No"
		}
	},
	"employmentInfo": {
		"employmentStatus": "Employed",
		"jobFunction": "Secretary",
		"otherOccupation": "",
		"clntBusinessTitle": "Mr",
		"industry": "Technology/Computers",
		"sensitiveIntermediary": "Yes",
		"isSubstantialIncome": "No",
		"isSubstantialConnection": "No",
		"employerName": "CTS",
		"employerAddresses": [
			{
				"mailingAddrPlayback": "",
				"addrType": "Employer Mailing",
				"addrCountry": "UdSA",
				"addrProvince": "NkJ",
				"addrLocation": "NyJ",
				"addrInternalLoc": "Edyi",
				"addrLine1": "CAN Streyet",
				"addrLine2": "1y20A",
				"addrLine3": "eeeeeeeeyeeeeeeeeeeee",
				"addrLine4": "fffffffffffgfffffffff",
				"addrAttention": "Agtt",
				"addrCity": "NJCityy",
				"addrState": "NJStatee",
				"addrZipCode": "009873",
				"addrZipOverride": false,
				"addrPostalCode": "789001"
			},
			{
				"mailingAddrPlayback": "",
				"addrType": "Employer Other",
				"addrCountry": "USA2",
				"addrProvince": "NJd",
				"addrLocation": "NJf",
				"addrInternalLoc": "Thog",
				"addrLine1": "newyorrk Street",
				"addrLine2": "12r0A",
				"addrLine3": "gggfggggggggggggggggggg",
				"addrLine4": "hhhhhshhhhhhhhhhhhhhhhh",
				"addrAttention": "Artt",
				"addrCity": "NJCitya",
				"addrState": "NJStatey",
				"addrZipCode": "003487",
				"addrZipOverride": false,
				"addrPostalCode": "789300"
			}
		]
	},
	"relatedEmployeeInfo": {
		"clientEmployee": true,
		"ubsAffEmployee": "CCC",
		"emplGpinNumber": "12345678",
		"clientRelEmployee": true,
		"ubsAffRelEmployee": "UBS Corporate Center",
		"relEmpEncryptedTin": "987654322",
		"relEmpGpinNumber": "98564321",
		"relatedEmployeeName": "",
		"clientMember": true,
		"memberGpinNumber": "12345678",
		"ubsAffMember": "Financial Advisor",
		"emplRelationship": "Retired Financial Advisor"
	}
}
