{
	"clientType": "Individual",
	"prefixName": "Dr",
	"firstName": "NehaJoshi",
	"lastName": "Albert",
	"middleName": "Babu",
	"suffixName": "II",
	"origination": "Referral",
	"originationOther": "Text",
	"relationshipMgmtOrigination": "Client",
	"taxAffiliationInformation": {
		"usAffiliation": true,
		"residentAlien": "Yes",
		"countryOfCitizenship": "USA",
		"province": "NJ",
		"countryOfBirth": "USA",
		"languagePreferenceCards": "France",
		"passportNumber": "J89765432",
		"tin":"$unique",
		"tinTypeApplied": "Yes",
		"tinType": "SSN",
		"taxExempt": "Yes",
		"taxBracket": "15-25%",
		"ftinfos": [
			{
				"noFtin": "Yes",
				"foreignTaxId": "1239908",
				"foreignCountryOfIssuance": "USA"
			},
			{
				"noFtin": "Yes",
				"foreignTaxId": "858598",
				"foreignCountryOfIssuance": "CANADA"
			}
		]
	},
	"clientAddresses": [
		{
			"addrType": "Mailing",
			"addrCountry": "USA",
			"addrProvince": "NJ",
			"addrLocation": "NJ",
			"addrInternalLoc": "Edi",
			"addrLine1": "Edison Street",
			"addrLine2": "120A",
			"addrLine3": "eeeeeeeeeeeeeeeeeeee",
			"addrLine4": "ffffffffffffffffffff",
			"addrAttention": "Att",
			"addrCity": "NJCity",
			"addrState": "NJState",
			"addrZipCode": "00987",
			"addrPostalCode": "78900"
		}
	],
	"telephoneInformations": [
		{
			"telLabel": "Home Voice 1",
			"telCountryCode": "USA",
			"telFraudAlertFlag": true,
			"telAreaCode": "127",
			"telNumber": "1234567",
			"telExtension": "127",
			"telIntlNo": "9985128411",
			"telNDesc": "Local",
			"telephoneVerified": "Yes"
		}
	],
	"financialInformation": {
		"finInfoSource": "Client Solicitation",
		"annualIncomeRange": "200000-4999999",
		"annualIncome": 300000,
		"liquidAssetsRange": "200000-4999999",
		"liquidAssets": 750000,
		"netWorthRange": "200000-4999999",
		"netWorth": 5222000,
		"percentageOfTotal": "61-80%",
		"financialVerified": "true",
		"projRetirementDate": "$projRetirementDate",
		"retirementAssetGoal": "$int_retirementAssetGoal",
		"investInterest": [
			"Precious Metals",
			"Derivatives"
		],
		"isCountriesOfIncome": "Yes",
		"countriesOfIncome": [
			"Sri Lanka",
			"India"
		],
		"investmentExperienceInfo": {
			"indStocksExp": "5",
			"equitiesExp": {
				"financialValue": "10"
			},
			"bondsExp": {
				"financialValue": ""
			},
			"buyOptionExp": {
				"financialValue": "15"
			},
			"sellOptionExp": {
				"financialValue": "11"
			},
			"futuresExp": {
				"financialValue": ""
			},
			"yrsOfInvestmentAccounts": "7",
			"investmentKnowledge": "I know very little about financial markets and market investments",
			"isInvestmentKnowledgeVerified": "true",
			"lastVerificationDate": "01-05-2019",
			"firmExperiences": [
				"Merrill Lynch",
				"Charles Schwab"
			],
			"addControlStock": "No",
			"isLargeTrader": "No"
		}
	},
	"employmentInfo": {
		"employmentStatus": "Employed",
		"jobFunction": "Secretary",
		"otherOccupation": "",
		"clntBusinessTitle": "Mr",
		"industry": "Technology/Computers",
		"sensitiveIntermediary": "Yes",
		"isSubstantialIncome": "No",
		"isSubstantialConnection": "No",
		"employerName": "CTS",
		"employerAddresses": [
			{
				"mailingAddrPlayback": "",
				"addrType": "Employer Mailing",
				"addrCountry": "UdSA",
				"addrProvince": "NkJ",
				"addrLocation": "NyJ",
				"addrInternalLoc": "Edyi",
				"addrLine1": "CAN Streyet",
				"addrLine2": "1y20A",
				"addrLine3": "eeeeeeeeyeeeeeeeeeeee",
				"addrLine4": "fffffffffffgfffffffff",
				"addrAttention": "Agtt",
				"addrCity": "NJCityy",
				"addrState": "NJStatee",
				"addrZipCode": "009873",
				"addrZipOverride": false,
				"addrPostalCode": "789001"
			},
			{
				"mailingAddrPlayback": "",
				"addrType": "Employer Other",
				"addrCountry": "USA2",
				"addrProvince": "NJd",
				"addrLocation": "NJf",
				"addrInternalLoc": "Thog",
				"addrLine1": "newyorrk Street",
				"addrLine2": "12r0A",
				"addrLine3": "gggfggggggggggggggggggg",
				"addrLine4": "hhhhhshhhhhhhhhhhhhhhhh",
				"addrAttention": "Artt",
				"addrCity": "NJCitya",
				"addrState": "NJStatey",
				"addrZipCode": "003487",
				"addrZipOverride": false,
				"addrPostalCode": "789300"
			}
		]
	},
	"relatedEmployeeInfo": {
		"clientEmployee": true,
		"ubsAffEmployee": "UBS America",
		"emplGpinNumber": "12345678",
		"clientRelEmployee": true,
		"ubsAffRelEmployee": "UBS Corporate Center",
		"relEmpEncryptedTin": "123456789",
		"relEmpGpinNumber": "12345678",
		"relatedEmployeeName": "Financial Advisor",
		"clientMember": true,
		"memberGpinNumber": "12345677",
		"ubsAffMember": "Financial Advisor",
		"emplRelationship": "Retired Financial Advisor"
	},
	"personalInformation": {
		"aka": "InformalName",
		"akaVerified": true,
		"dateOfBirth": "12/02/2004",
		"dateOfDeath": "12/02/2004",
		"gender": "Male",
		"isOwnRent": "O",
		"maritalStatus": "Married",
		"isSecRegistered": "Y",
		"swSecurityQuestion1": "Q1",
		"swSecurityQuestion2": "Q2",
		"swSecurityAnswer1": "A1",
		"swSecurityAnswer2": "A2",
		"spouseClientId": ""
	},
	"alternateNames": [
		{
			"altNameId": "aaa/001",
			"altNameType": "FA Discretionary"
		},
		{
			"altNameId": "bbb/122",
			"altNameType": "FA Discretionary"
		},
		{
			"altNameId": "222",
			"altNameType": "Interested Party"
		}
	],
	"relatedClients": [
		{
			"relatedPartyNameId": "FRANK SMITH/001",
			"clientRole": "xy"
		},
		{
			"relatedPartyNameId": "Naresh K/002",
			"clientRole": "Is Represented by"
		}
	]
}
