{
	"clientId": "$clientidfrompost",
	"clientType": "$clientType",
	"businessName1": "$businessName1frompost",
	"businessName2": "$businessName2",
	"businessName3": "$businessName3",
	"origination": "$origination",
	"originationOther": "$originationOther",
	"relationshipMgmtOrigination": "$relationshipMgmtOrigination",
	"companyStructure": {
		"orgStructure":"$orgStructure",
		"llcTaxTreatment": "$llcTaxTreatment",
		"orgEstablishedOnDate": "$orgEstablishedOnDate",
		"isPubliclyListed": "$isPubliclyListed",
		"exchange": "$exchange",
		"tickerSymbol":"$tickerSymbol",
		"isForProfit": "$isForProfit",
		"isIncorporated": "$isIncorporated",
		"industryGroup": "$industryGroup",
		"industrySector": "$industrySector",
		"industrySubsector": "$industrySubsector",
		"sensitiveIntermediary": "$sensitiveIntermediary",
		"substantialIncome": "$substantialIncome",
		"substantialConnection": "$substantialConnection",
		"reportingIndustry": "$reportingIndustry",
		"captiveInsQ1": "$captiveInsQ1",
		"captiveInsQ2": "$captiveInsQ2"
	},
	"taxAffiliationInformation": {
		"usAffiliation": "$usAffiliation",
		"puertoRicoClass": "$puertoRicoClass",
		"imyFlag": "$imyFlag",
		"qddFlag": "$qddFlag",
		"taxTreatyClaimType": "$taxTreatyClaimType",
		"otherTaxTreatyClaimType": "$otherTaxTreatyClaimType",
		"stateOfIncorporation": "$stateOfIncorporation",
		"countryOfCitizenship": "$countryOfCitizenship",
		"province": "$province",
		"countryOfBirth": "$countryOfBirth",
		"languagePreferenceCards": "$languagePreferenceCards",
		"passportNumber": "$passportNumber",
		"tin": "$tin",
		"tinTypeApplied": "$tinTypeApplied",
		"tinType": "$tinType",
		"taxExempt": "$taxExempt",
		"taxBracket": "$taxBracket",
		"superTaxExempt": "$superTaxExempt",
		"superTaxOverride": "$superTaxOverride",
		"fatcaStructure": "$fatcaStructure",
		"giinList" : [
                                                {
                                                "fatcaGiin" : "123456.34561.AA.123",
                                                "fatcaGiinApp" :true,
                                                "fatcaGiinType" : "fatcaGiinType1",
                                                "sponsorEntityName" : "sponsorEntityName1"
                                                },
                                                {
                                                "fatcaGiin" : "123456.34561.AA.121",
                                                "fatcaGiinApp" :false,
                                                "fatcaGiinType" : "fatcaGiinType2",
                                                "sponsorEntityName" : "sponsorEntityName2"
                                                }
                                ],
		"liquidationBankruptcyDate": "$liquidationBankruptcyDate",
		"stockListedForeignExchange": "$stockListedForeignExchange",
		"ftinfos": [
			{
				"noFtin": "$noFtin",
				"foreignTaxId": "$foreignTaxId",
				"foreignCountryOfIssuance": "$foreignCountryOfIssuance"
			},
			{
				"noFtin": "$noFtin",
				"foreignTaxId": "$foreignTaxId",
				"foreignCountryOfIssuance": "$foreignCountryOfIssuance"
			}
		]
	},
	"telephoneInformations": [
		{
			"telLabel": "$telLabel",
			"telCountryCode": "$telCountryCode",
			"telFraudAlertFlag": "true",
			"telAreaCode": "$telAreaCode",
			"telNumber": "$telNumber",
			"telExtension": "$telExtension",
			"telIntlNo": "$telIntlNo",
			"telNDesc": "$telNDesc",
			"telephoneVerified": "$telephoneVerified"
		},
		{
			"telLabel": "$telLabel",
			"telCountryCode": "$telCountryCode",
			"telFraudAlertFlag": "true",
			"telAreaCode": "$telAreaCode",
			"telNumber": "$telNumber",
			"telExtension": "$telExtension",
			"telIntlNo": "$telIntlNo",
			"telNDesc": "$telNDesc",
			"telephoneVerified": "$telephoneVerified"
		}
	],
	"emailAddressInfo": {
		"noEmail": "$noEmail",
		"emailAddressList": [
			{
				"emailAddress": "$emailAddress",
				"emailNotes": "$emailNotes",
				"emailPreference": "$emailPreference"
			}
		],
		"emailVerified": "$emailVerified"
	},
	"edeliveryInformation": {
		"edeliveryPreference": "$edeliveryPreference",
		"clientConsents": "$clientConsents",
		"faAttestation": "$faAttestation"
	},
	"alternateNames": [
		{
			"altNameId": "$altNameId",
			"altNameType": "$altNameType"
		}
	],
	"relatedClients": [
		{
			"relatedClntName": "$relatedClntName",
			"relatedClntId": "$relatedClntId",
			"clientRole": "$clientRole"
		}
	],
	"companyRelationships": {
		"secretaryOfficerInfos": [
			{
				"secOfficerNameId": "$secOfficerNameId",
				"secOfficerRole": "$secOfficerRole",
				"secAuthorized": "$secAuthorized",
				"secTitle": "$secTitle"
			},
			{
				"secOfficerNameId": "$secOfficerNameId",
				"secOfficerRole": "$secOfficerRole",
				"secAuthorized": "true",
				"secTitle": "$secTitle"
			}
		],
		"officersInformation": [
			{
				"officerNameId": "$officerNameId",
				"officerRole": "$officerRole",
				"authorised": "$authorised",
				"title": "$title",
				"controlPerson": "$controlPerson"
			},
			{
				"officerNameId": "$officerNameId",
				"officerRole": "$officerRole",
				"authorised": "$authorised",
				"title": "$title",
				"controlPerson": "$controlPerson"
			}
		]
	},
	"institutionalConsultingInfoList": [
		{
			"contractId": "$contractId",
			"programId": "$programId",
			"contractRiskProfile": "$contractRiskProfile"
		},
		{
			"contractId": "$contractId",
			"programId": "$programId",
			"contractRiskProfile": "$contractRiskProfile"
		}
	],
	"financialInformation": {
		"finInfoSource": "$finInfoSource",
		"annualIncomeRange": "$annualIncomeRange",
		"annualIncome": "$annualIncome",
		"annualBusinessRange": "$annualBusinessRange",
		"annualBusinessActual": "$annualBusinessActual",
		"liquidAssetsRange": "$liquidAssetsRange",
		"liquidAssets": "$liquidAssets",
		"netWorthRange": "$netWorthRange",
		"netWorth": "$netWorth",
		"percentageOfTotal": "$percentageOfTotal",
		"financialVerified": "$financialVerified",
		"fiscalYearEndMM": "$fiscalYearEndMM",
		"totalEmployees": "$totalEmployees",
		"investInterest": [
			"Precious metal",
			"Other",
			"Energy Stocks",
			"Financial Stocks"
		],
		"investmentExperienceInfo": {
			"indStocksExp": "$indStocksExp",
			"equitiesExp": {
				"financialValue": "$financialValue"
			},
			"bondsExp": {
				"financialValue": "$financialValue"
			},
			"buyOptionExp": {
				"financialValue": "$financialValue"
			},
			"sellOptionExp": {
				"financialValue": "$financialValue"
			},
			"futuresExp": {
				"financialValue": "$financialValue"
			},
			"yrsOfInvestmentAccounts": "$yrsOfInvestmentAccounts",
			"investmentKnowledge": "$investmentKnowledge",
			"isInvestmentKnowledgeVerified": "$isInvestmentKnowledgeVerified",
			"lastVerificationDate": "$lastVerificationDate",
			"firmExperiences": [
				"Merrill Lynch",
				"Charles Schwab"
			],
			"addControlStock": "$addControlStock",
			"isLargeTrader": "$isLargeTrader"
		}
	},
	"clientAddresses": [
		{
			"mailingAddrPlayback": "$mailingAddrPlayback",
			"addrType": "$addrType",
			"addrCountry": "$addrCountry",
			"addrProvince": "$addrProvince",
			"addrLocation": "$addrLocation",
			"addrInternalLoc": "$addrInternalLoc",
			"addrLine1": "$addrLine1",
			"addrLine2": "$addrLine2",
			"addrLine3": "$addrLine3",
			"addrLine4": "$addrLine4",
			"addrAttention": "$addrAttention",
			"addrCity": "$addrCity",
			"addrState": "$addrState",
			"addrZipCode": "$addrZipCode",
			"addrZipOverride": "$addrZipOverride",
			"addrPostalCode": "$addrPostalCode"
		},
		{
			"mailingAddrPlayback": "$mailingAddrPlayback",
			"addrType": "$addrType",
			"addrCountry": "$addrCountry",
			"addrProvince": "$addrProvince",
			"addrLocation": "$addrLocation",
			"addrInternalLoc": "$addrInternalLoc",
			"addrLine1": "$addrLine1",
			"addrLine2": "$addrLine2",
			"addrLine3": "$addrLine3",
			"addrLine4": "$addrLine4",
			"addrAttention": "$addrAttention",
			"addrCity": "$addrCity",
			"addrState": "$addrState",
			"addrZipCode": "$addrZipCode",
			"addrZipOverride": "$addrZipOverride",
			"addrPostalCode": "$addrPostalCode"
		}
	]
}