{
	"orgBasicInfo" :  
      {
                "businessName1" : "$businessName1Unique",
                "businessName2" : "businessName2",
                "businessName3" : "businessName3",
                "origination" : "$originationUnique",
                "originationOther" : "originationOther",
                "relationshipMgmtOrigination" : "relationshipMgmtOrigination"
      },
                "orgCoStructure" :
      {
                "orgStructure" : "orgStructure",
                "llcTaxTreatment" : "llcTaxTreatment",
                "orgEstablishedOnDate" : "orgEstablishedOnDate",
                "isPubliclyListed" : "isPubliclyListed",
        "exchange" : "exchange",
        "tickerSymbol" : "tickerSymbol",
        "isForProfit" : "isForProfit",
        "isIncorporated" : "isIncorporated",
        "industryGroup" : "industryGroup",
        "industrySector" : "industrySector",
        "industrySubsector" : "industrySubsector",
        "sensitiveIntermediary" : "true",
        "isSubstantialIncome" : "true",
        "isSubstantialConnection" : "true",
        "reportingIndustry" : "reportingIndustry",
        "captiveInsQ1" : "true",
        "captiveInsQ2" : "false"
      },
    "orgTaxAffiliationInfo" :
      {
                                "usAffiliation" : "true",
                                "puertoRicoClass" : "true",
                                "imyFlag" : "true",
                                "qddFlag" : "true",
                                "taxTreatyClaimType" : "taxTreatyClaimType",
                                "otherTaxTreatyClaimType" : "otherTaxTreatyClaimType",
                                "stateOfIncorporation" : "Alabama",
                                "countryOfCitizenship" : "USA",
                                "province" : "NJ",
                                "countryOfBirth" : "USA",
                                "languagePreferenceCards" : "France",
                                "passportNumber" : "J567899",
                                "tin" : "$tin",
                                "tinTypeApplied" : "$tinTypeApplied",
                                "tinType" : "$tinType",
                                "taxExempt" : "Yes",
                                "taxBracket" : "16-25%",
                                "superTaxExempt" : "Yes",
                                "superTaxOverride" : "true",
                                "fatcaStructure" : "fatcaStructure",
                                "giinList" : [
                                                {
                                                "fatcaGiin" : "123456",
                                                "fatcaGiinApp" : "true",
                                                "fatcaGiinType" : "A",
                                                "sponsorEntityName" : "sponsor1"
                                                },
                                                {
                                                "fatcaGiin" : "78903",
                                                "fatcaGiinApp" : "true",
                                                "fatcaGiinType" : "Sponsor",
                                                "sponsorEntityName" : "sponsor2"
                                                }
                                ],
                                "liquidationBankruptcyDate" : "28/05/2019",
                                "stockListedForeignExchange" : "ForeignExchange",
                                "ftInfoList" : [
                                                {
                                                "noFtin" : "Yes",
                                                "foreignTaxId" : "45678",
                                                "foreignCountryOfIssuance" : "CANADA"
                                                },
                                                {
                                                "noFtin" : "Yes",
                                                "foreignTaxId" : "56788",
                                                "foreignCountryOfIssuance" : "CANADA"
                                                }
                                ]
                },
     "orgPhoneList" : [
                                {
                                                "telLabel":"Home Voice 1",
                                                "telCountryCode":"USA",
                                                "telFraudAlertFlag": "true",
                                                "telAreaCode":"127",
                                                "telNumber":"1234567",
                                                "telExtension":"127",
                                                "telIntlNo":"9985128411",
                                                "telNDesc":"Local",
                                                "telephoneVerified":"true"
                                },
                                {
                                                "telLabel":"Home Voice 2",
                                                "telCountryCode":"USA",
                                                "telFraudAlertFlag":false,
                                                "telAreaCode":"127",
                                                "telNumber":"1234567",
                                                "telExtension":"127",
                                                "telIntlNo":"9985128411",
                                                "telNDesc":"Local",
                                                "telephoneVerified":"false"
                                }
                ],
    "orgEmailAdressInfo": {
        "noEmail": false,
        "emailAddressList": [
            {
                "emailAddress": "santhosh@example.com",
                "emailNotes": "emailNotes",
                "emailPreference": "YES"
            },
            {
                "emailAddress": "shiva@example.com",
                "emailNotes": "emailNotes",
                "emailPreference": "NO"
            },
            {
                "emailAddress": "sirish@example.com",
                "emailNotes": "emailNotes",
                "emailPreference": "NO"
            }
        ],
        "emailVerified": "false"
    },
    "orgEdeliveryInformation": {
    							 "edeliveryPreference" :"broadridge",
                                "clientConsents" :"Unicorn",
                                "faAttestation" : "Cob123"
    },
    "alternateNames": [
        {
            "altNameId": "007",
            "altNameType": "FA Discretionary"
        },
        {
            "altNameId": "005",
            "altNameType": "XXX Party"
        },
        {
            "altNameId": "001",
            "altNameType": "Interested Party"
        }
    ],
    "relatedClients": [
        {
            "relatedClntName": "FRANK SMITH",
            "relatedClntId": "001",
            "clientRole": "Is Life Tenant For"
        },
        {
            "relatedClntName": "Naresh K",
            "relatedClntId": "002",
            "clientRole": "Is Represented by"
        }
    ],
        "companyRelationships": {
        "secretaryOfficerInfos": [
            {
                "secOfficerNameId": "aaa4567890/12345678901234567890007",
                "secOfficerRole": "Director",
                "secAuthorized": true,
                "secTitle": "VP"
            },
            {
                "secOfficerNameId": "bbb / 001",
                "secOfficerRole": "Sr.Director",
                "secAuthorized": true,
                "secTitle": "CEO"
            }
        ],
		"officersInformation": [
            {
                "officerNameId": "Srini / 11111",
                "officerRole": "MGR",
                "authorised": false,
                "title": "srini@example.com",
                "controlPerson": false
            },
            {
                "officerNameId": "Brahma / 22222",
                "officerRole": "SR-MGR",
                "authorised": true,
                "title": "brahma@example.com",
                "controlPerson": true
            }
        ]
    },    
   "institutionalConsultingInfoList":[
                                {
                                                "contractId": "Broad12",
                                                "programId": "UNI456",
                                                "contractRiskProfile":"this is the INSTCONST"
                                },
                                {
                                                "contractId": "Broad34",
                                                "programId": "UNI324",
                                                "contractRiskProfile":"this is the INSTCONST for Cob"
                                }
                ],
                "orgFinancialInfo": {
                                  "finInfoSource":"ClientSoliciation",
                                  "annualIncomeRange":200000,
                                  "annualIncome":300000,
                                  "annualBusinessRange":99999,
                                  "annualBusinessActual":50000,
                                  "liquidAssetsRange":1000000,
                                  "liquidAssets":400000,
                                  "netWorthRange":4999999,
                                  "netWorth":400000,
                                  "percentageOfTotal":"55",
                                  "financialVerified":"NO",
                                  "fiscalYearEndMM":"05061986",
                                  "totalEmployees":"10000",
                                  "investInterest": [
                                "Precious metal",
                                "Other",
                                "Energy Stocks",
                                "Financial Stocks"
                ],
          "investmentExperienceInfo": {
      "indStocksExp": "5",
      "equitiesExp": {
        "financialKey": "E",
        "financialValue": "10",
        "userId": "TID34567",
        "date": "2019-05-30"
      },
      "bondsExp": {
        "financialKey": "B",
        "financialValue": "6",
        "userId": "TID34567",
        "date": "2019-05-30"
      },
      "buyOptionExp": {
        "financialKey": "Y",
        "financialValue": "9",
        "userId": "TID34567",
        "date": "2019-05-30"
      },
      "sellOptionExp": {
        "financialKey": "L",
        "financialValue": "4",
        "userId": "TID34567",
        "date": "2019-05-30"
      },
      "futuresExp": {
        "financialKey": "C",
        "financialValue": "8",
        "userId": "TID34567",
        "date": "2019-05-30"
      },      
      "yrsOfInvestmentAccounts": "7",
      "investmentKnowledge": "I know very little about financial markets and market investments",
      "isInvestmentKnowledgeVerified": "true",
      "lastVerificationDate": "01-05-2019",
      "firmExperiences": [
        "Merrill Lynch",
        "Charles Schwab"
      ],
      "addControlStock": "No",
      "isLargeTrader": "No"
    }
                },
                "clientAddresses":[
                {
                                                "mailingAddrPlayback" : "mailingAddrPlayback1",
                                                "addrType":"Mailing",
                                                "addrCountry":"addrCountry1",
                                                "addrProvince":"addrProvince1",
                                                "addrLocation":"addrLocation1",
                                                "addrInternalLoc":"addrInternalLoc1",
                                                "addrLine1":"addrLine1",
                                                "addrLine2":"addrLine2",
                                                "addrLine3":"addrLine3",
                                                "addrLine4":"addrLine4",
                                                "addrAttention":"addrAttention1",
                                                "addrCity":"addrCity1",
                                                "addrState":"addrState1",
                                                "addrZipCode":"addrZipCode1",
                                                "addrZipOverride":"true",
                                                "addrPostalCode" : "addrPostalCode1"
                },
                 {
            "mailingAddrPlayback": "mailingAddrPlayback1",
            "addrType": "Mailing",
            "addrCountry": "addrCountry1",
            "addrProvince": "addrProvince1",
            "addrLocation": "addrLocation1",
            "addrInternalLoc": "addrInternalLoc1",
            "addrLine1": "addrLine1",
            "addrLine2": "addrLine2",
            "addrLine3": "addrLine3",
            "addrLine4": "addrLine4",
            "addrAttention": "addrAttention1",
            "addrCity": "addrCity1",
            "addrState": "addrState1",
            "addrZipCode": "addrZipCode1",
            "addrZipOverride": true,
            "addrPostalCode": "addrPostalCode1"
        }]
}