{
    "orgBasicInfo" :  
      {
      	"businessName1" : "$businessName1",
      	"businessName2" : "$businessName2",
      	"businessName3" : "$businessName3",
      	"origination" : "$origination",
      	"originationOther" : "$originationOther",
      	"relationshipMgmtOrigination" : "$relationshipMgmtOrigination"
      },
	"orgCoStructure" :
      {
      	"orgStructure" : "orgStructure",
      	"llcTaxTreatment" : "llcTaxTreatment",
      	"orgEstablishedOnDate" : "orgEstablishedOnDate",
      	"isPubliclyListed" : "isPubliclyListed",
        "exchange" : "exchange",
        "tickerSymbol" : "tickerSymbol",
        "isForProfit" : "isForProfit",
        "isIncorporated" : "isIncorporated",
        "industryGroup" : "industryGroup",
        "industrySector" : "industrySector",
        "industrySubsector" : "industrySubsector",
        "sensitiveIntermediary" : "true",
        "isSubstantialIncome" : "true",
        "isSubstantialConnection" : "true",
        "reportingIndustry" : "reportingIndustry",
        "captiveInsQ1" : "true",
        "captiveInsQ2" : "true"
      },
    "orgTaxAffiliationInfo" :
      {
		"usAffiliation" : "true",
		"puertoRicoClass" : "true",
		"imyFlag" : "true",
		"qddFlag" : "true",
		"taxTreatyClaimType" : "taxTreatyClaimType",
		"otherTaxTreatyClaimType" : "otherTaxTreatyClaimType",
		"stateOfIncorporation" : "stateOfIncorporation",
		"countryOfCitizenship" : "countryOfCitizenship",
		"province" : "province",
		"countryOfBirth" : "countryOfBirth",
		"languagePreferenceCards" : "languagePreferenceCards",
		"passportNumber" : "passportNumber",
		"tin" : "09707532",
		"tinTypeApplied" : "tinTypeApplied",
		"tinType" : "tinType",
		"taxExempt" : "taxExempt",
		"taxBracket" : "taxBracket",
		"superTaxExempt" : "superTaxExempt",
		"superTaxOverride" : "true",
		"fatcaStructure" : "fatcaStructure",
		"giinList" : [
			{
			"fatcaGiin" : "fatcaGiin1",
			"fatcaGiinApp" : "true",
			"fatcaGiinType" : "fatcaGiinType1",
			"sponsorEntityName" : "sponsorEntityName1"
			},
			{
			"fatcaGiin" : "fatcaGiin2",
			"fatcaGiinApp" : "false",
			"fatcaGiinType" : "fatcaGiinType2",
			"sponsorEntityName" : "sponsorEntityName2"
			}
		],
		"liquidationBankruptcyDate" : "liquidationBankruptcyDate",
		"stockListedForeignExchange" : "stockListedForeignExchange",
		"ftInfoList" : [
			{
			"noFtin" : "noFtin1",
			"foreignTaxId" : "foreignTaxId1",
			"foreignCountryOfIssuance" : "foreignCountryOfIssuance1"
			},
			{
				"noFtin" : "noFtin2",
			"foreignTaxId" : "foreignTaxId2",
			"foreignCountryOfIssuance" : "foreignCountryOfIssuance2"
			}
		]
	},
    "orgPhoneList" : [
		{
			"telLabel":"Home Voice 1",
			"telCountryCode":"USA",
			"telFraudAlertFlag": "true",
			"telAreaCode":"127",
			"telNumber":"1234567",
			"telExtension":"127",
			"telIntlNo":"9985128411",
			"telNDesc":"Local",
			"telephoneVerified":"true"
		},
		{
			"telLabel":"Home Voice 2",
			"telCountryCode":"USA",
			"telFraudAlertFlag":false,
			"telAreaCode":"127",
			"telNumber":"1234567",
			"telExtension":"127",
			"telIntlNo":"9985128411",
			"telNDesc":"Local",
			"telephoneVerified":"false"
		}
	],
    "orgEmailAdressInfo": {
        "noEmail": true,
        "emailAddressList": [
            {
                "emailAddress": "santhosh@example.com",
                "emailNotes": "emailNotes",
                "emailPreference": "YES"
            },
            {
                "emailAddress": "shiva@example.com",
                "emailNotes": "emailNotes",
                "emailPreference": "NO"
            },
            {
                "emailAddress": "sirish@example.com",
                "emailNotes": "emailNotes",
                "emailPreference": "NO"
            }
        ],
        "emailVerified": "false"
    },
    "orgEDeliveryInformation": {
        "eDeliveryPreference" :"broadridge",
	"cLientConsents" :"Unicorn",
	"fAAttestation" : "Cob123"
    },
    "investmentExperienceInformation": {
        "indStocksExp": "5",
        "equitiesExp": "2",
        "bondsExp": "4",
        "buyOptionExp": "1",
        "sellOptionExp": "3",
        "futuresExp": "6",
        "yrsOfInvestmentAccounts": "7",
        "investmentKnowledge": "I know very little about financial markets and market investments",
        "isInvestmentKnowledgeVerified": "false",
        "lastVerificationDate": "01-05-2019",
        "firmExperiences": [
            "Merrill Lynch",
            "Charles Schwab"
        ],
        "addControlStock": "Yes",
        "isLargeTrader": "Yes",
        "controlStocks": [
            {
                "companyName": "Broadridge",
                "companyCusip": "BRD",
                "companySymbol": "BRDRG",
                "percentageOfOwnership": "20"
            }
        ],
        "largeTrader": {
            "isLargeTrader": "",
            "isSECRegistered": "Yes",
            "isInactive": "No",
            "largeTraderId": "TID34567"
        }
    },
    "alternateNames": [
        {
            "altNameId": "007",
            "altNameType": "FA Discretionary"
        },
        {
            "altNameId": "005",
            "altNameType": "XXX Party"
        },
        {
            "altNameId": "001",
            "altNameType": "Interested Party"
        }
    ],
    "relatedClients": [
        {
            "relatedClntName": "FRANK SMITH",
            "relatedClntId": "001",
            "clientRole": "Is Life Tenant For"
        },
        {
            "relatedClntName": "Naresh K",
            "relatedClntId": "002",
            "clientRole": "Is Represented by"
        }
    ],
   "institutionalConsultingInfoList":
	[{
	"contractId": "Broad12",
	"programId": "UNI456",
	"contractRiskProfile":"this is the INSTCONST"
	},
	{
	"contractId": "Broad34",
	"programId": "UNI324",
	"contractRiskProfile":"this is the INSTCONST for Cob"
	}
	],
"orgFinancialInfo": {
  "finInfoSource":"ClientSoliciation",
  "annualIncomeRange":200000,
  "annualIncome":300000,
  "annualBusinessRange":99999,
  "annualBusinessActual":50000,
  "liquidAssetsRange":1000000,
  "liquidAssets":400000,
  "netWorthRange":4999999,
  "netWorth":400000,
  "percentageOfTotal":"55",
  "financialVerified":"NO",
  "fiscalYearEndMM":"05061986",
  "totalEmployees":"10000",
  "investInterest": [
 "Precious metal",
 "Other",
 "Energy Stocks",
 "Financial Stocks"
 ]},
"clientAddresses":[
      	{
			"mailingAddrPlayback" : "mailingAddrPlayback1",
			"addrType":"Mailing",
			"addrCountry":"addrCountry1",
			"addrProvince":"addrProvince1",
			"addrLocation":"addrLocation1",
			"addrInternalLoc":"addrInternalLoc1",
			"addrLine1":"addrLine1",
			"addrLine2":"addrLine2",
			"addrLine3":"addrLine3",
			"addrLine4":"addrLine4",
			"addrAttention":"addrAttention1",
			"addrCity":"addrCity1",
			"addrState":"addrState1",
			"addrZipCode":"addrZipCode1",
			"addrZipOverride":"true",
			"addrPostalCode" : "addrPostalCode1"
		}]
}
