{
	"orgBasicInfo": {
		"businessName1": "$businessName1Unique",
		"businessName2": "businessName2",
		"businessName3": "businessName3",
		"origination": "$originationUnique",
		"originationOther": "originationOther",
		"relationshipMgmtOrigination": "relationshipMgmtOrigination"
	},
	"orgCoStructure": {
		"orgStructure": "orgStructure",
		"llcTaxTreatment": "llcTaxTreatment",
		"orgEstablishedOnDate": "orgEstablishedOnDate",
		"isPubliclyListed": "isPubliclyListed",
		"exchange": "exchange",
		"tickerSymbol": "tickerSymbol",
		"isForProfit": "isForProfit",
		"isIncorporated": "isIncorporated",
		"industryGroup": "industryGroup",
		"industrySector": "industrySector",
		"industrySubsector": "industrySubsector",
		"sensitiveIntermediary": "true",
		"isSubstantialIncome": "true",
		"isSubstantialConnection": "true",
		"reportingIndustry": "reportingIndustry",
		"captiveInsQ1": "true",
		"captiveInsQ2": "false"
	},
	"orgTaxAffiliationInfo": {
		"usAffiliation": "true",
		"puertoRicoClass": "true",
		"imyFlag": "true",
		"qddFlag": "true",
		"taxTreatyClaimType": "taxTreatyClaimType",
		"otherTaxTreatyClaimType": "otherTaxTreatyClaimType",
		"stateOfIncorporation": "stateOfIncorporation",
		"countryOfCitizenship": "countryOfCitizenship",
		"province": "province",
		"countryOfBirth": "countryOfBirth",
		"languagePreferenceCards": "languagePreferenceCards",
		"passportNumber": "passportNumber",
		"tin":"$unique",
		"tinTypeApplied": "tinTypeApplied",
		"tinType": "tinType",
		"taxExempt": "taxExempt",
		"taxBracket": "taxBracket",
		"superTaxExempt": "superTaxExempt",
		"superTaxOverride": "true",
		"fatcaStructure": "fatcaStructure",
		"giinList": [
			{
				"fatcaGiin": "fatcaGiin2",
				"fatcaGiinApp": "false",
				"fatcaGiinType": "fatcaGiinType2",
				"sponsorEntityName": "sponsorEntityName2"
			}
		],
		"liquidationBankruptcyDate": "liquidationBankruptcyDate",
		"stockListedForeignExchange": "stockListedForeignExchange",
		"ftInfoList": {
			"noFtin": "noFtin1",
			"foreignTaxId": "foreignTaxId1",
			"foreignCountryOfIssuance": "foreignCountryOfIssuance1"
		}
	},
	"orgFinancialInfo": {
		"finInfoSource": "$finInfoSource",
		"annualIncomeRange": "$annualIncomeRange",
		"annualIncome": "$annualIncome",
		"annualBusinessRange": 50000,
		"annualBusinessActual": 2740000,
		"liquidAssetsRange": "$int_liquidAssetsRange",
		"liquidAssets": "$int_liquidAssets",
		"netWorthRange": "$int_netWorthRange",
		"netWorth": "$int_netWorth",
		"percentageOfTotal": "$percentageOfTotal",
		"financialVerified": "$financialVerified",
		"fiscalYearEndMM": "$fiscalYearEndMM",
		"totalEmployees": "$totalEmployees",
		"investInterest": "$investInterest",
		"investmentExperienceInformation": {
			"indStocksExp": "5",
			"equitiesExp": "2",
			"bondsExp": "4",
			"buyOptionExp": "1",
			"sellOptionExp": "3",
			"futuresExp": "6",
			"yrsOfInvestmentAccounts": "7",
			"investmentKnowledge": "I know very little about financial markets and market investments",
			"isInvestmentKnowledgeVerified": "false",
			"lastVerificationDate": "01-05-2019",
			"firmExperiences": [
				"Merrill Lynch",
				"Charles Schwab"
			],
			"addControlStock": "Yes",
			"isLargeTrader": "Yes",
			"controlStocks": [
				{
					"companyName": "Broadridge",
					"companyCusip": "BRD",
					"companySymbol": "BRDRG",
					"percentageOfOwnership": "20"
				},
				{
					"companyName": "UBS",
					"companyCusip": "UBS",
					"companySymbol": "UBS",
					"percentageOfOwnership": "50"
				}
			],
			"lemId": "008",
			"largeTrader": {
				"isSECRegistered": "Yes",
				"isInactive": "No",
				"largeTraderId": "TID34567"
			}
		}
	}
}