{
	"orgBasicInfo": {
		"businessName1": "$businessName1Unique",
		"businessName2": "businessName2",
		"businessName3": "businessName3",
		"origination": "$originationUnique",
		"originationOther": "originationOther",
		"relationshipMgmtOrigination": "relationshipMgmtOrigination"
	},
	"orgTaxAffiliationInfo": {
		"usAffiliation": "true",
		"puertoRicoClass": "true",
		"imyFlag": "true",
		"qddFlag": "true",
		"taxTreatyClaimType": "taxTreatyClaimType",
		"otherTaxTreatyClaimType": "otherTaxTreatyClaimType",
		"stateOfIncorporation": "stateOfIncorporation",
		"countryOfCitizenship": "countryOfCitizenship",
		"province": "province",
		"countryOfBirth": "countryOfBirth",
		"languagePreferenceCards": "languagePreferenceCards",
		"passportNumber": "passportNumber",
		"tin":"$unique",
		"tinTypeApplied": "tinTypeApplied",
		"tinType": "tinType",
		"taxExempt": "taxExempt",
		"taxBracket": "taxBracket",
		"superTaxExempt": "superTaxExempt",
		"superTaxOverride": "true",
		"fatcaStructure": "fatcaStructure",
		"giinList": [
			{
				"fatcaGiin": "fatcaGiin1",
				"fatcaGiinApp": "true",
				"fatcaGiinType": "fatcaGiinType1",
				"sponsorEntityName": "sponsorEntityName1"
			},
			{
				"fatcaGiin": "fatcaGiin2",
				"fatcaGiinApp": "false",
				"fatcaGiinType": "fatcaGiinType2",
				"sponsorEntityName": "sponsorEntityName2"
			}
		],
		"liquidationBankruptcyDate": "liquidationBankruptcyDate",
		"stockListedForeignExchange": "stockListedForeignExchange",
		"ftInfoList": [
			{
				"noFtin": "noFtin1",
				"foreignTaxId": "foreignTaxId1",
				"foreignCountryOfIssuance": "foreignCountryOfIssuance1"
			},
			{
				"noFtin": "noFtin2",
				"foreignTaxId": "foreignTaxId2",
				"foreignCountryOfIssuance": "foreignCountryOfIssuance2"
			}
		]
	},
	"OrgFinancialInfo": {
		"finInfoSource": "$finInfoSource",
		"annualIncomeRange": "$int_annualIncomeRange",
		"annualIncome": "$int_annualIncome",
		"annualBusinessRange": 99999,
		"annualBusinessActual": 50000,
		"liquidAssetsRange": "$int_liquidAssetsRange",
		"liquidAssets": "$int_liquidAssets",
		"netWorthRange": "$int_netWorthRange",
		"netWorth": "$int_netWorth",
		"percentageOfTotal": "$percentageOfTotal",
		"financialVerified": "$financialVerified",
		"fiscalYearEndMM": "$fiscalYearEndMM",
		"totalEmployees": "$totalEmployees",
		"investInterest": [
			"Precious metal",
			"Other",
			"Energy Stocks",
			"Financial Stocks"
		],
		"investmentExperienceInfo": {
			"indStocksExp": "5",
			"equitiesExp": {
				"financialKey": "E",
				"financialValue": "10",
				"userId": "TID34567",
				"date": "2019-05-30"
			},
			"bondsExp": {
				"financialKey": "B",
				"financialValue": "6",
				"userId": "TID34567",
				"date": "2019-05-30"
			},
			"buyOptionExp": {
				"financialKey": "Y",
				"financialValue": "9",
				"userId": "TID34567",
				"date": "2019-05-30"
			},
			"sellOptionExp": {
				"financialKey": "L",
				"financialValue": "4",
				"userId": "TID34567",
				"date": "2019-05-30"
			},
			"futuresExp": {
				"financialKey": "C",
				"financialValue": "8",
				"userId": "TID34567",
				"date": "2019-05-30"
			},
			"yrsOfInvestmentAccounts": "7",
			"investmentKnowledge": "I know very little about financial markets and market investments",
			"lastVerificationDate": "01-05-2019",
			"firmExperiences": [
				"Merrill Lynch",
				"Charles Schwab"
			],
			"addControlStock": "No",
			"isLargeTrader": "No"
		}
	}
	
}
