{
	"clientType": "Organization",
	"businessName1": "$businessName1Unique",
	"businessName2": "businessName2",
	"businessName3": "businessName3",
	"businessName4": "businessName4",
	"origination": "iz25364",
	"originationOther": "originationOther",
	"relationshipMgmtOrigination": "relationshipMgmtOrigination",
	"companyStructure": {
		"orgStructure": "orgStructure",
		"llcTaxTreatment": "llcTaxTreatment",
		"orgEstablishedOnDate": "06/07/2017",
		"isPubliclyListed": "isPubliclyListed",
		"exchange": "exchange",
		"tickerSymbol": "ticker",
		"isForProfit": "isForProfit",
		"isIncorporated": "isIncorporated",
		"industryGroup": "industryGroup",
		"industrySector": "industrySector",
		"industrySubsector": "industrySubsector",
		"sensitiveIntermediary": "true",
		"substantialIncome": "true",
		"substantialConnection": "true",
		"reportingIndustry": "reportingIndustry",
		"captiveInsQ1": true,
		"captiveInsQ2": "false"
	},
	"taxAffiliationInformation": {
		"usAffiliation": "true",
		"puertoRicoClass": "true",
		"imyFlag": "true",
		"qddFlag": "true",
		"taxTreatyClaimType": "taxTreatyClaimType",
		"otherTaxTreatyClaimType": "otherTaxTreatyClaimType",
		"stateOfIncorporation": "stateOfIncorporation",
		"countryOfCitizenship": "countryOfCitizenship",
		"province": "province",
		"countryOfBirth": "countryOfBirth",
		"languagePreferenceCards": "languagePreferenceCards",
		"passportNumber": "passportNumber",
		"tin": "342167892",
		"tinTypeApplied": "tinTypeApplied",
		"tinType": "tinType",
		"taxExempt": "taxExempt",
		"taxBracket": "taxBracket",
		"superTaxExempt": "superTaxExempt",
		"superTaxOverride": "true",
		"fatcaStructure": "fatcaStructure",
		"giinList": [
			{
				"fatcaGiin": "fatcaGiin1",
				"fatcaGiinApp": "true",
				"fatcaGiinType": "fatcaGiinType1",
				"sponsorEntityName": "sponsorEntityName1"
			},
			{
				"fatcaGiin": "fatcaGiin2",
				"fatcaGiinApp": "false",
				"fatcaGiinType": "fatcaGiinType2",
				"sponsorEntityName": "sponsorEntityName2"
			}
		],
		"liquidationBankruptcyDate": "liquidationBankruptcyDate",
		"stockListedForeignExchange": "stockListedForeignExchange",
		"ftinfos": [
			{
				"noFtin": "noFtin1",
				"foreignTaxId": "foreignTaxId1",
				"foreignCountryOfIssuance": "foreignCountryOfIssuance1"
			},
			{
				"noFtin": "noFtin2",
				"foreignTaxId": "foreignTaxId2",
				"foreignCountryOfIssuance": "foreignCountryOfIssuance2"
			}
		]
	},
	"telephoneInformations": [
		{
			"telLabel": "Home Voice 1",
			"telCountryCode": "USA",
			"telFraudAlertFlag": "true",
			"telAreaCode": "127",
			"telNumber": "1234567",
			"telExtension": "127",
			"telIntlNo": "9985128411",
			"telNDesc": "Local",
			"telephoneVerified": "true"
		},
		{
			"telLabel": "Home Voice 1",
			"telCountryCode": "USA",
			"telFraudAlertFlag": "true",
			"telAreaCode": "127",
			"telNumber": "1234567",
			"telExtension": "127",
			"telIntlNo": "9985128411",
			"telNDesc": "Local",
			"telephoneVerified": "true"
		}
	],
	"emailAddressInfo": {
		"noEmail": false,
		"emailAddressList": [
			{
				"emailAddress": "santhosh@example.com",
				"emailNotes": "emailNotes",
				"emailPreference": "YES"
			},
			{
				"emailAddress": "shiva@example.com",
				"emailNotes": "emailNotes",
				"emailPreference": "NO"
			},
			{
				"emailAddress": "sirish@example.com",
				"emailNotes": "emailNotes",
				"emailPreference": "NO"
			}
		],
		"emailVerified": "NO"
	},
	"edeliveryInformation": {
		"edeliveryPreference": "edeliveryPreference",
		"clientConsents": "yes",
		"faAttestation": "no"
	},
	"alternateNames": [
		{
			"altNameId": "007",
			"altNameType": "FA Discretionary"
		},
		{
			"altNameId": "005",
			"altNameType": "XXX Party"
		},
		{
			"altNameId": "001",
			"altNameType": "Interested Party"
		}
	],
	"relatedClients": [
		{
			"relatedClntName": "FRANK SMITH",
			"relatedClntId": "001",
			"clientRole": "Is Life Tenant For"
		},
		{
			"relatedClntName": "Naresh K",
			"relatedClntId": "002",
			"clientRole": "Is Represented by"
		}
	],
	"companyRelationships": {
		"secretaryOfficerInfos": [
			{
				"secOfficerNameId": "aaa4567890/12345678901234567890007",
				"secOfficerRole": "Director",
				"secAuthorized": true,
				"secTitle": "VP"
			},
			{
				"secOfficerNameId": "bbb / 001",
				"secOfficerRole": "Sr.Director",
				"secAuthorized": true,
				"secTitle": "CEO"
			}
		],
		"officersInformation": [
			{
				"officerNameId": "Srini / 11111",
				"officerRole": "MGR",
				"authorised": false,
				"title": "srini@example.com",
				"controlPerson": false
			},
			{
				"officerNameId": "Brahma / 22222",
				"officerRole": "SR-MGR",
				"authorised": true,
				"title": "brahma@example.com",
				"controlPerson": true
			}
		]
	},
	"institutionalConsultingInfoList": [
		{
			"contractId": "Broad12",
			"programId": "UNI4",
			"contractRiskProfile": "this is the INSTCONST"
		},
		{
			"contractId": "Broad12",
			"programId": "UNI3",
			"contractRiskProfile": "this is the INSTCONST for Cob"
		}
	],
	"financialInformation": {
		"finInfoSource": "ClientSoliciation",
		"annualIncomeRange": 200000,
		"annualIncome": 300000,
		"annualBusinessRange": 99999,
		"annualBusinessActual": 50000,
		"liquidAssetsRange": 1000000,
		"liquidAssets": 400000,
		"netWorthRange": 4999999,
		"netWorth": 400000,
		"percentageOfTotal": "55",
		"financialVerified": "NO",
		"fiscalYearEndMM": "05061986",
		"totalEmployees": "10000",
		"investInterest": [
			"Precious metal",
			"Other",
			"Energy Stocks",
			"Financial Stocks"
		],
		"investmentExperienceInfo": {
			"indStocksExp": "5",
			"equitiesExp": {
				"financialValue": "10",
				"date": "10-06-2019"
			},
			"bondsExp": {
				"financialValue": "999",
				"date": "10-06-2019"
			},
			"buyOptionExp": {
				"financialValue": "15",
				"date": "10-06-2019"
			},
			"sellOptionExp": {
				"financialValue": "11",
				"date": "10-06-2019"
			},
			"futuresExp": {
				"financialValue": "999",
				"date": "10-06-2019"
			},
			"yrsOfInvestmentAccounts": "7",
			"investmentKnowledge": "I know very little about financial markets and market investments",
			"isInvestmentKnowledgeVerified": "true",
			"lastVerificationDate": "01-05-2019",
			"firmExperiences": [
				"Merrill Lynch",
				"Charles Schwab"
			],
			"addControlStock": "No",
			"isLargeTrader": "No"
		}
	},
	"clientAddresses": [
		{
			"mailingAddrPlayback": "mailingAddrPlayback1",
			"addrType": "Mailing",
			"addrCountry": "addrCountry1",
			"addrProvince": "addrProvince1",
			"addrLocation": "addrLocation1",
			"addrInternalLoc": "add1",
			"addrLine1": "addrLine1",
			"addrLine2": "addrLine2",
			"addrLine3": "addrLine3",
			"addrLine4": "addrLine4",
			"addrAttention": "addrAttention1",
			"addrCity": "addrCity1",
			"addrState": "addrState1",
			"addrZipCode": "addrZipCode1",
			"addrZipOverride": "true",
			"addrPostalCode": "addrPostalCode1"
		},
		{
			"mailingAddrPlayback": "mailingAddrPlayback1",
			"addrType": "Mailing",
			"addrCountry": "addrCountry1",
			"addrProvince": "addrProvince1",
			"addrLocation": "addrLocation1",
			"addrInternalLoc": "add2",
			"addrLine1": "addrLine1",
			"addrLine2": "addrLine2",
			"addrLine3": "addrLine3",
			"addrLine4": "addrLine4",
			"addrAttention": "addrAttention1",
			"addrCity": "addrCity1",
			"addrState": "addrState1",
			"addrZipCode": "addrZipCode1",
			"addrZipOverride": true,
			"addrPostalCode": "addrPostalCode1"
		}
	]
}