{
  "clientId": "$clientidfrompost",
  "clientType": "Organization",
  "businessName1": "$businessName1frompost",
  "businessName2": "businessName2",
  "businessName3": "businessName3",
  "origination": "aiz25312",
  "originationOther": "originationOther",
  "relationshipMgmtOrigination": "relationshipMgmtOrigination",
  "companyStructure": {
    "orgStructure": "asdasd",
    "llcTaxTreatment": "c",
    "orgEstablishedOnDate": "02/24/2019",
    "isPubliclyListed": "asdada",
    "exchange": "",
    "tickerSymbol": "asdasd",
    "isForProfit": "isForProfit",
    "isIncorporated": "isIncorporated",
    "industryGroup": "Finance and Insurance",
    "industrySector": "industrySector",
    "industrySubsector": "Direct Life Insuranse Carriers",
    "sensitiveIntermediary": "",
    "substantialIncome": true,
    "substantialConnection": "true",
    "reportingIndustry": "industry",
    "captiveInsQ1": "true",
    "captiveInsQ2": null
  },
  "taxAffiliationInformation": {
    "usAffiliation": true,
    "puertoRicoClass": true,
    "imyFlag": "true",
    "qddFlag": "true",
    "taxTreatyClaimType": "taxTreatyClaimType",
    "otherTaxTreatyClaimType": "otherTaxTreatyClaimType",
    "stateOfIncorporation": "stateOfIncorporation",
    "countryOfCitizenship": "Canada",
    "province": "asad",
    "countryOfBirth": "countryOfBirth",
    "languagePreferenceCards": "languagePreferenceCards",
    "passportNumber": "adad",
    "tin": "111123411",
    "tinTypeApplied": "YES",
    "tinType": "tinType",
    "taxExempt": "No",
    "taxBracket": "taxBracket",
    "superTaxExempt": "superTaxExempt",
    "superTaxOverride": "true",
    "fatcaStructure": "Participating FFI",
    "giinList": [
      {
        "fatcaGiin": "aaaaaa.aa123.aa.121",
        "fatcaGiinApp": "false",
        "fatcaGiinType": "fatcaGiinType1",
        "sponsorEntityName": "sponsorEntityName1"
      },
      {
        "fatcaGiin": "aaaaaa.aa123.aa.123",
        "fatcaGiinApp": "false",
        "fatcaGiinType": "fatcaGiinType2",
        "sponsorEntityName": "sponsorEntityName2"
      }
    ],
    "liquidationBankruptcyDate": "01/02/2011",
    "stockListedForeignExchange": "stockList",
    "ftinfos": [
      {
        "noFtin": "noFtin1",
        "foreignTaxId": "foreignTaxId1",
        "foreignCountryOfIssuance": "foreignCountryOfIssuance1"
      },
      {
        "noFtin": "noFtin2",
        "foreignTaxId": "foreignTaxId2",
        "foreignCountryOfIssuance": "foreignCountryOfIssuance2"
      }
    ]
  },
  "telephoneInformations": [
    {
      "telLabel": "Home Voice 1",
      "telCountryCode": "USA",
      "telFraudAlertFlag": "true",
      "telAreaCode": "127",
      "telNumber": "1234567",
      "telExtension": "127",
      "telIntlNo": "9985128411",
      "telNDesc": "Local",
      "telephoneVerified": "true"
    },
    {
      "telLabel": "Home Voice 2",
      "telCountryCode": "USA",
      "telFraudAlertFlag": false,
      "telAreaCode": "127",
      "telNumber": "1234567",
      "telExtension": "127",
      "telIntlNo": "9985128411",
      "telNDesc": "Local",
      "telephoneVerified": "false"
    }
  ],
  "emailAddressInfo": {
    "noEmail": true,
    "emailAddressList": [
      {
        "emailAddress": "$modifiedEmailAddress",
        "emailNotes": "$modifiedEmailNotes",
        "emailPreference": "$modifiedemailPreference"
      }
    ],
    "emailVerified": "YES"
  },
  "edeliveryInformation": {
    "edeliveryPreference": "Sharath",
    "clientConsents": "Unicorn Broad",
    "faAttestation": "Cob123456"
  },
  "institutionalConsultingInfoList": [
    {
      "contractId": "Broad1256",
      "programId": "UNI4",
      "contractRiskProfile": "this is the INSTCONST"
    },
    {
      "contractId": "Broad12",
      "programId": "UNI3",
      "contractRiskProfile": "this is the INSTCONST for Cob"
    }
  ],
  "alternateNames": [
    {
      "altNameId": "007",
      "altNameType": "FA Discretionary"
    },
    {
      "altNameId": "005",
      "altNameType": "XXX Party"
    },
    {
      "altNameId": "001",
      "altNameType": "Interested Party"
    }
  ],
	"relatedClients": [
	        {
	            "relatedPartyNameId": "FRANK SMITH/001",
	            "clientRole": "xy"
	        },
	        {
	            "relatedPartyNameId": "Naresh K/002",
	            "clientRole": "Is Represented by"
	        }
	    ],
	  "companyRelationships": {
	    "secretaryOfficerInfos": [
	      {
	        "secOfficerNameId": "aaa4567890/12345678901234567890007",
	        "secOfficerRole": "Director",
	        "secAuthorized": true,
	        "secTitle": "VP"
	      },
	      {
	        "secOfficerNameId": "bbb / 001",
	        "secOfficerRole": "Sr.Director",
	        "secAuthorized": true,
	        "secTitle": "CEO"
	      }
	    ],
	    "officersInformation": [
	      {
	        "officerNameId": "Srini / 11111",
	        "officerRole": "MGR",
	        "authorised": false,
	        "title": "srini@example.com",
	        "controlPerson": false
	      },
	      {
	        "officerNameId": "Brahma / 22222",
	        "officerRole": "SR-MGR",
	        "authorised": true,
	        "title": "brahma@example.com",
	        "controlPerson": true
	      }
	    ]
  },
  "financialInformation": {
    "finInfoSource": "Client Solicitation",
    "annualIncomeRange": "200000-4999999",
    "annualIncome": 300000,
    "anualBusinessRange": 4999999,
    "anualBusinessActual": 35000,
    "liquidAssetsRange": "200000-4999999",
    "liquidAssets": 750000,
    "netWorthRange": "200000-4999999",
    "netWorth": 5222000,
    "percentageOfTotal": "61-80%",
    "financialVerified": "NO",
    "fiscalYearEndMM": "05061986",
    "totalEmployees": "10000",
    "investInterest": [
      "Precious metal",
      "Other",
      "Energy Stocks",
      "Financial Stocks"
    ],
    "investmentExperienceInfo": {
      "indStocksExp": "5",
      "equitiesExp": {
        "financialValue": "10"
      },
      "bondsExp": {
        "financialValue": ""
      },
      "buyOptionExp": {
        "financialValue": "15"
      },
      "sellOptionExp": {
        "financialValue": "11"
      },
      "futuresExp": {
        "financialValue": ""
      },
      "yrsOfInvestmentAccounts": "7",
      "investmentKnowledge": "I know very little about financial markets and market investments",
      "isInvestmentKnowledgeVerified": "true",
      "firmExperiences": [
        "Merrill Lynch",
        "Charles Schwab"
      ],
      "addControlStock": "Yes",
      "isLargeTrader": "Yes",
      "controlStocks": [
        {
          "companyName": "Broadridge",
          "companyCusip": "BRD",
          "companySymbol": "BRDRG",
          "percentageOfOwnership": "20"
        },
        {
          "companyName": "UBS",
          "companyCusip": "UBS",
          "companySymbol": "UBS",
          "percentageOfOwnership": "50"
        }
      ],
      "largeTrader": {
        "isSECRegistered": "Yes",
        "isInactive": "No",
        "largeTraderId": "TID34567"
      }
    }
  },
  "clientAddresses": [
    {
      "mailingAddrPlayback": "mailingAddrPlayback1",
      "addrType": "Mailing",
      "addrCountry": "US",
      "addrProvince": "addrProvince1",
      "addrLocation": "addrLocation1",
      "addrInternalLoc": "add1",
      "addrLine1": "addrLine1",
      "addrLine2": "addrLine2",
      "addrLine3": "addrLine3",
      "addrLine4": "addrLine4",
      "addrAttention": "addrAttention1",
      "addrCity": "addrCity1",
      "addrState": "1",
      "addrZipCode": "1",
      "addrZipOverride": "true",
      "addrPostalCode": "addrPostalCode1"
    },
    {
      "mailingAddrPlayback": "mailingAddrPlayback1",
      "addrType": "Mailing",
      "addrCountry": "addrCountry1",
      "addrProvince": "addrProvince1",
      "addrLocation": "addrLocation1",
      "addrInternalLoc": "add2",
      "addrLine1": "addrLine1",
      "addrLine2": "addrLine2",
      "addrLine3": "addrLine3",
      "addrLine4": "addrLine4",
      "addrAttention": "addrAttention1",
      "addrCity": "addrCity1",
      "addrState": "addrState1",
      "addrZipCode": "addrZipCode1",
      "addrZipOverride": true,
      "addrPostalCode": "addrPostalCode1"
    }
  ],
  "beneficialOwnerInfo": {
    "beneficialOwner": [
      {
        "beneficialOwnerId": "$beneficialOwnerIdfrompost"
      }
    ]
  }
}
