{
	"prefixName": "Dr",
  "firstName": "JonhSon",
  "lastName": "Albert",
  "middleName": "Babu",
  "suffixName": "II",
  "origination": "Referral",
  "originationOther": "Text",
  "relationshipMgmtOrigination": "Client",
	"taxAffiliationInformation": {
		"usAffiliation":true,
		"residentAlien":"Yes",
		"countryOfCitizenship":"USA",
		"province":"NJ",
		"countryOfBirth":"USA",
		"languagePreferenceCards":"France",
		"passportNumber":"J675432",
		"tin":"$tin",
		"tinTypeApplied":"Yes",
		"tinType":"SSN",
		"taxExempt":"No",
		"taxBracket":"16-25%",
		"ftinfos": [
			{
				"noFtin": "Yes",
				"foreignTaxId": "876543",
				"foreignCountryOfIssuance": "CANADA"
			}
		]
	},
	 "clientAddresses": [
    {
      "addrType": "Mailing",
      "addrCountry": "USA",
      "addrProvince": "NJ",
      "addrLocation": "NJ",
      "addrInternalLoc": "Edi",
      "addrLine1": "Edison Street",
      "addrLine2": "120A",
      "addrLine3": "eeeeeeeeeeeeeeeeeeee",
      "addrLine4": "ffffffffffffffffffff",
      "addrAttention": "Att",
      "addrCity": "NJCity",
      "addrState": "NJState",
      "addrZipCode": "00987",
      "addrPostalCode": "78900"
    },
    {
      "addrType": "Other",
      "addrCountry": "USA",
      "addrProvince": "NJ",
      "addrLocation": "NJ",
      "addrInternalLoc": "Tho",
      "addrLine1": "Thompson Street",
      "addrLine2": "120A",
      "addrLine3": "gggggggggggggggggggggg",
      "addrLine4": "hhhhhhhhhhhhhhhhhhhhhh",
      "addrAttention": "Att",
      "addrCity": "NJCity",
      "addrState": "NJState",
      "addrZipCode": "00387",
      "addrPostalCode": "78900"
    }
  ],
  "telephoneInformations": [
    {
      "telLabel": "Home Voice 1",
      "telCountryCode": "USA",
      "telFraudAlertFlag": true,
      "telAreaCode": "127",
      "telNumber": "1234567",
      "telExtension": "127",
      "telIntlNo": "9985128411",
      "telNDesc": "Local",
      "telephoneVerified": "Yes"
    },
    {
      "telLabel": "Business Voice 1",
      "telCountryCode": "USA",
      "telFraudAlertFlag": true,
      "telAreaCode": "127",
      "telNumber": "1234567",
      "telExtension": "127",
      "telIntlNo": "9985128411",
      "telNDesc": "Local",
      "telephoneVerified": "Yes"
    }
  ],
  "financialInformation": {
    "finInfoSource": "Client Solicitation",
    "annualIncomeRange": "200000-4999999",
    "annualIncome": 300000,
    "liquidAssetsRange": "200000-4999999",
    "liquidAssets": 750000,
    "netWorthRange": "200000-4999999",
    "netWorth": 5222000,
    "percentageOfTotal": "61-80%",
    "financialVerified": "$financialVerified",
    "projRetirementDate": "03-Aug-2018",
    "retirementAssetGoal": 120.12,
    "investInterest": [
      "Precious Metals",
      "Derivatives"
    ],
    "isCountriesOfIncome": "Yes",
    "countriesOfIncome": [
      "Sri Lanka",
      "India"
    ],
    "investmentExperienceInfo": {
      "indStocksExp": "5",
      "equitiesExp": "2",
      "bondsExp": "4",
      "buyOptionExp": "1",
      "sellOptionExp": "3",
      "futuresExp": "6",
      "yrsOfInvestmentAccounts": "7",
      "investmentKnowledge": "I know very little about financial markets and market investments",
      "lastVerificationDate": "01-05-2019",
      "firmExperiences": [
        "Merrill Lynch",
        "Charles Schwab"
      ],
      "addControlStock": "Yes",
      "controlStocks": [
        {
          "companyName": "Broadridge",
          "companyCusip": "BRD",
          "companySymbol": "BRDRG",
          "percentageOfOwnership": "20"
        },
        {
          "companyName": "UBS",
          "companyCusip": "UBS",
          "companySymbol": "UBS",
          "percentageOfOwnership": "30"
        }
      ],
      "isLargeTrader": "Yes",
      "largeTrader": {
        "isSECRegistered": "Yes",
        "isInactive": "No",
        "largeTraderId": "TID34567"
      }
    }
  },
  "employmentInfo": {
    "employmentStatus": "Employed",
    "jobFunction": "Secretary",
    "otherOccupation": "",
    "clntBusinessTitle": "Mr",
    "industry": "Technology/Computers",
    "sensitiveIntermediary": "Yes",
    "isSubstantialIncome": "No",
    "isSubstantialConnection": "No",
    "employerName": "CTS"
  }
}