{
  "clientType": "Trust",
  "trustName1": "$trustUnique",
  "trustName2": "trustNameTw0",
  "trustName3": "trustNameThree",
  "trustName4": "trustNameFour",
  "origination": "Referral92",
  "originationOther": "Text",
  "relationshipMgmtOrigination": "Client",
  "clientAddresses": [
    {
      "addrType": "Mailing",
      "addrCountry": "INDIA",
      "addrProvince": "NJ",
      "addrLocation": "NJ",
      "addrInternalLoc": "Edi",
      "addrLine1": "Edison Street",
      "addrLine2": "120A",
      "addrLine3": "eeeeeeeeeeeeeeeeeeee",
      "addrLine4": "wewwewewewe",
      "addrAttention": "Att1",
      "addrCity": "NJCity",
      "addrState": "NJState",
      "addrZipCode": "00987",
      "addrPostalCode": "78900"
    }
  ],
  "telephoneInformations": [
    {
      "telLabel": "Home Voice 1",
      "telCountryCode": "USA",
      "telFraudAlertFlag": true,
      "telAreaCode": "127",
      "telNumber": "1234567",
      "telExtension": "127",
      "telIntlNo": "9985128411",
      "telNDesc": "Local",
      "telephoneVerified": "Yes"
    },
    {
      "telLabel": "Business Voice 1",
      "telCountryCode": "USA",
      "telFraudAlertFlag": true,
      "telAreaCode": "127",
      "telNumber": "1234567",
      "telExtension": "127",
      "telIntlNo": "9985128411",
      "telNDesc": "Local",
      "telephoneVerified": "Yes"
    }
  ],
  "emailAddressInfo": {
    "noEmail": "false",
    "emailVerified": "NO",
    "lastVerifiedDate": "",
    "emailAddressList": [
      {
        "emailAddress": "kumar@example.com",
        "emailNotes": "emailNotes",
        "emailPreference": "YES"
      },
      {
        "emailAddress": "satish@example.com",
        "emailNotes": "emailNotes",
        "emailPreference": "NO"
      }
    ]
  },
  "institutionalConsultingInfoList": [
    {
      "contractId": "Broad1234",
      "programId": "UN56",
      "contractRiskProfile": "this is the INSTCONST"
    },
    {
      "contractId": "Broad3467",
      "programId": "UN24",
      "contractRiskProfile": "this is the INSTCONST for Cob"
    }
  ],
  "financialInformation": {
    
    "investmentExperienceInfo": {
      "indStocksExp": "5",
      "equitiesExp": {
        "financialValue": "10"
      },
      "bondsExp": {
        "financialValue": ""
      },
      "buyOptionExp": {
        "financialValue": "15"
      },
      "sellOptionExp": {
        "financialValue": "11"
      },
      "futuresExp": {
        "financialValue": ""
      },      
      "yrsOfInvestmentAccounts": "7",
      "investmentKnowledge": "I know very little about financial markets and market investments",
      "isInvestmentKnowledgeVerified": "true",
      "lastVerificationDate": "01-05-2019",
      "firmExperiences": [
        "Merrill Lynch",
        "Charles Schwab"
      ],
      "addControlStock": "No",
      "isLargeTrader": "No"
    }
  },
  "setupInformation" : {
  	"trustSetupBy" : "Selva",
  	"numberOfBene" : "02",
  	"trustEstablishedOn" : "01/05/2019",
  	"trustType" : "NGO",
  	"trustStructure" : "Org"
  },
  "edeliveryInformation" : {
  	"edeliveryPreference" : "Preference",
  	"clientConsents" : "Have Consents",
  	"faAttestation" : "Fa attestation"
  }
}