{
  "clientType": "Trust",
  "trustName1":"$trustUnique",
  "trustName2": "trustNameTw0",
  "trustName3": "trustNameThree",
  "trustName4": "trustNameFour",
  "origination": "Referral",
  "originationOther": "Text",
  "relationshipMgmtOrigination": "Client",
  "taxAffiliationInformation": {
    "usAffiliation": true,
    "residentAlien": "Yes",
    "countryOfCitizenship": "USA",
    "province": "NJ",
    "countryOfBirth": "USA",
    "languagePreferenceCards": "France",
    "passportNumber": "J89765432",
    "tin":"$unique",
    "tinTypeApplied": "Yes",
    "tinType": "SSN",
    "taxExempt": "Yes",
    "taxBracket": "15-25%",
    "ftinfos": [
      {
        "noFtin": "Yes",
        "foreignTaxId": "1239908",
        "foreignCountryOfIssuance": "USA"
      },
      {
        "noFtin": "Yes",
        "foreignTaxId": "858598",
        "foreignCountryOfIssuance": "CANADA"
      }
    ]
  },
  "clientAddresses": [
    {
      "addrType": "Mailing",
      "addrCountry": "USA",
      "addrProvince": "NJ",
      "addrLocation": "NJ",
      "addrInternalLoc": "Edi",
      "addrLine1": "Edison Street",
      "addrLine2": "120A",
      "addrLine3": "eeeeeeeeeeeeeeeeeeee",
      "addrLine4": "wewwewewewe",
      "addrAttention": "Att1",
      "addrCity": "NJCity",
      "addrState": "NJState",
      "addrZipCode": "00987",
      "addrPostalCode": "78900"
    },
    {
      "addrType": "Other",
      "addrCountry": "USA",
      "addrProvince": "NJ",
      "addrLocation": "NJ",
      "addrInternalLoc": "Tho",
      "addrLine1": "Thompson Street",
      "addrLine2": "120A",
      "addrLine3": "",
      "addrLine4": "Line4",
      "addrAttention": "Att",
      "addrCity": "NJCity",
      "addrState": "NJState",
      "addrZipCode": "00387",
      "addrPostalCode": "78900"
    }
  ],
  "telephoneInformations": [
    {
      "telLabel": "Home Voice 1",
      "telCountryCode": "USA",
      "telFraudAlertFlag": true,
      "telAreaCode": "127",
      "telNumber": "1234567",
      "telExtension": "127",
      "telIntlNo": "9985128411",
      "telNDesc": "Local",
      "telephoneVerified": "Yes"
    },
    {
      "telLabel": "Business Voice 1",
      "telCountryCode": "USA",
      "telFraudAlertFlag": true,
      "telAreaCode": "127",
      "telNumber": "1234567",
      "telExtension": "127",
      "telIntlNo": "9985128411",
      "telNDesc": "Local",
      "telephoneVerified": "Yes"
    }
  ],
  "emailAddressInfo": {
    "noEmail":"$noEmail",
    "emailVerified":"$emailVerified",
    "lastVerifiedDate":"$lastVerifiedDate",
    "emailAddressList": [
      {
        "emailAddress":"$emailAddress",
        "emailNotes":"$emailNotes",
        "emailPreference":"$emailPreference"
      }
    ]
  },
  "institutionalConsultingInfoList": [
    {
      "contractId": "Broad1234",
      "programId": "UN56",
      "contractRiskProfile": "this is the INSTCONST"
    },
    {
      "contractId": "Broad3467",
      "programId": "UN24",
      "contractRiskProfile": "this is the INSTCONST for Cob"
    }
  ],
  "financialInformation": {
    "finInfoSource": "Client Solicitation",
    "annualIncomeRange": "200000-4999999",
    "annualIncome": 300000,
    "liquidAssetsRange": "200000-4999999",
    "liquidAssets": 750000,
    "netWorthRange": "200000-4999999",
    "netWorth": 5222000,
    "percentageOfTotal": "61-80%",
    "financialVerified": "true",    
    "investInterest": [
      "Precious Metals",
      "Derivatives"
    ],
    "isCountriesOfIncome": "Yes",
    "countriesOfIncome": [
      "Sri Lanka",
      "India"
    ],
    "investmentExperienceInfo": {
      "indStocksExp": "5",
      "equitiesExp": {
        "financialKey": "E",
        "financialValue": "10",
        "userId": "TID34567",
        "date": "2019-05-30"
      },
      "bondsExp": {
        "financialKey": "B",
        "financialValue": "6",
        "userId": "TID34567",
        "date": "2019-05-30"
      },
      "buyOptionExp": {
        "financialKey": "Y",
        "financialValue": "9",
        "userId": "TID34567",
        "date": "2019-05-30"
      },
      "sellOptionExp": {
        "financialKey": "L",
        "financialValue": "4",
        "userId": "TID34567",
        "date": "2019-05-30"
      },
      "futuresExp": {
        "financialKey": "C",
        "financialValue": "8",
        "userId": "TID34567",
        "date": "2019-05-30"
      },      
      "yrsOfInvestmentAccounts": "7",
      "investmentKnowledge": "I know very little about financial markets and market investments",
      "isInvestmentKnowledgeVerified": "true",
      "lastVerificationDate": "01-05-2019",
      "firmExperiences": [
        "Merrill Lynch",
        "Charles Schwab"
      ],
      "addControlStock": "No",
      "isLargeTrader": "No"
    }
  },
  "setupInformation" : {
  	"trustSetupBy" : "Selva",
  	"numberOfBene" : "02",
  	"trustEstablishedOn" : "01/05/2019",
  	"trustType" : "NGO",
  	"trustStructure" : "Org"
  },
  "edeliveryInformation" : {
  	"edeliveryPreference" : "Preference",
  	"clientConsents" : "Have Consents",
  	"faAttestation" : "Fa attestation"
  }
}