{
  "clientId": "$clientidfrompost",
  "clientType": "Trust",
  "trustName1": "$trustNamefrompost",
  "trustName2": "trustNameTw0",
  "trustName3": "trustNameThree",
  "trustName4": "trustNameFour",
  "origination": "Referra4212",
  "originationOther": "Text",
  "relationshipMgmtOrigination": "Client",
  "taxAffiliationInformation": {
    "usAffiliation": true,
    "residentAlien": "Yes",
    "countryOfCitizenship": "USA",
    "province": "NJ",
    "countryOfBirth": "USA",
    "languagePreferenceCards": "France",
    "passportNumber": "J89765432",
    "tin": "123456709",
    "tinTypeApplied": "Yes",
    "tinType": "SSN",
    "taxExempt": "Yes",
    "taxBracket": "15-25%",
    "ftinfos": [
      {
        "noFtin": "Yes",
        "foreignTaxId": "1239908",
        "foreignCountryOfIssuance": "USA"
      },
      {
        "noFtin": "Yes",
        "foreignTaxId": "858598",
        "foreignCountryOfIssuance": "CANADA"
      }
    ]
  },
  "clientAddresses": [
    {
      "mailingAddrPlayback": "",
      "addrType": "Mailing",
      "addrCountry": "USA",
      "addrProvince": "NJ",
      "addrLocation": "NJ",
      "addrInternalLoc": "Edi",
      "addrLine1": "Edison Street",
      "addrLine2": "120A",
      "addrLine3": "eeeeeeeeeeeeeeeeeeee",
      "addrLine4": "wewwewewewe",
      "addrAttention": "Att",
      "addrCity": "NJCity",
      "addrState": "NJState",
      "addrZipCode": "00987",
      "addrPostalCode": "78900"
    },
    {
      "mailingAddrPlayback": "",
      "addrType": "Other",
      "addrCountry": "USA",
      "addrProvince": "NJ",
      "addrLocation": "NJ",
      "addrInternalLoc": "Tho",
      "addrLine1": "Thompson Street",
      "addrLine2": "120A",
      "addrLine3": "",
      "addrLine4": "Line4",
      "addrAttention": "Att",
      "addrCity": "NJCity",
      "addrState": "NJState",
      "addrZipCode": "00387",
      "addrPostalCode": "78900"
    }
  ],
  "telephoneInformations": [
    {
      "telLabel": "Home Voice 1",
      "telCountryCode": "USA",
      "telFraudAlertFlag": true,
      "telAreaCode": "127",
      "telNumber": "1234567",
      "telExtension": "127",
      "telIntlNo": "9985128411",
      "telNDesc": "Local",
      "telephoneVerified": "Yes"
    },
    {
      "telLabel": "Business Voice 1",
      "telCountryCode": "USA",
      "telFraudAlertFlag": true,
      "telAreaCode": "127",
      "telNumber": "1234567",
      "telExtension": "127",
      "telIntlNo": "9985128411",
      "telNDesc": "Local",
      "telephoneVerified": "Yes"
    }
  ],
  "emailAddressInfo": {
    "noEmail": false,
    "emailAddressList": [
      {
        "emailAddress": "santhosh@example.com",
        "emailNotes": "emailNotes",
        "emailPreference": "YES"
      },
      {
        "emailAddress": "shiva@example.com",
        "emailNotes": "emailNotes",
        "emailPreference": "NO"
      },
      {
        "emailAddress": "sirish@example.com",
        "emailNotes": "emailNotes",
        "emailPreference": "NO"
      }
    ],
    "emailVerified": "YES"
  },
  "edeliveryInformation": {
    "edeliveryPreference": "Sharath",
    "clientConsents": "Unicorn Broad",
    "faAttestation": "Cob123456"
  },
  "institutionalConsultingInfoList": [
    {
            "contractId": "$modifiedcontractId",
            "programId": "$modifiedprogramId",
            "contractRiskProfile": "this is the BB INSTCONST"
    }
  ],
  "financialInformation": {
    "finInfoSource": "Client Solicitation",
    "annualIncomeRange": "200000-4999999",
    "annualIncome": 300000,
    "liquidAssetsRange": "200000-4999999",
    "liquidAssets": 750000,
    "netWorthRange": "200000-4999999",
    "netWorth": 5222000,
    "percentageOfTotal": "61-80%",
    "financialVerified": "true",
    "investInterest": [
      "Precious Metals",
      "Derivatives"
    ],
    "isCountriesOfIncome": "Yes",
    "countriesOfIncome": [
      "Sri Lanka",
      "India"
    ],
    "investmentExperienceInfo": {
      "indStocksExp": "5",
      "equitiesExp": {
        "financialValue": "10"
      },
      "bondsExp": {
        "financialValue": ""
      },
      "buyOptionExp": {
        "financialValue": "15"
      },
      "sellOptionExp": {
        "financialValue": "11"
      },
      "futuresExp": {
        "financialValue": ""
      },
      "yrsOfInvestmentAccounts": "7",
      "investmentKnowledge": "I know very little about financial markets and market investments",
      "isInvestmentKnowledgeVerified": "true",
      "firmExperiences": [
        "Merrill Lynch",
        "Charles Schwab"
      ],
      "addControlStock": "Yes",
      "isLargeTrader": "Yes",
      "controlStocks": [
        {
          "companyName": "Broadridge",
          "companyCusip": "BRD",
          "companySymbol": "BRDRG",
          "percentageOfOwnership": "20"
        },
        {
          "companyName": "UBS",
          "companyCusip": "UBS",
          "companySymbol": "UBS",
          "percentageOfOwnership": "50"
        }
      ],
      "largeTrader": {
        "isSECRegistered": "Yes",
        "isInactive": "No",
        "largeTraderId": "TID34567"
      }
    }
  },
  "setupInformation": {
    "trustSetupBy": "Selva",
    "numberOfBene": "1222",
    "trustEstablishedOn": "",
    "trustType": "NGO",
    "trustStructure": "England Model"
  },
  "alternateNames": [
        {
            "altNameId": "001",
            "altNameType": "FA Discretionary"
        },
        {
            "altNameId": "122",
            "altNameType": "FA Discretionary"
        },
        {
            "altNameId": "222",
            "altNameType": "Interested Party"
        }
    ],
	"relatedClients": [
	        {
	            "relatedPartyNameId": "FRANK SMITH/001",
	            "clientRole": "xy"
	        },
	        {
	            "relatedPartyNameId": "Naresh K/002",
	            "clientRole": "Is Represented by"
	        }
	    ],     
    "grantorInformationList":[
  	{
  		"grantorID": "0000011421",
  		"grantorTaxReportingFlag":false
	},
	{
  		"grantorID": "0000010709",
  		"grantorTaxReportingFlag":false
	}
  
  	],
  	"trusteeInfo": [
    {
	    "trusteeId":"$trusteeIdfrompost"            
    }
	]
}
