{
	"clientType": "Trust",
	"trustName1": "$trustUnique",
	"trustName2": "trustNameTw0",
	"trustName3": "trustNameThree",
	"trustName4": "trustNameFour",
	"origination": "Referra4212",
	"originationOther": "Text",
	"relationshipMgmtOrigination": "Client",
	"taxAffiliationInformation": {
		"usAffiliation": false,
		"puertoRicoClass": true,
		"imyFlag": true,
		"qddFlag": true,
		"taxTreatyClaimType": "taxTreatyClaimType",
		"otherTaxTreatyClaimType": "otherTaxTr9eatyClaimTyp",
		"countryOfCitizenship": "Canada",
		"province": "aaa",
		"passportNumber": "12345678912345S",
		"tin": "123456709",
		"tinTypeApplied": "Yes",
		"tinType": "tinType",
		"taxExempt": "No",
		"taxBracket": "taxBracket",
		"superTaxExempt": "superTaxExempt",
		"superTaxOverride": true,
		"fatcaStructure": "fatcaStructure",
		"giinList": [
			{
				"fatcaGiin": "aaaaaa.aa123.aa.121",
				"fatcaGiinApp": "false",
				"fatcaGiinType": "fatcaGiinType1",
				"sponsorEntityName": "sponsorEntityName1sssssssssss"
			},
			{
				"fatcaGiin": "aaaaaa.aa123.aa.123",
				"fatcaGiinApp": "false",
				"fatcaGiinType": "fatcaGiinType2",
				"sponsorEntityName": "sponsorEntityName2"
			}
		],
		"liquidationBankruptcyDate": "12/31/2011",
		"stockListedForeignExchange": "stockList",
		"ftinfos": [
			{
				"noFtin": "noFtin1",
				"foreignTaxId": "123456789123456789",
				"foreignCountryOfIssuance": "foreignCountryOfIssuance1"
			},
			{
				"noFtin": "noFtin2",
				"foreignTaxId": "123456789123456789",
				"foreignCountryOfIssuance": "foreignCountryOfIssuance2"
			}
		]
	},
	"clientAddresses": [
		{
			"addrType": "$addrType",
			"addrCountry": "$addrCountry",
			"addrProvince": "$addrProvince",
			"addrLocation": "$addrLocation",
			"addrInternalLoc": "$addrInternalLoc",
			"addrLine1": "$addrLine1",
			"addrLine2": "$addrLine2",
			"addrLine3": "$addrLine3",
			"addrLine4": "$addrLine4",
			"addrAttention": "$addrAttention",
			"addrCity": "$addrCity",
			"addrState": "$addrState",
			"addrZipCode": "$addrZipCode",
			"addrPostalCode": "$addrPostalCode"
		}
	],
	"telephoneInformations": [
		{
			"telLabel": "Home Voice 1",
			"telCountryCode": "USA",
			"telFraudAlertFlag": true,
			"telAreaCode": "127",
			"telNumber": "1234567",
			"telExtension": "127",
			"telIntlNo": "9985128411",
			"telNDesc": "Local",
			"telephoneVerified": "Yes"
		},
		{
			"telLabel": "Business Voice 1",
			"telCountryCode": "USA",
			"telFraudAlertFlag": true,
			"telAreaCode": "127",
			"telNumber": "1234567",
			"telExtension": "127",
			"telIntlNo": "9985128411",
			"telNDesc": "Local",
			"telephoneVerified": "Yes"
		}
	],
	"emailAddressInfo": {
		"noEmail": false,
		"emailAddressList": [
			{
				"emailAddress": "santhosh@example.com",
				"emailNotes": "emailNotes",
				"emailPreference": "YES"
			},
			{
				"emailAddress": "shiva@example.com",
				"emailNotes": "emailNotes",
				"emailPreference": "NO"
			},
			{
				"emailAddress": "sirish@example.com",
				"emailNotes": "emailNotes",
				"emailPreference": "NO"
			}
		],
		"emailVerified": "YES"
	},
	"edeliveryInformation": {
		"edeliveryPreference": "Sharath",
		"clientConsents": "Unicorn Broad",
		"faAttestation": "Cob123456"
	},
	"institutionalConsultingInfoList": [
		{
			"contractId": "Broad12345",
			"programId": "UN56",
			"contractRiskProfile": "this is the INSTCONST"
		},
		{
			"contractId": "Broad34567",
			"programId": "UN24",
			"contractRiskProfile": "this is the INSTCONST for Cob"
		}
	],
	"financialInformation": {
		"finInfoSource": "Client Solicitation",
		"annualIncomeRange": "200000-4999999",
		"annualIncome": 300000,
		"liquidAssetsRange": "200000-4999999",
		"liquidAssets": 750000,
		"netWorthRange": "200000-4999999",
		"netWorth": 5222000,
		"percentageOfTotal": "61-80%",
		"financialVerified": "true",
		"investInterest": [
			"Precious Metals",
			"Derivatives"
		],
		"isCountriesOfIncome": "Yes",
		"countriesOfIncome": [
			"Sri Lanka",
			"India"
		],
		"investmentExperienceInfo": {
			"indStocksExp": "5",
			"equitiesExp": {
				"financialValue": "10"
			},
			"bondsExp": {
				"financialValue": ""
			},
			"buyOptionExp": {
				"financialValue": "15"
			},
			"sellOptionExp": {
				"financialValue": "11"
			},
			"futuresExp": {
				"financialValue": ""
			},
			"yrsOfInvestmentAccounts": "7",
			"investmentKnowledge": "I know very little about financial markets and market investments",
			"isInvestmentKnowledgeVerified": "true",
			"firmExperiences": [
				"Merrill Lynch",
				"Charles Schwab"
			],
			"addControlStock": "Yes",
			"isLargeTrader": "Yes",
			"controlStocks": [
				{
					"companyName": "Broadridge",
					"companyCusip": "BRD",
					"companySymbol": "BRDRG",
					"percentageOfOwnership": "20"
				},
				{
					"companyName": "UBS",
					"companyCusip": "UBS",
					"companySymbol": "UBS",
					"percentageOfOwnership": "50"
				}
			],
			"largeTrader": {
				"isSECRegistered": "Yes",
				"isInactive": "No",
				"largeTraderId": "TID34567"
			}
		}
	},
	"setupInformation": {
		"trustSetupBy": "Selva",
		"numberOfBene": "1222",
		"trustEstablishedOn": "",
		"trustType": "NGO",
		"trustStructure": "England Model"
	},
	"relatedClients": [
		{
			"relatedPartyNameId": "FRANK SMITH/001",
			"clientRole": "xy"
		},
		{
			"relatedPartyNameId": "Naresh K/002",
			"clientRole": "Is Represented by"
		}
	],
	"alternateNames": [
		{
			"altNameId": "001",
			"altNameType": "FA Discretionary"
		},
		{
			"altNameId": "122",
			"altNameType": "FA Discretionary"
		},
		{
			"altNameId": "222",
			"altNameType": "Interested Party"
		}
	],
	"grantorInformationList": [
		{
			"grantorID": "0000011421",
			"grantorTaxReportingFlag": true
		},
		{
			"grantorID": "0000010709",
			"grantorTaxReportingFlag": false
		}
	],
	"trusteeInfo": [
		{
			"trusteeId": "$trusteeIdfrompost"
		}
	]
}
