CODE,NAME
hsagdewjkfh,sxbsdkjf
FA1-QA-Automation-PM-1579943832754,ForAutomation-1
FA1-QA-Automation-PM-1579943968416,ForAutomation-1
FA1-QA-Automation-PM-1579944024279,ForAutomation-1
FA1-QA-Automation-PM-1579944632905,ForAutomation-1
FA1-QA-Automation-PM-1579945504133,ForAutomation-1
FA1-QA-Automation-PM-1579945641556,ForAutomation-1
FA1-QA-Automation-PM-1579945828421,ForAutomation-1
FA-3-QA-Automation-PM-1579946374197,automation
FA1-QA-Automation-PM-1579946463860,ForAutomation-1
FA1-QA-Automation-PM-1579946546543,ForAutomation-1
FA1-QA-Automation-PM-1579947984025,ForAutomation-1
FA1-QA-Automation-PM-1579948005264,ForAutomation-1
FA1-QA-Automation-PM-1579948106580,ForAutomation-1
FA1-QA-Automation-PM-1579949106616,ForAutomation-1
FA1-QA-Automation-PM-1579951784826,ForAutomation-1
FA1-QA-Automation-PM-1579951889874,ForAutomation-1
FA-3-QA-Automation-PM-1579953213210,automation
FA1-QA-Automation-PM-1580113705538,ForAutomation-1
FA1-QA-Automation-PM-1580118544987,ForAutomation-1
FA1-QA-Automation-PM-1580118603872,ForAutomation-1
FA1-QA-Automation-PM-1580118616305,ForAutomation-1
FA1-QA-Automation-PM-1580119026733,ForAutomation-1
FA1-QA-Automation-PM-1580119129073,ForAutomation-1
FA1-QA-Automation-PM-1580122279206,ForAutomation-1
FA1-QA-Automation-PM-1580122291555,ForAutomation-1
FA1-QA-Automation-PM-1580122632689,ForAutomation-1
FA1-QA-Automation-PM-1580461966970,ForAutomation-1
FA1-QA-Automation-PM-1580739199126,ForAutomation-1
FA1-QA-Automation-PM-1580739256547,ForAutomation-1
FA1-QA-Automation-PM-1580739318013,ForAutomation-1
FA1-QA-Automation-PM-1580804075018,ForAutomation-1
st-code-QA-Automation-PM-1580823597800,st-name
st-code-QA-Automation-PM-1580824663361,st-name
st-code-QA-Automation-PM-1580824670996,"st_-()!@+/.,%:"
st-code-QA-Automation-PM-1580825424794,st-name
sdewe23,sName072020
st-code-QA-Automation-PM-1581672331664,st-name
st-code-QA-Automation-PM-1581672434248,st-name
st-code-QA-Automation-PM-1581672435278,"st_-()!@+/.,%:"
strategyFrosdafmAPI1236788987,strategyfromAPI
stcode-12345,stname-12345
FA1-QA-Automation-PM-1579943837795,ForAutomation-1
FA1-QA-Automation-PM-1579943973175,ForAutomation-1
FA1-QA-Automation-PM-1579944028914,ForAutomation-1
FA1-QA-Automation-PM-1579944639000,ForAutomation-1
FA1-QA-Automation-PM-1579945510925,ForAutomation-1
FA1-QA-Automation-PM-1579945649371,ForAutomation-1
hjgmykyiki,rtghtyjtyj
FA1-QA-Automation-PM-1579946395471,ForAutomation-1
FA1-QA-Automation-PM-1579946468417,ForAutomation-1
FA1-QA-Automation-PM-1579946550833,ForAutomation-1
FA1-QA-Automation-PM-1579947861175,ForAutomation-1
FA1-QA-Automation-PM-1579948010088,ForAutomation-1
FA1-QA-Automation-PM-1579948111809,ForAutomation-1
BalancedStrategy1,BalancedStrategy
FA1-QA-Automation-PM-1579951788895,ForAutomation-1
FA1-QA-Automation-PM-1579951924990,ForAutomation-1
FA-3-QA-Automation-PM-1579953213831,automation
FA1-QA-Automation-PM-1580113710699,ForAutomation-1
FA1-QA-Automation-PM-1580118549184,ForAutomation-1
FA1-QA-Automation-PM-1580118645715,ForAutomation-1
FA1-QA-Automation-PM-1580118649875,ForAutomation-1
FA1-QA-Automation-PM-1580119031804,ForAutomation-1
FA1-QA-Automation-PM-1580119134344,ForAutomation-1
FA1-QA-Automation-PM-1580122279827,ForAutomation-1
FA1-QA-Automation-PM-1580122295642,ForAutomation-1
FA1-QA-Automation-PM-1580122640986,ForAutomation-1
FA1-QA-Automation-PM-1580469510349,ForAutomation-1
FA1-QA-Automation-PM-1580739201892,ForAutomation-1
FA1-QA-Automation-PM-1580739259652,ForAutomation-1
FA1-QA-Automation-PM-1580739320960,ForAutomation-1
FA1-QA-Automation-PM-1580804078123,ForAutomation-1
st-code-QA-Automation-PM-1580823598365,st-name
st-code-QA-Automation-PM-1580824663739,st-name
"st_-()!@+/.,%:-QA-Automation-PM-1580824671355",st-name
st-code-QA-Automation-PM-1580825425197,st-name
123,rest
st-code-QA-Automation-PM-1581672332079,st-name
st-code-QA-Automation-PM-1581672339783,st-name
strategyFrosdafmAPI1236788987765,strategyfromAPI
dkujchdljk,sdfoiewuj
FA1-QA-Automation-PM-1579943842696,ForAutomation-1
FA1-QA-Automation-PM-1579943986726,ForAutomation-1
FA1-QA-Automation-PM-1579944033516,ForAutomation-1
FA1-QA-Automation-PM-1579944679080,ForAutomation-1
FA1-QA-Automation-PM-1579945518296,ForAutomation-1
FA1-QA-Automation-PM-1579945657272,ForAutomation-1
FA1-QA-Automation-PM-1579945772239,ForAutomation-1
FA1-QA-Automation-PM-1579946472512,ForAutomation-1
FA1-QA-Automation-PM-1579946554991,ForAutomation-1
FA1-QA-Automation-PM-1579947865192,ForAutomation-1
FA1-QA-Automation-PM-1579948015184,ForAutomation-1
FA1-QA-Automation-PM-1579948117129,ForAutomation-1
FA1-QA-Automation-PM-1579951708504,ForAutomation-1
FA1-QA-Automation-PM-1579951792664,ForAutomation-1
FA1-QA-Automation-PM-1579951939757,ForAutomation-1
FA1-QA-Automation-PM-1579953229906,ForAutomation-1
FA1-QA-Automation-PM-1580116664272,ForAutomation-1
FA1-QA-Automation-PM-1580118553558,ForAutomation-1
FA1-QA-Automation-PM-1580118662942,ForAutomation-1
FA1-QA-Automation-PM-1580118658334,ForAutomation-1
FA1-QA-Automation-PM-1580119036893,ForAutomation-1
FA1-QA-Automation-PM-1580119139615,ForAutomation-1
FA1-QA-Automation-PM-1580122280433,ForAutomation-1
FA1-QA-Automation-PM-1580122292167,ForAutomation-1
FA1-QA-Automation-PM-1580122650287,ForAutomation-1
FA1-QA-Automation-PM-1580469999926,ForAutomation-1
FA1-QA-Automation-PM-1580739204898,ForAutomation-1
FA1-QA-Automation-PM-1580739263038,ForAutomation-1
FA1-QA-Automation-PM-1580739342885,ForAutomation-1
FA1-QA-Automation-PM-1580804081284,ForAutomation-1
st-code-QA-Automation-PM-1580823598893,st-name
st-code-QA-Automation-PM-1580824664128,st-name
st-code-QA-Automation-PM-1580825412996,st-name
st-code-QA-Automation-PM-1580825425627,st-name
stcodehgfHGFUKJhgj-1237,stname-1237
st-code-QA-Automation-PM-1581672332479,st-name
st-code-QA-Automation-PM-1581672423335,st-name
st-code-QA-Automation-PM-1581672425937,st-name
sCode2,testName1
ETUSERLOGGEDIN,ETUSERLOGGEDIN
FA1-QA-Automation-PM-1579943847822,ForAutomation-1
FA1-QA-Automation-PM-1579943991533,ForAutomation-1
FA1-QA-Automation-PM-1579944038028,ForAutomation-1
FA1-QA-Automation-PM-1579944706057,ForAutomation-1
FA1-QA-Automation-PM-1579945524879,ForAutomation-1
FA1-QA-Automation-PM-1579945664623,ForAutomation-1
FA-3-QA-Automation-PM-1579946379684,automation
FA1-QA-Automation-PM-1579945787122,ForAutomation-1
FA1-QA-Automation-PM-1579946476529,ForAutomation-1
FA1-QA-Automation-PM-1579946559352,ForAutomation-1
FA1-QA-Automation-PM-1579947870126,ForAutomation-1
FA1-QA-Automation-PM-1579948020160,ForAutomation-1
FA1-QA-Automation-PM-1579948122114,ForAutomation-1
FA1-QA-Automation-PM-1579951715759,ForAutomation-1
FA1-QA-Automation-PM-1579951796364,ForAutomation-1
FA1-QA-Automation-PM-1579951955002,ForAutomation-1
FA1-QA-Automation-PM-1579953756245,ForAutomation-1
FA1-QA-Automation-PM-1580116666382,ForAutomation-1
FA1-QA-Automation-PM-1580118557962,ForAutomation-1
FA1-QA-Automation-PM-1580118668050,ForAutomation-1
FA1-QA-Automation-PM-1580118682894,ForAutomation-1
FA1-QA-Automation-PM-1580119041959,ForAutomation-1
FA1-QA-Automation-PM-1580119144880,ForAutomation-1
FA1-QA-Automation-PM-1580122281031,ForAutomation-1
FA1-QA-Automation-PM-1580122296212,ForAutomation-1
FA1-QA-Automation-PM-1580122654925,ForAutomation-1
FA1-QA-Automation-PM-1580470229747,ForAutomation-1
FA1-QA-Automation-PM-1580739207614,ForAutomation-1
FA1-QA-Automation-PM-1580739266166,ForAutomation-1
FA1-QA-Automation-PM-1580740336906,ForAutomation-1
FA1-QA-Automation-PM-1580804084482,ForAutomation-1
st-code-QA-Automation-PM-1580823600565,st-name
st-code-QA-Automation-PM-1580824664473,st-name
st-code-QA-Automation-PM-1580825416170,st-name
st-code-QA-Automation-PM-1580825426016,st-name
strategyFrosdafmAPI12,strategyfromAPI
st-code-QA-Automation-PM-1581672332893,st-name
st-code-QA-Automation-PM-1581672339068,st-name
st-code-QA-Automation-PM-1581672430965,st-name
st-code-QA-Automation-PM-1581672429579,st-name
sCode23,sName3
strategyFromAPI,strategyfromAPI
FA1-QA-Automation-PM-1579943852466,ForAutomation-1
FA1-QA-Automation-PM-1579943996467,ForAutomation-1
FA1-QA-Automation-PM-1579944042770,ForAutomation-1
FA1-QA-Automation-PM-1579944725762,ForAutomation-1
FA1-QA-Automation-PM-1579945531773,ForAutomation-1
FA1-QA-Automation-PM-1579945671687,ForAutomation-1
FA1-QA-Automation-PM-1579946387493,ForAutomation-1
FA1-QA-Automation-PM-1579945801413,ForAutomation-1
FA1-QA-Automation-PM-1579946480863,ForAutomation-1
FA1-QA-Automation-PM-1579946563757,ForAutomation-1
FA1-QA-Automation-PM-1579947875559,ForAutomation-1
FA1-QA-Automation-PM-1579948025372,ForAutomation-1
FA1-QA-Automation-PM-1579948126993,ForAutomation-1
FA1-QA-Automation-PM-1579951720103,ForAutomation-1
FA1-QA-Automation-PM-1579951800284,ForAutomation-1
FA1-QA-Automation-PM-1579951856348,ForAutomation-1
FA1-QA-Automation-PM-1579953762267,ForAutomation-1
FA1-QA-Automation-PM-1580116671828,ForAutomation-1
FA1-QA-Automation-PM-1580118562125,ForAutomation-1
FA1-QA-Automation-PM-1580118677933,ForAutomation-1
FA1-QA-Automation-PM-1580118964583,ForAutomation-1
FA1-QA-Automation-PM-1580119046955,ForAutomation-1
FA1-QA-Automation-PM-1580119155078,ForAutomation-1
FA1-QA-Automation-PM-1580122281660,ForAutomation-1
FA1-QA-Automation-PM-1580122292753,ForAutomation-1
FA1-QA-Automation-PM-1580122660491,ForAutomation-1
FA1-QA-Automation-PM-1580470608312,ForAutomation-1
FA1-QA-Automation-PM-1580739210491,ForAutomation-1
FA1-QA-Automation-PM-1580739269097,ForAutomation-1
FA1-QA-Automation-PM-1580739323974,ForAutomation-1
FA1-QA-Automation-PM-1580804087304,ForAutomation-1
st-code-QA-Automation-PM-1580823599320,st-name
st-code-QA-Automation-PM-1580824664841,st-name
st-code-QA-Automation-PM-1580825416670,st-name
st-code-QA-Automation-PM-1580825426399,st-name
st3vbgv7,stname-123ghtrgh7
st-code-QA-Automation-PM-1581672333299,st-name
st-code-QA-Automation-PM-1581672340097,st-name
"st_-()!@+/.,%:-QA-Automation-PM-1581672435624",st-name
st-code-QA-Automation-PM-1581672433089,st-name
rthr,gfgh
strategyFromAPI1,strategyfromAPI
FA1-QA-Automation-PM-1579943857160,ForAutomation-1
strategyFrosdafmAPI1236345678,strategyfromAPI
FA1-QA-Automation-PM-1579944047224,ForAutomation-1
FA1-QA-Automation-PM-1579944834553,ForAutomation-1
FA1-QA-Automation-PM-1579945539276,ForAutomation-1
FA1-QA-Automation-PM-1579945678632,ForAutomation-1
FA1-QA-Automation-PM-1579946399478,ForAutomation-1
FA1-QA-Automation-PM-1579946415446,ForAutomation-1
FA1-QA-Automation-PM-1579946484765,ForAutomation-1
FA1-QA-Automation-PM-1579946568046,ForAutomation-1
FA1-QA-Automation-PM-1579947891559,ForAutomation-1
FA1-QA-Automation-PM-1579948030330,ForAutomation-1
FA1-QA-Automation-PM-1579948132030,ForAutomation-1
FA1-QA-Automation-PM-1579951724128,ForAutomation-1
FA1-QA-Automation-PM-1579951804175,ForAutomation-1
FA1-QA-Automation-PM-1579951871024,ForAutomation-1
FA1-QA-Automation-PM-1579953774022,ForAutomation-1
FA1-QA-Automation-PM-1580116672560,ForAutomation-1
FA1-QA-Automation-PM-1580118566126,ForAutomation-1
FA1-QA-Automation-PM-1580118923653,ForAutomation-1
FA1-QA-Automation-PM-1580118974889,ForAutomation-1
FA1-QA-Automation-PM-1580119051993,ForAutomation-1
FA1-QA-Automation-PM-1580122282270,ForAutomation-1
FA1-QA-Automation-PM-1580122293340,ForAutomation-1
FA1-QA-Automation-PM-1580122669703,ForAutomation-1
FA1-QA-Automation-PM-1580471288461,ForAutomation-1
FA1-QA-Automation-PM-1580739213362,ForAutomation-1
FA1-QA-Automation-PM-1580739272191,ForAutomation-1
FA1-QA-Automation-PM-1580739339816,ForAutomation-1
FA1-QA-Automation-PM-1580804090267,ForAutomation-1
st-code-QA-Automation-PM-1580823599726,st-name
st-code-QA-Automation-PM-1580824665205,st-name
st-code-QA-Automation-PM-1580825417159,st-name
st-code-QA-Automation-PM-1580825426818,st-name
syy7,stname-123ghtrgh7
st-code-QA-Automation-PM-1581672333690,st-name
st-code-QA-Automation-PM-1581672422882,st-name
st-code-QA-Automation-PM-1581672340440,st-name
st-code-QA-Automation-PM-1581672434599,st-name
sCod4e23,sName3
FA1-QA-Automation-PM-1579943861789,ForAutomation-1
FA1-QA-Automation-PM-1579943936192,ForAutomation-1
FA1-QA-Automation-PM-1579944051904,ForAutomation-1
FA1-QA-Automation-PM-1579945462830,ForAutomation-1
FA1-QA-Automation-PM-1579945545881,ForAutomation-1
FA1-QA-Automation-PM-1579945685670,ForAutomation-1
FA1-QA-Automation-PM-1579946403546,ForAutomation-1
FA1-QA-Automation-PM-1579946488973,ForAutomation-1
FA1-QA-Automation-PM-1579946572133,ForAutomation-1
FA1-QA-Automation-PM-1579947896622,ForAutomation-1
FA1-QA-Automation-PM-1579948035181,ForAutomation-1
FA1-QA-Automation-PM-1579948136840,ForAutomation-1
FA1-QA-Automation-PM-1579951728226,ForAutomation-1
FA1-QA-Automation-PM-1579951808112,ForAutomation-1
FA1-QA-Automation-PM-1579951905253,ForAutomation-1
FA1-QA-Automation-PM-1579953778467,ForAutomation-1
FA1-QA-Automation-PM-1580118477886,ForAutomation-1
FA1-QA-Automation-PM-1580118570385,ForAutomation-1
FA1-QA-Automation-PM-1580118944285,ForAutomation-1
FA1-QA-Automation-PM-1580118995597,ForAutomation-1
FA1-QA-Automation-PM-1580119057009,ForAutomation-1
FA1-QA-Automation-PM-1580119149936,ForAutomation-1
FA1-QA-Automation-PM-1580122282881,ForAutomation-1
FA1-QA-Automation-PM-1580122294518,ForAutomation-1
FA1-QA-Automation-PM-1580122682721,ForAutomation-1
FA1-QA-Automation-PM-1580471915773,ForAutomation-1
FA1-QA-Automation-PM-1580739224638,ForAutomation-1
FA1-QA-Automation-PM-1580739275315,ForAutomation-1
FA1-QA-Automation-PM-1580739326938,ForAutomation-1
FA1-QA-Automation-PM-1580804093330,ForAutomation-1
st-code-QA-Automation-PM-1580823600151,st-name
st-code-QA-Automation-PM-1580824665586,st-name
st-code-QA-Automation-PM-1580825417679,st-name
st-code-QA-Automation-PM-1580825427198,st-name
testing-doc-com,testing-doc-com
st-code-QA-Automation-PM-1581672334064,st-name
st-code-QA-Automation-PM-1581672426375,st-name
st-code-QA-Automation-PM-1581672424715,st-name
st-code-QA-Automation-PM-1581691267793,st-name
hdjfvhjhrejkgjkrjkenjknjnjen,hsbdhhdeuhu7767
FA1-QA-Automation-PM-1579943889177,ForAutomation-1
FA1-QA-Automation-PM-1579943866378,ForAutomation-1
FA1-QA-Automation-PM-1579943940737,ForAutomation-1
FA1-QA-Automation-PM-1579944056733,ForAutomation-1
FA1-QA-Automation-PM-1579945469698,ForAutomation-1
FA1-QA-Automation-PM-1579945552517,ForAutomation-1
FA1-QA-Automation-PM-1579945692995,ForAutomation-1
FA1-QA-Automation-PM-1579946411393,ForAutomation-1
FA1-QA-Automation-PM-1579945779726,ForAutomation-1
FA1-QA-Automation-PM-1579946493143,ForAutomation-1
FA1-QA-Automation-PM-1579947752766,ForAutomation-1
FA1-QA-Automation-PM-1579947901459,ForAutomation-1
FA1-QA-Automation-PM-1579948040163,ForAutomation-1
FA1-QA-Automation-PM-1579948142259,ForAutomation-1
FA1-QA-Automation-PM-1579951732317,ForAutomation-1
FA1-QA-Automation-PM-1579951812194,ForAutomation-1
FA1-QA-Automation-PM-1579951865950,ForAutomation-1
FA1-QA-Automation-PM-1579953792090,ForAutomation-1
FA1-QA-Automation-PM-1580118487015,ForAutomation-1
FA1-QA-Automation-PM-1580118574752,ForAutomation-1
FA1-QA-Automation-PM-1580118949472,ForAutomation-1
FA1-QA-Automation-PM-1580119005755,ForAutomation-1
FA1-QA-Automation-PM-1580119062009,ForAutomation-1
FA1-QA-Automation-PM-1580119160194,ForAutomation-1
FA1-QA-Automation-PM-1580122283464,ForAutomation-1
FA1-QA-Automation-PM-1580122296819,ForAutomation-1
FA1-QA-Automation-PM-1580122691076,ForAutomation-1
strategyFrosdafmAPI1,strategyfromAPI
FA1-QA-Automation-PM-1580739216132,ForAutomation-1
FA1-QA-Automation-PM-1580739278489,ForAutomation-1
FA1-QA-Automation-PM-1580739329930,ForAutomation-1
FA1-QA-Automation-PM-1580804097903,ForAutomation-1
st-code-QA-Automation-PM-1580824654137,st-name
st-code-QA-Automation-PM-1580824665974,st-name
st-code-QA-Automation-PM-1580825418277,st-name
st-code-QA-Automation-PM-1580825427587,st-name
multiple-doc-com,multiple-doc-com
st-code-QA-Automation-PM-1581672334436,st-name
st-code-QA-Automation-PM-1581672427260,st-name
st-code-QA-Automation-PM-1581672425100,st-name
hgrhrj5346ghfgh,dfrdfge
FA1-QA-Automation-PM-1579943893689,ForAutomation-1
FA1-QA-Automation-PM-1579943870895,ForAutomation-1
FA1-QA-Automation-PM-1579943945233,ForAutomation-1
FA1-QA-Automation-PM-1579944061413,ForAutomation-1
FA1-QA-Automation-PM-1579945490509,ForAutomation-1
FA1-QA-Automation-PM-1579945559640,ForAutomation-1
FA1-QA-Automation-PM-1579945700224,ForAutomation-1
FA1-QA-Automation-PM-1579946419577,ForAutomation-1
FA1-QA-Automation-PM-1579945794399,ForAutomation-1
FA1-QA-Automation-PM-1579946497410,ForAutomation-1
FA1-QA-Automation-PM-1579947761788,ForAutomation-1
FA1-QA-Automation-PM-1579947916471,ForAutomation-1
FA1-QA-Automation-PM-1579948044809,ForAutomation-1
FA-2-QA-Automation-PM-1579948270919,ForAutomation2
FA1-QA-Automation-PM-1579951736398,ForAutomation-1
FA1-QA-Automation-PM-1579951816085,ForAutomation-1
FA1-QA-Automation-PM-1579951880264,ForAutomation-1
FA1-QA-Automation-PM-1579953803704,ForAutomation-1
FA1-QA-Automation-PM-1580118491600,ForAutomation-1
FA1-QA-Automation-PM-1580118578882,ForAutomation-1
FA1-QA-Automation-PM-1580118954355,ForAutomation-1
FA1-QA-Automation-PM-1580118637420,ForAutomation-1
FA1-QA-Automation-PM-1580119067037,ForAutomation-1
FA1-QA-Automation-PM-1580119165302,ForAutomation-1
FA1-QA-Automation-PM-1580122284195,ForAutomation-1
FA1-QA-Automation-PM-1580122297414,ForAutomation-1
stcode-1235,stname1235
brhtyhythtyy,jjgkhtkgtrh
FA1-QA-Automation-PM-1580739218836,ForAutomation-1
FA1-QA-Automation-PM-1580739281693,ForAutomation-1
FA1-QA-Automation-PM-1580739332987,ForAutomation-1
FA1-QA-Automation-PM-1580804101421,ForAutomation-1
st-code-QA-Automation-PM-1580824657057,st-name
st-code-QA-Automation-PM-1580824666360,st-name
st-code-QA-Automation-PM-1580825418742,st-name
st-code-QA-Automation-PM-1580825427969,st-name
strategy-comment,strategy-comment
st-code-QA-Automation-PM-1581672334779,st-name
st-code-QA-Automation-PM-1581672429938,st-name
st-code-QA-Automation-PM-1581672428447,st-name
st-code-QA-Automation-PM-1581928864064,st-name
hngjjjt567klm,fgryrutyut
FA1-QA-Automation-PM-1579943898383,ForAutomation-1
FA1-QA-Automation-PM-1579943875223,ForAutomation-1
FA1-QA-Automation-PM-1579943949737,ForAutomation-1
FA1-QA-Automation-PM-1579944066322,ForAutomation-1
FA1-QA-Automation-PM-1579945566687,ForAutomation-1
FA1-QA-Automation-PM-1579945707382,ForAutomation-1
FA1-QA-Automation-PM-1579946423616,ForAutomation-1
FA1-QA-Automation-PM-1579946407439,ForAutomation-1
FA1-QA-Automation-PM-1579946501463,ForAutomation-1
FA1-QA-Automation-PM-1579947764999,ForAutomation-1
FA1-QA-Automation-PM-1579947921843,ForAutomation-1
FA1-QA-Automation-PM-1579948050095,ForAutomation-1
FA-3-QA-Automation-PM-1579948271777,automation
FA1-QA-Automation-PM-1579951740107,ForAutomation-1
FA1-QA-Automation-PM-1579951821013,ForAutomation-1
FA1-QA-Automation-PM-1579951895329,ForAutomation-1
FA1-QA-Automation-PM-1579953823416,ForAutomation-1
FA1-QA-Automation-PM-1580118496161,ForAutomation-1
FA1-QA-Automation-PM-1580118582948,ForAutomation-1
FA1-QA-Automation-PM-1580118959426,ForAutomation-1
FA1-QA-Automation-PM-1580118654066,ForAutomation-1
FA1-QA-Automation-PM-1580119072194,ForAutomation-1
FA-2-QA-Automation-PM-1580122270646,ForAutomation2
FA1-QA-Automation-PM-1580122284846,ForAutomation-1
FA1-QA-Automation-PM-1580122293946,ForAutomation-1
sCode64556,sName543
0135,alex strategy 0135
FA1-QA-Automation-PM-1580739221967,ForAutomation-1
FA1-QA-Automation-PM-1580739285029,ForAutomation-1
FA1-QA-Automation-PM-1580739346001,ForAutomation-1
FA1-QA-Automation-PM-1580804104773,ForAutomation-1
st-code-QA-Automation-PM-1580824657532,st-name
st-code-QA-Automation-PM-1580824666770,st-name
st-code-QA-Automation-PM-1580825419216,st-name
st-code-QA-Automation-PM-1580825428409,st-name
testing-update-comment,testing-update-comment
st-code-QA-Automation-PM-1581672335103,st-name
st-code-QA-Automation-PM-1581672430626,st-name
st-code-QA-Automation-PM-1581672428825,st-name
st-code-QA-Automation-PM-1581939555477,st-name
htht4567789xcvb,dsfsgrty
sCode0934,sName9834
FA1-QA-Automation-PM-1579943880022,ForAutomation-1
FA1-QA-Automation-PM-1579943954276,ForAutomation-1
FA1-QA-Automation-PM-1579944071205,ForAutomation-1
FA1-QA-Automation-PM-1579944734991,ForAutomation-1
FA1-QA-Automation-PM-1579945573635,ForAutomation-1
FA1-QA-Automation-PM-1579945714960,ForAutomation-1
FA1-QA-Automation-PM-1579946427513,ForAutomation-1
FA1-QA-Automation-PM-1579946505526,ForAutomation-1
FA1-QA-Automation-PM-1579947774078,ForAutomation-1
FA1-QA-Automation-PM-1579947937939,ForAutomation-1
FA1-QA-Automation-PM-1579948055254,ForAutomation-1
FA-3-QA-Automation-PM-1579948272597,automation
FA1-QA-Automation-PM-1579951744370,ForAutomation-1
FA1-QA-Automation-PM-1579951825970,ForAutomation-1
FA1-QA-Automation-PM-1579951900392,ForAutomation-1
FA1-QA-Automation-PM-1579953828620,ForAutomation-1
FA1-QA-Automation-PM-1580118500587,ForAutomation-1
FA1-QA-Automation-PM-1580118587205,ForAutomation-1
FA1-QA-Automation-PM-1580118969806,ForAutomation-1
FA1-QA-Automation-PM-1580118641604,ForAutomation-1
FA1-QA-Automation-PM-1580119077200,ForAutomation-1
"code-()!@+/.,%-QA-Automation-PM-1580122272106","name-()!@+/.,%"
FA1-QA-Automation-PM-1580122285440,ForAutomation-1
FA1-QA-Automation-PM-1580122295092,ForAutomation-1
dfs34,test783264
0136,alex strategy 0136
FA1-QA-Automation-PM-1580739227320,ForAutomation-1
FA1-QA-Automation-PM-1580739288177,ForAutomation-1
FA1-QA-Automation-PM-1580740395738,ForAutomation-1
st-code-QA-Automation-PM-1580823589587,st-name
st-code-QA-Automation-PM-1580824658048,st-name
st-code-QA-Automation-PM-1580824667164,st-name
st-code-QA-Automation-PM-1580825419817,st-name
st-code-QA-Automation-PM-1580825428774,st-name
fjhjvv,dvdfge
st-code-QA-Automation-PM-1581672335449,st-name
st-code-QA-Automation-PM-1581672434939,st-name
st-code-QA-Automation-PM-1581672432072,st-name
nnjnjbhn,hyththxb
sCode9384,sNAme90485
FA1-QA-Automation-PM-1579943884691,ForAutomation-1
FA1-QA-Automation-PM-1579943958990,ForAutomation-1
FA1-QA-Automation-PM-1579944075758,ForAutomation-1
FA1-QA-Automation-PM-1579944838677,ForAutomation-1
FA1-QA-Automation-PM-1579945580789,ForAutomation-1
FA1-QA-Automation-PM-1579945721889,ForAutomation-1
FA1-QA-Automation-PM-1579945736299,ForAutomation-1
testing-update-comment123,testing-update-comment
FA1-QA-Automation-PM-1579946509764,ForAutomation-1
FA1-QA-Automation-PM-1579947777637,ForAutomation-1
FA1-QA-Automation-PM-1579947943245,ForAutomation-1
FA1-QA-Automation-PM-1579948060743,ForAutomation-1
FA-3-QA-Automation-PM-1579948273343,automation
FA1-QA-Automation-PM-1579951748142,ForAutomation-1
FA1-QA-Automation-PM-1579951831116,ForAutomation-1
FA1-QA-Automation-PM-1579951910090,ForAutomation-1
djshjkf94,sNamewu347
FA1-QA-Automation-PM-1580118504910,ForAutomation-1
FA1-QA-Automation-PM-1580118591282,ForAutomation-1
FA1-QA-Automation-PM-1580118980198,ForAutomation-1
FA1-QA-Automation-PM-1580118687607,ForAutomation-1
FA1-QA-Automation-PM-1580119082405,ForAutomation-1
FA-3-QA-Automation-PM-1580122273086,automation
FA1-QA-Automation-PM-1580122286053,ForAutomation-1
FA1-QA-Automation-PM-1580122298000,ForAutomation-1
gvhjhfbgnbnbvnhbdsbsbhbfgd,bvnbdjsghehjg
FA1-QA-Automation-PM-1580739170246,ForAutomation-1
FA1-QA-Automation-PM-1580739230224,ForAutomation-1
FA1-QA-Automation-PM-1580739291291,ForAutomation-1
FA1-QA-Automation-PM-1580739336652,ForAutomation-1
st-code-QA-Automation-PM-1580823592692,st-name
st-code-QA-Automation-PM-1580824658610,st-name
st-code-QA-Automation-PM-1580824667542,st-name
st-code-QA-Automation-PM-1580825420410,st-name
st-code-QA-Automation-PM-1580825429156,st-name
Lrg Ca Strtey Cd151635164,Incoe124679
st-code-QA-Automation-PM-1581672335801,st-name
st-code-QA-Automation-PM-1581672339447,st-name
st-code-QA-Automation-PM-1581672432416,st-name
gdfg45,test453
sCdee98,sName8932
FA1-QA-Automation-PM-1579943240821,ForAutomation-1
FA1-QA-Automation-PM-1579943903130,ForAutomation-1
FA1-QA-Automation-PM-1579943963770,ForAutomation-1
FA1-QA-Automation-PM-1579944080455,ForAutomation-1
FA1-QA-Automation-PM-1579945587378,ForAutomation-1
FA1-QA-Automation-PM-1579945765017,ForAutomation-1
FA1-QA-Automation-PM-1579946383396,ForAutomation-1
FA1-QA-Automation-PM-1579946513907,ForAutomation-1
FA1-QA-Automation-PM-1579947880944,ForAutomation-1
FA1-QA-Automation-PM-1579947963221,ForAutomation-1
FA1-QA-Automation-PM-1579948066165,ForAutomation-1
FA1-QA-Automation-PM-1579948300729,ForAutomation-1
FA1-QA-Automation-PM-1579951752181,ForAutomation-1
FA1-QA-Automation-PM-1579951836734,ForAutomation-1
FA1-QA-Automation-PM-1579951914867,ForAutomation-1
jdfkjsd4,testgfngldkf
FA1-QA-Automation-PM-1580118509320,ForAutomation-1
FA1-QA-Automation-PM-1580118595290,ForAutomation-1
FA1-QA-Automation-PM-1580118990413,ForAutomation-1
FA1-QA-Automation-PM-1580118888757,ForAutomation-1
FA1-QA-Automation-PM-1580119087517,ForAutomation-1
FA-3-QA-Automation-PM-1580122273967,automation
FA1-QA-Automation-PM-1580122286607,ForAutomation-1
FA1-QA-Automation-PM-1580122298786,ForAutomation-1
Income12345678906789hjkllll,rjkfnenbmnfbmrani
FA1-QA-Automation-PM-1580739174820,ForAutomation-1
FA1-QA-Automation-PM-1580739233276,ForAutomation-1
FA1-QA-Automation-PM-1580739294700,ForAutomation-1
FA1-QA-Automation-PM-1580741233326,ForAutomation-1
st-code-QA-Automation-PM-1580823593193,st-name
st-code-QA-Automation-PM-1580824659219,st-name
st-code-QA-Automation-PM-1580824667898,st-name
st-code-QA-Automation-PM-1580825421040,st-name
st-code-QA-Automation-PM-1580825429571,st-name
st-code-QA-Automation-PM-1581672325891,st-name
st-code-QA-Automation-PM-1581672336116,st-name
"st_-()!@+/.,%:-QA-Automation-PM-1581672341139",st-name
st-code-QA-Automation-PM-1581672433534,st-name
shrirajqwrtb,rgrttrtshri
FA1-QA-Automation-PM-1579943716631,ForAutomation-1
FA1-QA-Automation-PM-1579943907724,ForAutomation-1
FA1-QA-Automation-PM-1579943977612,ForAutomation-1
FA-2-QA-Automation-PM-1579944210158,ForAutomation2
FA1-QA-Automation-PM-1579944833285,ForAutomation-1
FA1-QA-Automation-PM-1579945594238,ForAutomation-1
FA1-QA-Automation-PM-1579945815894,ForAutomation-1
FA1-QA-Automation-PM-1579946436013,ForAutomation-1
FA1-QA-Automation-PM-1579946517766,ForAutomation-1
FA1-QA-Automation-PM-1579947886526,ForAutomation-1
FA1-QA-Automation-PM-1579947968487,ForAutomation-1
FA1-QA-Automation-PM-1579948070999,ForAutomation-1
FA1-QA-Automation-PM-1579948793674,ForAutomation-1
FA1-QA-Automation-PM-1579951756047,ForAutomation-1
FA1-QA-Automation-PM-1579951841807,ForAutomation-1
FA1-QA-Automation-PM-1579951929941,ForAutomation-1
gdf54,gsdf54
FA1-QA-Automation-PM-1580118513586,ForAutomation-1
FA1-QA-Automation-PM-1580118599525,ForAutomation-1
FA1-QA-Automation-PM-1580119000641,ForAutomation-1
FA1-QA-Automation-PM-1580118902812,ForAutomation-1
FA1-QA-Automation-PM-1580119092632,ForAutomation-1
FA1-QA-Automation-PM-1580122274436,ForAutomation-1
FA1-QA-Automation-PM-1580122287181,ForAutomation-1
FA1-QA-Automation-PM-1580122299381,ForAutomation-1
FA1-QA-Automation-PM-1580739177959,ForAutomation-1
FA1-QA-Automation-PM-1580739236187,ForAutomation-1
FA1-QA-Automation-PM-1580739297601,ForAutomation-1
FA1-QA-Automation-PM-1580804052514,ForAutomation-1
st-code-QA-Automation-PM-1580823593771,st-name
st-code-QA-Automation-PM-1580824659726,st-name
st-code-QA-Automation-PM-1580824668260,st-name
st-code-QA-Automation-PM-1580825421633,st-name
st-code-QA-Automation-PM-1580825429971,st-name
st-code-QA-Automation-PM-1581672328605,st-name
st-code-QA-Automation-PM-1581672336460,st-name
st-code-QA-Automation-PM-1581672419858,st-name
st-code-QA-Automation-PM-1581672433905,st-name
sunilnayaer,rgrttrtshri
FA1-QA-Automation-PM-1579943724590,ForAutomation-1
FA1-QA-Automation-PM-1579943912740,ForAutomation-1
FA1-QA-Automation-PM-1579943982175,ForAutomation-1
FA-3-QA-Automation-PM-1579944210967,automation
FA1-QA-Automation-PM-1579944840441,ForAutomation-1
FA1-QA-Automation-PM-1579945601182,ForAutomation-1
FA1-QA-Automation-PM-1579946391617,ForAutomation-1
FA1-QA-Automation-PM-1579945750299,ForAutomation-1
FA1-QA-Automation-PM-1579946439840,ForAutomation-1
FA1-QA-Automation-PM-1579946521800,ForAutomation-1
FA1-QA-Automation-PM-1579947906181,ForAutomation-1
FA1-QA-Automation-PM-1579947973588,ForAutomation-1
FA1-QA-Automation-PM-1579948075986,ForAutomation-1
FA1-QA-Automation-PM-1579948803831,ForAutomation-1
FA1-QA-Automation-PM-1579951759714,ForAutomation-1
FA1-QA-Automation-PM-1579951884878,ForAutomation-1
FA1-QA-Automation-PM-1579951934693,ForAutomation-1
FA1-QA-Automation-PM-1580113652909,ForAutomation-1
FA1-QA-Automation-PM-1580118517820,ForAutomation-1
FA1-QA-Automation-PM-1580118608146,ForAutomation-1
FA1-QA-Automation-PM-1580118612255,ForAutomation-1
FA1-QA-Automation-PM-1580118913228,ForAutomation-1
FA1-QA-Automation-PM-1580119097791,ForAutomation-1
FA1-QA-Automation-PM-1580122275196,ForAutomation-1
FA1-QA-Automation-PM-1580122287764,ForAutomation-1
FA1-QA-Automation-PM-1580122299981,ForAutomation-1
stcode-1236,stname-1236
FA1-QA-Automation-PM-1580739181162,ForAutomation-1
FA1-QA-Automation-PM-1580739238984,ForAutomation-1
FA1-QA-Automation-PM-1580739300470,ForAutomation-1
FA1-QA-Automation-PM-1580804056755,ForAutomation-1
st-code-QA-Automation-PM-1580823594360,st-name
st-code-QA-Automation-PM-1580824660160,st-name
st-code-QA-Automation-PM-1580824668772,st-name
st-code-QA-Automation-PM-1580825422188,st-name
st-code-QA-Automation-PM-1580825430380,st-name
st-code-QA-Automation-PM-1581672329070,st-name
st-code-QA-Automation-PM-1581672336830,st-name
st-code-QA-Automation-PM-1581672423804,st-name
st-code-QA-Automation-PM-1581672340785,"st_-()!@+/.,%:"
strategyFrosdafmAPI1237687,strategyfromAPI
xczsdfsfs,gnfgngg
FA1-QA-Automation-PM-1579943727483,ForAutomation-1
FA1-QA-Automation-PM-1579943917441,ForAutomation-1
FA1-QA-Automation-PM-1579944001119,ForAutomation-1
FA-3-QA-Automation-PM-1579944211726,automation
bvnbcxbgjhfjdhgjt,efefefvfvfv
FA1-QA-Automation-PM-1579945607671,ForAutomation-1
FA1-QA-Automation-PM-1579946431959,ForAutomation-1
FA1-QA-Automation-PM-1579945808831,ForAutomation-1
FA1-QA-Automation-PM-1579946443791,ForAutomation-1
FA1-QA-Automation-PM-1579946525890,ForAutomation-1
FA1-QA-Automation-PM-1579947911482,ForAutomation-1
FA1-QA-Automation-PM-1579947926913,ForAutomation-1
FA1-QA-Automation-PM-1579948081082,ForAutomation-1
FA1-QA-Automation-PM-1579948838468,ForAutomation-1
FA1-QA-Automation-PM-1579951764012,ForAutomation-1
FA1-QA-Automation-PM-1579951919918,ForAutomation-1
FA1-QA-Automation-PM-1579951944941,ForAutomation-1
FA1-QA-Automation-PM-1580113661634,ForAutomation-1
FA1-QA-Automation-PM-1580118521926,ForAutomation-1
FA1-QA-Automation-PM-1580118672978,ForAutomation-1
FA1-QA-Automation-PM-1580118620428,ForAutomation-1
FA1-QA-Automation-PM-1580118933933,ForAutomation-1
FA1-QA-Automation-PM-1580119102782,ForAutomation-1
FA1-QA-Automation-PM-1580122275885,ForAutomation-1
FA1-QA-Automation-PM-1580122288405,ForAutomation-1
FA1-QA-Automation-PM-1580122300668,ForAutomation-1
stcode-1237,stname-1237
FA1-QA-Automation-PM-1580739184308,ForAutomation-1
FA1-QA-Automation-PM-1580739242202,ForAutomation-1
FA1-QA-Automation-PM-1580739303286,ForAutomation-1
FA1-QA-Automation-PM-1580804059880,ForAutomation-1
st-code-QA-Automation-PM-1580823595040,st-name
st-code-QA-Automation-PM-1580824660752,st-name
st-code-QA-Automation-PM-1580824669138,st-name
st-code-QA-Automation-PM-1580825422635,st-name
st-code-QA-Automation-PM-1580825430759,"st_-()!@+/.,%:"
st-code-QA-Automation-PM-1581672329513,st-name
st-code-QA-Automation-PM-1581672337182,st-name
st-code-QA-Automation-PM-1581672425479,st-name
st-code-QA-Automation-PM-1581672424268,st-name
strategyFrosdafmAPI123678,strategyfromAPI
AAAAAAAAAAAAAAAAAAAAAAAAAAAAAAAAAAA,GBFGBGBGBG
FA1-QA-Automation-PM-1579943736598,ForAutomation-1
FA1-QA-Automation-PM-1579943922072,ForAutomation-1
FA1-QA-Automation-PM-1579944005691,ForAutomation-1
FA-3-QA-Automation-PM-1579944212448,automation
FA1-QA-Automation-PM-1579945455994,ForAutomation-1
FA1-QA-Automation-PM-1579945614205,ForAutomation-1
FA1-QA-Automation-PM-1579945823538,ForAutomation-1
FA1-QA-Automation-PM-1579946447728,ForAutomation-1
FA1-QA-Automation-PM-1579946530005,ForAutomation-1
FA1-QA-Automation-PM-1579947948012,ForAutomation-1
FA1-QA-Automation-PM-1579947932413,ForAutomation-1
FA1-QA-Automation-PM-1579948086479,ForAutomation-1
FA1-QA-Automation-PM-1579948844500,ForAutomation-1
FA1-QA-Automation-PM-1579951768252,ForAutomation-1
FA1-QA-Automation-PM-1579951846533,ForAutomation-1
FA1-QA-Automation-PM-1579951949949,ForAutomation-1
FA1-QA-Automation-PM-1580113671293,ForAutomation-1
FA1-QA-Automation-PM-1580118526616,ForAutomation-1
FA1-QA-Automation-PM-1580118897081,ForAutomation-1
FA1-QA-Automation-PM-1580118624567,ForAutomation-1
FA1-QA-Automation-PM-1580118939023,ForAutomation-1
FA1-QA-Automation-PM-1580119108139,ForAutomation-1
FA1-QA-Automation-PM-1580122276499,ForAutomation-1
FA1-QA-Automation-PM-1580122289022,ForAutomation-1
FA1-QA-Automation-PM-1580122301267,ForAutomation-1
stcode-123,stname123
FA1-QA-Automation-PM-1580739187714,ForAutomation-1
FA1-QA-Automation-PM-1580739245028,ForAutomation-1
FA1-QA-Automation-PM-1580739306443,ForAutomation-1
FA1-QA-Automation-PM-1580804063020,ForAutomation-1
st-code-QA-Automation-PM-1580823595553,st-name
st-code-QA-Automation-PM-1580824661315,st-name
st-code-QA-Automation-PM-1580824669528,st-name
st-code-QA-Automation-PM-1580825423058,st-name
"st_-()!@+/.,%:-QA-Automation-PM-1580825431160",st-name
st-code-QA-Automation-PM-1581672329987,st-name
st-code-QA-Automation-PM-1581672337571,st-name
st-code-QA-Automation-PM-1581672427679,st-name
st-code-QA-Automation-PM-1581672426822,st-name
strategyFrosdafmAPI12367889,strategyfromAPI
asf,asdf
FA1-QA-Automation-PM-1579943740007,ForAutomation-1
FA1-QA-Automation-PM-1579944010325,ForAutomation-1
FA1-QA-Automation-PM-1579944241465,ForAutomation-1
FA1-QA-Automation-PM-1579945477044,ForAutomation-1
FA1-QA-Automation-PM-1579945621092,ForAutomation-1
FA1-QA-Automation-PM-1579945728715,ForAutomation-1
FA1-QA-Automation-PM-1579946451935,ForAutomation-1
FA1-QA-Automation-PM-1579946534050,ForAutomation-1
FA1-QA-Automation-PM-1579947953245,ForAutomation-1
FA1-QA-Automation-PM-1579947989155,ForAutomation-1
FA1-QA-Automation-PM-1579948091453,ForAutomation-1
FA1-QA-Automation-PM-1579949086283,ForAutomation-1
FA1-QA-Automation-PM-1579951772573,ForAutomation-1
FA1-QA-Automation-PM-1579951851573,ForAutomation-1
FA1-QA-Automation-PM-1579951959984,ForAutomation-1
FA1-QA-Automation-PM-1580113676295,ForAutomation-1
FA1-QA-Automation-PM-1580118530932,ForAutomation-1
FA1-QA-Automation-PM-1580118918441,ForAutomation-1
FA1-QA-Automation-PM-1580118628928,ForAutomation-1
FA1-QA-Automation-PM-1580119010840,ForAutomation-1
FA1-QA-Automation-PM-1580119113344,ForAutomation-1
FA1-QA-Automation-PM-1580122277119,ForAutomation-1
FA1-QA-Automation-PM-1580122289617,ForAutomation-1
FA1-QA-Automation-PM-1580122301868,ForAutomation-1
UI-stcode,strategy-UI
FA1-QA-Automation-PM-1580739190660,ForAutomation-1
FA1-QA-Automation-PM-1580739247907,ForAutomation-1
FA1-QA-Automation-PM-1580739309475,ForAutomation-1
FA1-QA-Automation-PM-1580804066023,ForAutomation-1
st-code-QA-Automation-PM-1580823596081,st-name
st-code-QA-Automation-PM-1580824661874,st-name
st-code-QA-Automation-PM-1580824669929,st-name
st-code-QA-Automation-PM-1580825423508,st-name
st-code-QA-Automation-PM-1580895781469,st-name
st-code-QA-Automation-PM-1581672330447,st-name
st-code-QA-Automation-PM-1581672337924,st-name
st-code-QA-Automation-PM-1581672429207,st-name
st-code-QA-Automation-PM-1581672428088,st-name
2423,asdf
FA1-QA-Automation-PM-1579943822464,ForAutomation-1
FA1-QA-Automation-PM-1579943926583,ForAutomation-1
FA1-QA-Automation-PM-1579944015124,ForAutomation-1
FA1-QA-Automation-PM-1579944591806,ForAutomation-1
FA1-QA-Automation-PM-1579945483853,ForAutomation-1
FA1-QA-Automation-PM-1579945627915,ForAutomation-1
FA1-QA-Automation-PM-1579945743432,ForAutomation-1
FA-2-QA-Automation-PM-1579946364533,ForAutomation2
FA1-QA-Automation-PM-1579946455682,ForAutomation-1
FA1-QA-Automation-PM-1579946538064,ForAutomation-1
FA1-QA-Automation-PM-1579947958210,ForAutomation-1
FA1-QA-Automation-PM-1579947994636,ForAutomation-1
FA1-QA-Automation-PM-1579948096416,ForAutomation-1
FA1-QA-Automation-PM-1579949089723,ForAutomation-1
FA1-QA-Automation-PM-1579951777079,ForAutomation-1
FA1-QA-Automation-PM-1579951861342,ForAutomation-1
FA-2-QA-Automation-PM-1579953210193,ForAutomation2
FA1-QA-Automation-PM-1580113683039,ForAutomation-1
FA1-QA-Automation-PM-1580118535852,ForAutomation-1
FA1-QA-Automation-PM-1580118928763,ForAutomation-1
FA1-QA-Automation-PM-1580118633119,ForAutomation-1
FA1-QA-Automation-PM-1580119015971,ForAutomation-1
FA1-QA-Automation-PM-1580119118535,ForAutomation-1
FA1-QA-Automation-PM-1580122277774,ForAutomation-1
FA1-QA-Automation-PM-1580122290213,ForAutomation-1
FA1-QA-Automation-PM-1580122302457,ForAutomation-1
0132,alex strategy 01302
FA1-QA-Automation-PM-1580739193483,ForAutomation-1
FA1-QA-Automation-PM-1580739250835,ForAutomation-1
FA1-QA-Automation-PM-1580739312295,ForAutomation-1
FA1-QA-Automation-PM-1580804069198,ForAutomation-1
st-code-QA-Automation-PM-1580823596627,st-name
st-code-QA-Automation-PM-1580824662444,st-name
st-code-QA-Automation-PM-1580824670286,st-name
st-code-QA-Automation-PM-1580825423927,st-name
stcodehgfhgj-1237,stname-1237
st-code-QA-Automation-PM-1581672330862,st-name
st-code-QA-Automation-PM-1581672338266,st-name
st-code-QA-Automation-PM-1581672431319,st-name
st-code-QA-Automation-PM-1581672430286,st-name
BHBJFJGHHGHHHHHHHHHHHTT,HYTYNTYJYUJ
FA1-QA-Automation-PM-1579943827772,ForAutomation-1
FA1-QA-Automation-PM-1579943931184,ForAutomation-1
FA1-QA-Automation-PM-1579944019708,ForAutomation-1
FA1-QA-Automation-PM-1579944601126,ForAutomation-1
FA1-QA-Automation-PM-1579945497092,ForAutomation-1
FA1-QA-Automation-PM-1579945634775,ForAutomation-1
FA1-QA-Automation-PM-1579945757606,ForAutomation-1
"code-()!@+/.,%-QA-Automation-PM-1579946369184","name-()!@+/.,%"
FA1-QA-Automation-PM-1579946459615,ForAutomation-1
FA1-QA-Automation-PM-1579946542527,ForAutomation-1
FA1-QA-Automation-PM-1579947978433,ForAutomation-1
FA1-QA-Automation-PM-1579948000195,ForAutomation-1
FA1-QA-Automation-PM-1579948101427,ForAutomation-1
FA1-QA-Automation-PM-1579949099835,ForAutomation-1
FA1-QA-Automation-PM-1579951781103,ForAutomation-1
FA1-QA-Automation-PM-1579951875681,ForAutomation-1
FA-3-QA-Automation-PM-1579953212615,automation
FA1-QA-Automation-PM-1580113692483,ForAutomation-1
FA1-QA-Automation-PM-1580118540667,ForAutomation-1
FA1-QA-Automation-PM-1580118985316,ForAutomation-1
FA1-QA-Automation-PM-1580118908169,ForAutomation-1
FA1-QA-Automation-PM-1580119021189,ForAutomation-1
FA1-QA-Automation-PM-1580119123824,ForAutomation-1
FA1-QA-Automation-PM-1580122278592,ForAutomation-1
FA1-QA-Automation-PM-1580122290910,ForAutomation-1
FA1-QA-Automation-PM-1580122303047,ForAutomation-1
FA1-QA-Automation-PM-1580461886015,ForAutomation-1
FA1-QA-Automation-PM-1580739196346,ForAutomation-1
FA1-QA-Automation-PM-1580739253725,ForAutomation-1
FA1-QA-Automation-PM-1580739315154,ForAutomation-1
FA1-QA-Automation-PM-1580804072052,ForAutomation-1
st-code-QA-Automation-PM-1580823597194,st-name
st-code-QA-Automation-PM-1580824662983,st-name
st-code-QA-Automation-PM-1580824670645,st-name
st-code-QA-Automation-PM-1580825424371,st-name
sCode23423,sName07022020
st-code-QA-Automation-PM-1581672331257,st-name
st-code-QA-Automation-PM-1581672338620,st-name
st-code-QA-Automation-PM-1581672432748,st-name
st-code-QA-Automation-PM-1581672431710,st-name
