{
    "clientNumber": "$clientNumber",
    "messageId": "ACOM/APPS_APPS02PU",
    "request": {
        "appsCommArea": {
            "acomFrstTimeInd": "",
            "appsUpdateAuthInd": "U",
            "appsAcctNo": "",
            "appsErrorInd": "",
            "acomFromDet": "",
            "appsApps02PiCarrs": {
                "appsPiCarrsRec": [
                    {
                        "appsApps02PiCarrierCd": ""
                    },
                    {
                        "appsApps02PiCarrierCd": ""
                    },
                    {
                        "appsApps02PiCarrierCd": ""
                    },
                    {
                        "appsApps02PiCarrierCd": ""
                    },
                    {
                        "appsApps02PiCarrierCd": ""
                    },
                    {
                        "appsApps02PiCarrierCd": ""
                    },
                    {
                        "appsApps02PiCarrierCd": ""
                    },
                    {
                        "appsApps02PiCarrierCd": ""
                    },
                    {
                        "appsApps02PiCarrierCd": ""
                    },
                    {
                        "appsApps02PiCarrierCd": ""
                    },
                    {
                        "appsApps02PiCarrierCd": ""
                    },
                    {
                        "appsApps02PiCarrierCd": ""
                    },
                    {
                        "appsApps02PiCarrierCd": ""
                    },
                    {
                        "appsApps02PiCarrierCd": ""
                    },
                    {
                        "appsApps02PiCarrierCd": ""
                    }
                ]
            },
            "apps04Cskey4Ratt": "",
            "appsPageControl": "",
            "appsKeyPrev": "",
            "appsApps02PuPageCount": "01",
            "appsUserId": "",
            "appsPlan": "G3658T116",
            "appsFunctionCode": "2",
            "appc01CuCarrIftEl": "",
            "appsCarrierNo": "SG",
            "appsApps02PiLastCarr": "",
            "appsNewStatus": "",
            "appc01CuCarrName": "",
            "appsUpdFinal": "",
            "appsBalanceInd": "",
            "appsDeleteAuthInd": "D",
            "appsAcctName": "",
            "appsSubReqType": "",
            "appsChangeStatus": "",
            "appsOptionChg": "",
            "appc01CuCarrAreacd": "",
            "appsFirstLastInd": "B",
            "appsErrorSw": "",
            "apps03Ps": "",
            "apps04CsToAlph": "",
            "appsPageCountNine": "000",
            "appsCmnArea": "000000000000000",
            "appsMaxCusip": "G3658T116",
            "appsPendAcctCur": "0",
            "appsSt04Cs": "",
            "appsApps02PuLastCusip": "G3658T116",
            "appsSWrong": "00",
            "appc01CuCarrExchcd": "",
            "appsCicsUserId": "OQSE",
            "appsOption": "",
            "apps04CsBrAeSt": "",
            "appsSaveKey": "",
            "appsApps02PuLastCarr": "",
            "appc01CuUpdateAuthInd": "",
            "apps04CsIrsQCd": "",
            "appsBrnNo": "",
            "appsCarr1TimeInd": "N",
            "appsLn": "",
            "appsFirm": "",
            "appsNewAe": "",
            "appsAcctNo04Cs": "",
            "appsTin": "",
            "appsAddDeleteInd": "",
            "appsNewbr": "",
            "appsFirstTimeInd": "",
            "appsApps02PiLastCusip": "",
            "appsChangeStatusP": "",
            "appsUpdateBankInd": "",
            "appsNewCntrFl": "",
            "appsSt03Ps": "",
            "appsMinCusip": "G3658T116",
            "appsApps02PiSelTable": {
                "appsPiSelRec": [
                    {
                        "appsApps02PiSel": ""
                    },
                    {
                        "appsApps02PiSel": ""
                    },
                    {
                        "appsApps02PiSel": ""
                    },
                    {
                        "appsApps02PiSel": ""
                    },
                    {
                        "appsApps02PiSel": ""
                    },
                    {
                        "appsApps02PiSel": ""
                    },
                    {
                        "appsApps02PiSel": ""
                    },
                    {
                        "appsApps02PiSel": ""
                    },
                    {
                        "appsApps02PiSel": ""
                    },
                    {
                        "appsApps02PiSel": ""
                    },
                    {
                        "appsApps02PiSel": ""
                    },
                    {
                        "appsApps02PiSel": ""
                    },
                    {
                        "appsApps02PiSel": ""
                    },
                    {
                        "appsApps02PiSel": ""
                    },
                    {
                        "appsApps02PiSel": ""
                    }
                ]
            },
            "appsApps02PiFirstCusip": "",
            "appsApiInd": "API",
            "appsApps02PuFirstCarr": "",
            "appsAe04Cs": "",
            "appsPageCount": "0",
            "appsNewac": "",
            "appsAcctType": "",
            "apps04Cs": "",
            "appsApps02PiFirstCarr": "",
            "appsUpdateConfirm": "",
            "appsReturnTo": "M",
            "appsFrom": "L",
            "appc01CuCicsUserId": "",
            "appsErrorMsg": "",
            "appsCarr2TimeInd": "N",
            "appsBalanceIndP": "",
            "b1CardFndSw": "N",
            "appc01CuCarrExtcd": "",
            "appc01CuContextFlag": "",
            "appsStartKey": "SG  G3658T116",
            "appsDetailKey": "",
            "appsPendAcctMax": "0",
            "appsApps02PiRest": "000000000000000    0  00050  08/16/210  04:21:020 1    0 1                              0                                                                         0  IPC0                                                                          0  ---  1C  1G3658T1160 1                                  00A 0 1 0 A   0 1 0 1         0 1                                  0 1 0 1 0 1   0 1 0 1         0 1                                  0 1 0 1 0 1   0 1 0 1         0 1                                  0 1 0 1 0 1   0 1 0 1         0 1                                  0 1 0 1 0 1   0 1 0 1         0 1                                  0 1 0 1 0 1   0 1 0 1         0 1                                  0 1 0 1 0 1   0 1 0 1         0 1                                  0 1 0 1 0 1   0 1 0 1         0 1                                  0 1 0 1 0 1   0 1 0 1         0 1                                  0 1 0 1 0 1   0 1 0 1         0 1                                  0 1 0 1 0 1   0 1 0 1         0 1                                  0 1 0 1 0 1   0 1 0 1         0 1                                  0 1 0 1 0 1   0 1 0 1         0 1                                  0 1 0 1 0 1   0 1 0 1         0 1                                  0 1 0 1 0 1   0                                0     0       0  ENTER NEW STATUS/PRODUCT TYPE",
            "appsTranId": "APPS",
            "appsPageInd": "",
            "appsOrderPrev": "",
            "appsBrnNo04Cs": "",
            "appsFrmid": "",
            "appsAcctCkdg": "",
            "appsNewplan": "",
            "appsErrorMessage": "",
            "appc01CuActcode": "",
            "appsStatus": "",
            "appc01CuCarrCont": "",
            "apps03PsToAlph": "",
            "appsErrorSub": "00",
            "appsCycleFlag": "2",
            "appsFunctionPrev": "",
            "appsContract": "",
            "appsNewcntr": "",
            "appsPendAcctGroup": {
                "appsPendTable": [
                    {
                        "appsPendAcct": ""
                    },
                    {
                        "appsPendAcct": ""
                    },
                    {
                        "appsPendAcct": ""
                    },
                    {
                        "appsPendAcct": ""
                    },
                    {
                        "appsPendAcct": ""
                    },
                    {
                        "appsPendAcct": ""
                    },
                    {
                        "appsPendAcct": ""
                    },
                    {
                        "appsPendAcct": ""
                    },
                    {
                        "appsPendAcct": ""
                    }
                ]
            },
            "appsApps02PuFirstCusip": "G3658T116",
            "appsNewcarr": "",
            "appc01CuCarrNo": ""
        },
        "inputDetails": {
            "appstrnI": "",
            "appstrnLx": "0",
            "cltnoI": "",
            "cltnoLx": "0",
            "dateI": "",
            "dateLx": "0",
            "timeI": "",
            "timeLx": "0",
            "carrnoI": "",
            "carrnoLx": "0",
            "carrnmI": "",
            "carrnmLx": "0",
            "hdline1I": "",
            "hdline1Lx": "0",
            "hdipc1I": "",
            "hdipc1Lx": "0",
            "hdline2I": "",
            "hdline2Lx": "0",
            "hdipc2I": "",
            "hdipc2Lx": "0",
            "sel1I": "C",
            "sel1Lx": "",
            "cusip1I": "$cusip",
            "cusip1Lx": "",
            "desc1I": "",
            "desc1Lx": "0",
            "stat1I": "S",
            "stat1Lx": "",
            "type1I": "",
            "type1Lx": "0",
            "ipc1I": "$ipc",
            "ipc1Lx": "",
            "sel2I": "",
            "sel2Lx": "0",
            "cusip2I": "",
            "cusip2Lx": "0",
            "desc2I": "",
            "desc2Lx": "0",
            "stat2I": "",
            "stat2Lx": "0",
            "type2I": "",
            "type2Lx": "0",
            "ipc2I": "",
            "ipc2Lx": "0",
            "sel3I": "",
            "sel3Lx": "0",
            "cusip3I": "",
            "cusip3Lx": "0",
            "desc3I": "",
            "desc3Lx": "0",
            "stat3I": "",
            "stat3Lx": "0",
            "type3I": "",
            "type3Lx": "0",
            "ipc3I": "",
            "ipc3Lx": "0",
            "sel4I": "",
            "sel4Lx": "0",
            "cusip4I": "",
            "cusip4Lx": "0",
            "desc4I": "",
            "desc4Lx": "0",
            "stat4I": "",
            "stat4Lx": "0",
            "type4I": "",
            "type4Lx": "0",
            "ipc4I": "",
            "ipc4Lx": "0",
            "sel5I": "",
            "sel5Lx": "0",
            "cusip5I": "",
            "cusip5Lx": "0",
            "desc5I": "",
            "desc5Lx": "0",
            "stat5I": "",
            "stat5Lx": "0",
            "type5I": "",
            "type5Lx": "0",
            "ipc5I": "",
            "ipc5Lx": "0",
            "sel6I": "",
            "sel6Lx": "0",
            "cusip6I": "",
            "cusip6Lx": "0",
            "desc6I": "",
            "desc6Lx": "0",
            "stat6I": "",
            "stat6Lx": "0",
            "type6I": "",
            "type6Lx": "0",
            "ipc6I": "",
            "ipc6Lx": "0",
            "sel7I": "",
            "sel7Lx": "0",
            "cusip7I": "",
            "cusip7Lx": "0",
            "desc7I": "",
            "desc7Lx": "0",
            "stat7I": "",
            "stat7Lx": "0",
            "type7I": "",
            "type7Lx": "0",
            "ipc7I": "",
            "ipc7Lx": "0",
            "sel8I": "",
            "sel8Lx": "0",
            "cusip8I": "",
            "cusip8Lx": "0",
            "desc8I": "",
            "desc8Lx": "0",
            "stat8I": "",
            "stat8Lx": "0",
            "type8I": "",
            "type8Lx": "0",
            "ipc8I": "",
            "ipc8Lx": "0",
            "sel9I": "",
            "sel9Lx": "0",
            "cusip9I": "",
            "cusip9Lx": "0",
            "desc9I": "",
            "desc9Lx": "0",
            "stat9I": "",
            "stat9Lx": "0",
            "type9I": "",
            "type9Lx": "0",
            "ipc9I": "",
            "ipc9Lx": "0",
            "sel10I": "",
            "sel10Lx": "0",
            "cusip10I": "",
            "cusip10Lx": "0",
            "desc10I": "",
            "desc10Lx": "0",
            "stat10I": "",
            "stat10Lx": "0",
            "type10I": "",
            "type10Lx": "0",
            "ipc10I": "",
            "ipc10Lx": "0",
            "sel11I": "",
            "sel11Lx": "0",
            "cusip11I": "",
            "cusip11Lx": "0",
            "desc11I": "",
            "desc11Lx": "0",
            "stat11I": "",
            "stat11Lx": "0",
            "type11I": "",
            "type11Lx": "0",
            "ipc11I": "",
            "ipc11Lx": "0",
            "sel12I": "",
            "sel12Lx": "0",
            "cusip12I": "",
            "cusip12Lx": "0",
            "desc12I": "",
            "desc12Lx": "0",
            "stat12I": "",
            "stat12Lx": "0",
            "type12I": "",
            "type12Lx": "0",
            "ipc12I": "",
            "ipc12Lx": "0",
            "sel13I": "",
            "sel13Lx": "0",
            "cusip13I": "",
            "cusip13Lx": "0",
            "desc13I": "",
            "desc13Lx": "0",
            "stat13I": "",
            "stat13Lx": "0",
            "type13I": "",
            "type13Lx": "0",
            "ipc13I": "",
            "ipc13Lx": "0",
            "sel14I": "",
            "sel14Lx": "0",
            "cusip14I": "",
            "cusip14Lx": "0",
            "desc14I": "",
            "desc14Lx": "0",
            "stat14I": "",
            "stat14Lx": "0",
            "type14I": "",
            "type14Lx": "0",
            "ipc14I": "",
            "ipc14Lx": "0",
            "sel15I": "",
            "sel15Lx": "0",
            "cusip15I": "",
            "cusip15Lx": "0",
            "desc15I": "",
            "desc15Lx": "0",
            "stat15I": "",
            "stat15Lx": "0",
            "type15I": "",
            "type15Lx": "0",
            "ipc15I": "",
            "ipc15Lx": "0",
            "newcontI": "",
            "newcontLx": "0",
            "newbranI": "",
            "newbranLx": "0",
            "newacctI": "",
            "newacctLx": "0",
            "msglineI": "",
            "msglineLx": "0"
        }
    },
    "token": "${orderidfrompost}"
}