{
  "clientNumber": "0005",
  "messageId": "MFRS/MFRS_TBLMAINTENANCE",
  "version": "6.10",
  "request": {
    "requestReturn": "Y",
    "cusip": "G3658T116",
    "actionType": "1",
    "screenInd": "B",
    "screenInput": {
      "regOption": "",
      "ntwkLvl": "",
      "houseAccFnd": "",
      "brkrOtherSd": "",
      "processCode": "",
      "leggProp": "",
      "tradingAcct": "",
      "commSttlBltrCode": "",
      "elgNtwkngLvl3": "Y",
      "elgNtwkngLvl4": "Y",
      "tradeBltrCode": "4H",
      "settleCycle": "",
      "trBuy1": "",
      "trBuy2": "",
      "trSell1": "",
      "trSell2": "",
      "pip": "N",
      "pipMin": "",
      "swp": "N",
      "swpMin": "",
      "ntf": "N",
      "ntfDate": "",
      "cutoffBuyInd": "",
      "cutoffSellInd": "",
      "cutoffExchInd": "",
      "trfr": "",
      "reptvBlk": "",
      "trade": "",
      "src": "",
      "srcBuyInd": "",
      "srcSellInd": "",
      "srcExchInd": "",
      "fundAgrmnt": "N",
      "offShore": "N",
      "agg": "",
      "trd641d": "",
      "trd641c": "",
      "fundProcessor": "",
      "tender": "",
      "intervalInd": "",
      "cleanShareDt": "05252021",
      "mktTiming": "",
      "roaExempt": "",
      "roaMin": "",
      "ibBuyMin": "",
      "ibBuyMax": "",
      "relDate": "",
      "sbBuyMin": "",
      "sbBuyMax": "",
      "iraIbMin": "",
      "iraIbMax": "",
      "iraSbMin": "",
      "iraSbMax": "",
      "sellMin": "",
      "sellMax": "",
      "socCd": "",
      "mmkt": "N",
      "domestic": "N",
      "pexf": "Y",
      "pext": "Y",
      "fundServe": "",
      "comEx": "N",
      "wavAccFund": "",
      "aoTradingDays": "",
      "tdrStartDt": "05282021",
      "cleanShrCls": "Y",
      "dfaInd": "N",
      "planInd": "",
      "newInvstInd": "",
      "ofshNegCmsnPct": "",
      "mnyMarketInd": "N",
      "type": "RQMFTBDT",
      "shareClassCd": "",
      "prdcrCd": "",
      "prodCd": "",
      "intrnlFndFmlyCd": "",
      "siFundFmlyDescTxt": "",
      "stateCd": "",
      "tdrCashWarning": "",
      "tdrReinvWarning": ""
    },
    "turnaround": {
      "encoding": "test1",
      "value": "Test"
    }
  },
  "token": "${orderidfrompost}"
}