{
	"version": "1.00",
	"token": "${orderidfrompost}",
	"messageId": "MFRS/MFRS_LOI",
	"clientNumber": "0005",
	"request": {
		"requestReturn": "N",
		"turnaround": {
			"value": "",
			"encoding": ""
		},
		"requestType": "MFMSDLOI",
		"sendFields": {
			"actionType": "A",
			"autoSubmitFlag": "A"
		},
		"fields": {
			"msdcSecurity": "00141T254",
			"msdc20LoiApplyRlsInd": "N",
			"msdc29LoiFlflCalcCd": "05",
			"msdc29LOiFlflPrdNbr": "",
			"msdc29LOiAltFlfPrNbr": "",
			"msdc29LOiMinimumAmt": "5.00",
			"msdc29LOiMinPrchCd": "",
			"msdc29LOiMinPrchAmt": "",
			"msdc29LOiBackDtInd": "",
			"msdc29LOiBkDtNbr": ""
		}
	}
}