{
    "request": {
        "requestReturn": "Y",
        "turnaround": "",
        "appsCommArea": {
            "acomFrstTimeInd": "",
            "appsUpdateAuthInd": "U",
            "appsAcctNo": "",
            "appsErrorInd": "",
            "acomFromDet": "",
            "apps04Cskey4Ratt": "",
            "appsPageControl": "",
            "appsKeyPrev": "",
            "appsUserId": "",
            "appsPlan": "",
            "appsFunctionCode": "5",
            "appc01CuCarrIftEl": "",
            "appsCarrierNo": "CXVH",
            "appsApps05CsRest": "00000000000000012/01/210  03:05:310 0    0  0005   CXVH   PYEKIOUAARP                   0            ZN  ZN0          0         0                  0         0                  0                     0         0                  0         0                  0                     0         0                  0         0                  0                     0         0                  0         0                  0         0                  0         0                  0  ARE YOU SURE YOU WANT TO UPDATE?",
            "appsNewStatus": "",
            "appc01CuCarrName": "",
            "appsUpdFinal": "",
            "appsBalanceInd": "",
            "appsDeleteAuthInd": "D",
            "appsAcctName": "",
            "appsSubReqType": "U",
            "appsChangeStatus": "",
            "appsOptionChg": "",
            "appc01CuCarrAreacd": "",
            "appsFirstLastInd": "F",
            "appsErrorSw": "",
            "apps03Ps": "",
            "apps04CsToAlph": "",
            "appsPageCountNine": "001",
            "appsCmnArea": "000000000000000",
            "appsPendAcctCur": "0",
            "appsSt04Cs": "",
            "appsSWrong": "00",
            "appsMaxName": "UNKNOWN",
            "appc01CuCarrExchcd": "",
            "appsCicsUserId": "OQSE",
            "appsOption": "",
            "apps04CsBrAeSt": "",
            "appsSaveKey": "",
            "appc01CuUpdateAuthInd": "",
            "apps04CsIrsQCd": "",
            "appsBrnNo": "",
            "appsCarr1TimeInd": "N",
            "appsLn": "0000",
            "appsFirm": "",
            "appsNewAe": "",
            "appsAcctNo04Cs": "",
            "appsTin": "",
            "appsAddDeleteInd": "",
            "appsNewbr": "",
            "appsFirstTimeInd": "",
            "appsChangeStatusP": "",
            "appsUpdateBankInd": "",
            "appsNewCntrFl": "",
            "appsSt03Ps": "",
            "appsApiInd": "API",
            "appsAe04Cs": "",
            "appsPageCount": "0",
            "appsNewac": "",
            "appsAcctType": "",
            "apps04Cs": "",
            "appsUpdateConfirm": "",
            "appsReturnTo": "L",
            "appsApps05CsCarrs": {
                "appsCsCarrsRec": [
                    {
                        "appsApps05CsCarrierCd": "CXVH"
                    },
                    {
                        "appsApps05CsCarrierCd": "CHMU"
                    },
                    {
                        "appsApps05CsCarrierCd": "P5K9"
                    },
                    {
                        "appsApps05CsCarrierCd": "A94O"
                    },
                    {
                        "appsApps05CsCarrierCd": "CUBK"
                    },
                    {
                        "appsApps05CsCarrierCd": "9CIR"
                    },
                    {
                        "appsApps05CsCarrierCd": "VY6T"
                    },
                    {
                        "appsApps05CsCarrierCd": "DQAN"
                    }
                ]
            },
            "appsFrom": "L",
            "appc01CuCicsUserId": "",
            "appsErrorMsg": "",
            "appsMinName": "PYEKIOUAARP",
            "appsCarr2TimeInd": "N",
            "appsBalanceIndP": "",
            "b1CardFndSw": "N",
            "appc01CuCarrExtcd": "",
            "appc01CuContextFlag": "",
            "appsStartKey": "",
            "appsDetailKey": "",
            "appsPendAcctMax": "0",
            "appsLastCarrier": "DQAN",
            "appsLastName": "PYEKIOUBRBQ",
            "appsTranId": "APPS",
            "appsPageInd": "",
            "appsOrderPrev": "",
            "appsFirstName": "PYEKIOUAARP",
            "appsBrnNo04Cs": "",
            "appsFrmid": "",
            "appsAcctCkdg": "",
            "appsNewplan": "",
            "appsErrorMessage": "",
            "appc01CuActcode": "",
            "appsStatus": "",
            "appc01CuCarrCont": "",
            "apps03PsToAlph": "",
            "appsErrorSub": "00",
            "appsFunctionPrev": "",
            "appsContract": "",
            "appsNewcntr": "",
            "appsPendAcctGroup": {
                "appsPendTable": [
                    {
                        "appsPendAcct": ""
                    },
                    {
                        "appsPendAcct": ""
                    },
                    {
                        "appsPendAcct": ""
                    },
                    {
                        "appsPendAcct": ""
                    },
                    {
                        "appsPendAcct": ""
                    },
                    {
                        "appsPendAcct": ""
                    },
                    {
                        "appsPendAcct": ""
                    },
                    {
                        "appsPendAcct": ""
                    },
                    {
                        "appsPendAcct": ""
                    }
                ]
            },
            "appsNewcarr": "",
            "appc01CuCarrNo": "",
            "appsFirstCarrier": "CXVH"
        },
        "inputDetails": {
            "prdrec3I": "",
            "pndval3Lx": "0",
            "prdrec7I": "",
            "cltnoI": "",
            "carrnmI": "PYEKIOUAARP",
            "pndval1Lx": "0",
            "timeI": "",
            "prdval5Lx": "0",
            "prdval6I": "",
            "pndrec2I": "",
            "prdval3Lx": "0",
            "suppflLx": "",
            "prdval2I": "",
            "prdval7Lx": "0",
            "pndval2I": "",
            "pndrec2Lx": "0",
            "carrnoLx": "",
            "prdrec4Lx": "0",
            "carrnmLx": "",
            "prdrec2Lx": "0",
            "updsta1I": "",
            "prdrec6Lx": "0",
            "prdrec2I": "",
            "updsta2Lx": "0",
            "prdrec6I": "",
            "prdval7I": "",
            "appstrnLx": "0",
            "pndrec3I": "",
            "prdval3I": "",
            "pnddateI": "",
            "cltnoLx": "0",
            "pndval3I": "",
            "prdval2Lx": "0",
            "updsta2I": "",
            "appstrnI": "",
            "carrnoI": "CXVH",
            "prdrec1I": "",
            "prdrec1Lx": "0",
            "pndval2Lx": "0",
            "prdrec5I": "",
            "msglineI": "",
            "agedflLx": "",
            "prdval6Lx": "0",
            "prdval4Lx": "0",
            "prdval4I": "",
            "pnddateLx": "0",
            "suppflI": "N",
            "pndrec3Lx": "0",
            "msglineLx": "0",
            "timeLx": "0",
            "pndrec1Lx": "0",
            "prdrec5Lx": "0",
            "prdrec3Lx": "0",
            "prdrec7Lx": "0",
            "updsta3I": "",
            "recdateLx": "0",
            "updsta1Lx": "0",
            "agedflI": "N",
            "prdrec4I": "",
            "prdval5I": "",
            "pndrec1I": "",
            "dateLx": "0",
            "prdval1I": "",
            "updsta3Lx": "0",
            "recdateI": "",
            "pndval1I": "",
            "dateI": "",
            "prdval1Lx": "0"
        }
    },
    "messageId": "ACOM/APPS_APPS05ST",
    "clientNumber": "$clientNmber",
    "token": "${orderidfrompost}"
}