{
    "clientNumber": "$clientNmber",
    "messageId": "CAGE/BUYIN/BUYIN_UPDATE",
    "version": "1.1",
    "request": {
        "requestReturn": "",
        "turnaround": {
            "encoding": "",
            "value": ""
        },
        "saveReFreshInfo": {
            "reqActionType": ""
        },
        "buyInUpdateRequest": {
            "reqType": "NON-CNS",
            "reqCurr": "USD",
            "reqBuySell": "B",
            "reqADPSec": "WAL",
            "reqQty": "1",
            "reqAmt": "1",
            "reqStmntDate": "09/28/2021",
            "reqBuyInDate": "$futureDate",
            "reqCLH": "352",
            "reqTagNbr": "210928L1668",
            "reqCmnts": "",
            "reqPrtcpNbr": "",
            "reqCurrentDate": "",
            "reqSpinType": "3"
        },
        "entities": [
            {
                "participantNumber": ""
            },
            {
                "participantNumber": ""
            }
        ]
    },
    "token": "${orderidfrompost}"
}