{
    "clientNumber": "$clientNmber",
    "messageId": "DECI/DECI_DECIABTM",
    "request": {
        "deciArea": {
            "deciTrnxid": "DECI",
            "deciToPgm": "",
            "deciCurrentSetnme": "",
            "deciCurrentMapnme": "",
            "deciCommunicAreaSw": "1",
            "deciB1value": "",
            "deciSystemSw": "B",
            "deciSysSecdSw": "",
            "deciViraValue": "",
            "deciOutsideAcctAmt": "",
            "deciCurrRechPy": "",
            "deciDeferredSw": "",
            "deciFixedDistribAmt": "",
            "deciMissingPriceSw": "",
            "deciPapersSentDate": "",
            "deciPapersRecvdSw": "",
            "deciPapersRecvdDate": "",
            "deciTransferSw": "",
            "deciTransferAmt": "",
            "deciPytransferAmt": "",
            "deciRrNum": "",
            "deciRatt01Commarea": "",
            "deciStubtestOption": "",
            "deciAutoRmdIndFile": "",
            "deciAutoRmdIndRcvd": "",
            "deciAppType": "",
            "deciServiceRequestType": "",
            "deciMapSendSwitch": "",
            "deciMapType": "",
            "deciMapResponse": "",
            "deciErrorSw": "",
            "deciErrorMsg": "",
            "deciTextMsg": "",
            "deciDecidxmSw": "",
            "deciDecidxmMsg1": "",
            "deciDecidxmMsg2": "",
            "deciDecidxmMsg3": "",
            "deciDecidxmMsg4": "",
            "deciDecidxmMsg5": "",
            "deciSelectionFld": "add",
            "deciParticBenefSw": "B",
            "deciB1ActiveSw": ""
        },
        "twaArea": {
            "deciReadPpsCode": "",
            "twaCltNoR": "",
            "twaReturnCode": "",
            "deciUpdateAuthInd": "Y",
            "deciCalcReturnCode": "",
            "deciPartAcctName": "",
            "twaAdrrUserFields": "",
            "deciPartAcctNameChg": "",
            "deciBenfSpSoleChg": "",
            "deciFiveyrPayoutOpt": "",
            "deciUserId": "V005OQSE",
            "deciShowUseridInd": "1",
            "deciCurrentDcy": "",
            "deciCalcAtt70": "0000",
            "tcaDfxParmList": "",
            "deciValueDateChg": "12312020",
            "deciFunctionCode": "1",
            "deciYearAttd70": "",
            "deciSeqDcy": "",
            "deciBenfinitBirthChg": "",
            "deciClntCode": "005",
            "deciAcctAmt": "000000000000000.00",
            "deciAnnualDistChg": "000000000000000.00",
            "deci5yrPayoutInd": "N",
            "deciBalanceInd": "",
            "deciFunctionPrev": "",
            "deciAnnualDistChgInd": "",
            "deciCalcAnualDist": "000000000000000.00",
            "deciCurrentDcyNum": "0000",
            "deciBenfAcctNameChg": "",
            "deciOrigPartDob": "",
            "deciFixedDistInd": "N",
            "deciCalcDistAmtTknInd": "",
            "deciBenfinitDeath": "",
            "deciOptionChg": "",
            "deciValueDate": "",
            "twaBranchTabAddr": "",
            "deciRmdSwpInd": "0",
            "deciBenfBirthDte": "",
            "deciSuspCode": "",
            "tcaParmListAddr": "",
            "tcaCommAreaAddr": "",
            "deciErrorInd": "",
            "deciChangeStatus": "",
            "deciAnnualDist": "000000000000000.00",
            "deciCalcDistAmtTkn": "000000000000000.00",
            "deciPartBirthDteChg": "",
            "deciPeriodDistChgInd": "",
            "deciAltBranch": "",
            "deciPartDeathDteChg": "",
            "deciAcctPrev": "5DE00853",
            "deciBenfinitBirth": "",
            "deciDistAmtTknInd": "1",
            "twaAddrLastUserTab": "",
            "deciBalanceIndP": "",
            "deciCalcMethodChg": "",
            "deciPartAge": "",
            "deciBenfAcctName": "HAYNES BARRETT",
            "deciBenfinitDeathChg": "",
            "deciPartBirthDte": "",
            "deciMdccurDynStatInd": "",
            "deciUpdateBankInd": "",
            "deciOrigPartDobChg": "",
            "deciAcctAmtInd": "",
            "deciPeriodDist": "000000000000000.00",
            "deciPeriodDistChg": "000000000000000.00",
            "deciUpdateConfirm": "",
            "deciChangeStatusP": "",
            "tcaReturnCode": "",
            "twaLength": "",
            "deciFirstTimeInd": "1",
            "deci10yrPayoutExcpChg": "",
            "deciBlockUpdateInd": "Y",
            "deciOption": "",
            "deciCalcReturnMsg": "",
            "tcaSaveArea": "",
            "deciBenfCalcIndChg": "",
            "deciBenfinitSpSoleChg": "",
            "deci10yrPayoutExcp": "",
            "deciPageCount": "",
            "deciCalcMethod": "",
            "deciAcctAmtChgInd": "",
            "twaBranchId": "",
            "deciPartDeathDte": "",
            "deciFiveyrPayoutOptChg": "",
            "deciErrorMessage": "",
            "deciMdccurRmdSwpInd": "",
            "deciBenfSpSole": "",
            "twaTransId": "",
            "deciPartCalcInd": "",
            "deciPartCalcIndChg": "",
            "deciFactorChg": "00.00",
            "deciBenfBirthDteChg": "",
            "deciHoldCount": "",
            "deciPeriodDistInd": "",
            "deciCalcAge": "000",
            "deci10yrExpDate": "",
            "deciDetailKey": "",
            "deciAcctAmtChg": "000000000000000.00",
            "deciFreqRemPaymentNum": "",
            "deciRmdCalcInd": "0",
            "deciYearAttd70Chg": "",
            "deciFreqPaymentNum": "00",
            "deciBenfCalcInd": "",
            "deciCalcSeqDcy": "00",
            "deciBenfinitSpSole": "",
            "deciTransRolInd": "0",
            "deciShowRemDistInd": "1",
            "deciValueDatePrev": "",
            "deciShowAltBrInd": "N",
            "deciAnnualDistInd": "",
            "deciCalcRemainingDist": "000000000000000.00",
            "deci10yrExpDateChg": "",
            "deciPartAgeChg": "",
            "deciCalcPeriodDist": "000000000000000.00",
            "deciCalcAge2": "000",
            "deciSeqDcyChg": "",
            "deciFreqPayment": "",
            "deciDistYrSw": "",
            "deciErrorSub": "00",
            "deciChkStatus": "",
            "deciCalcFactor": "00.{",
            "deciAcct": "5DE00853",
            "deciFirstDcy": "",
            "deciFirstDcyNum": "0000",
            "twaAddrClientTab": "",
            "deciFactor": "00.00"
        },
        "inputDetails": {
            "tranidI": "",
            "tranidLx": "",
            "cltnoI": "",
            "cltnoLx": "",
            "dateI": "",
            "dateLx": "",
            "timeI": "",
            "timeLx": "",
            "a1tbrdI": "",
            "a1tbrdLx": "",
            "a1tbrI": "",
            "a1tbrLx": "",
            "acctkeyI": "",
            "acctkeyLx": "",
            "acctnaI": "",
            "acctnaLx": "",
            "acctdteI": "12/31/2020",
            "acctdteLx": "",
            "acctvaI": "",
            "acctvaLx": "",
            "firsdcyI": "",
            "firsdcyLx": "",
            "benbirtI": "04/14/1950",
            "benbirtLx": "",
            "curtdcyI": "2022",
            "curtdcyLx": "",
            "parodobI": "04/20/1950",
            "parodobLx": "",
            "parddteI": "11/29/2021",
            "parddteLx": "",
            "dtedthbI": "",
            "dtedthbLx": "",
            "dobibenI": "",
            "dobibenLx": "",
            "solspinI": "",
            "solspinLx": "",
            "becalinI": "B",
            "becalinLx": "",
            "benfindI": "N",
            "benfindLx": "",
            "spsolbeI": "N",
            "spsolbeLx": "",
            "fivyrpdI": "",
            "fivyrpdLx": "",
            "fivyrpoI": "N",
            "fivyrpoLx": "",
            "tenyropI": "",
            "tenyropLx": "",
            "tenyrvaI": "C",
            "tenyrvaLx": "",
            "freqpayI": "1",
            "freqpayLx": "",
            "tenexppI": "",
            "tenexppLx": "",
            "tenexpvI": "",
            "tenexpvLx": "",
            "seqodcyI": "",
            "seqodcyLx": "",
            "partageI": "",
            "partageLx": "",
            "anudistI": "",
            "anudistLx": "",
            "perdistI": "",
            "perdistLx": "",
            "factorI": "",
            "factorLx": "",
            "remdispI": "",
            "remdispLx": "",
            "remdistI": "",
            "remdistLx": "",
            "distknpI": "",
            "distknpLx": "",
            "distknI": "0.00",
            "distknLx": "",
            "msgupdI": "",
            "msgupdLx": "",
            "msgupd2I": "",
            "msgupd2Lx": "",
            "palmsgI": "",
            "palmsgLx": "",
            "msglineI": "",
            "msglineLx": ""
        }
    },
    "token": "${orderidfrompost}"
}