{
    "clientNumber": "$clientNmber",
    "messageId": "DECI/DECI_DECIAPTM",
    "request": {
        "deciArea": {
            "deciSystemSw": "P",
            "deciStubtestOption": "",
            "deciB1ActiveSw": "A",
            "deciTransferSw": "",
            "deciDeferredSw": "",
            "deciMapResponse": "0",
            "deciErrorMsg": "",
            "deciAcctInd": "U",
            "deciParticBenefSw": "P",
            "deciAutoRmdIndRcvd": "",
            "deciCurrRechPy": "",
            "deciPapersRecvdSw": "",
            "deciMapSendSwitch": "SENDMAPONY",
            "deciAppType": "API",
            "deciErrorSw": "",
            "deciCurrentMapnme": "DECIPTM",
            "deciB1value": "1",
            "deciTransferAmt": "",
            "deciServiceRequestType": "SEND&RECV",
            "deciFaId": "LVYQ",
            "deciOutsideAcctAmt": "",
            "deciPapersSentDate": "",
            "deciDecidxmSw": "",
            "deciPytransferAmt": "",
            "deciAutoRmdIndFile": "",
            "deciTrnxid": "FRST",
            "deciCurrentSetnme": "DECIPTM",
            "deciFixedDistribAmt": "",
            "deciViraValue": "",
            "deciToPgm": "",
            "deciCommunicAreaSw": "1",
            "deciMapType": "DECIPTM",
            "deciRatt01Commarea": "",
            "deciMissingPriceSw": "",
            "deciDecidxmMsg1": "",
            "deciSelectionFld": "1st",
            "deciTextMsg": "",
            "deciPapersRecvdDate": "",
            "deciDecidxmMsg5": "",
            "deciSysSecdSw": "",
            "deciDecidxmMsg4": "",
            "deciDecidxmMsg3": "",
            "deciRrNum": ".-9",
            "deciDecidxmMsg2": ""
        },
        "twaArea": {
            "deciReadPpsCode": "",
            "twaCltNoR": "",
            "twaReturnCode": "",
            "deciUpdateAuthInd": "Y",
            "deciCalcReturnCode": "",
            "deciPartAcctName": "BROOKELYN MAE",
            "twaAdrrUserFields": "",
            "deciPartAcctNameChg": "",
            "deciBenfSpSoleChg": "",
            "deciFiveyrPayoutOpt": "",
            "deciUserId": "V005OQSE",
            "deciShowUseridInd": "1",
            "deciCurrentDcy": "",
            "deciCalcAtt70": "",
            "tcaDfxParmList": "",
            "deciValueDateChg": "12312021",
            "deciFunctionCode": "4",
            "deciYearAttd70": "",
            "deciSeqDcy": "",
            "deciBenfinitBirthChg": "",
            "deciClntCode": "005",
            "deciAcctAmt": "000000000000000.00",
            "deciAnnualDistChg": "000000000000000.00",
            "deci5yrPayoutInd": "N",
            "deciBalanceInd": "",
            "deciFunctionPrev": "",
            "deciAnnualDistChgInd": "",
            "deciCalcAnualDist": "000000000000000.00",
            "deciCurrentDcyNum": "",
            "deciBenfAcctNameChg": "",
            "deciOrigPartDob": "",
            "deciFixedDistInd": "1",
            "deciCalcDistAmtTknInd": "",
            "deciBenfinitDeath": "",
            "deciOptionChg": "",
            "deciValueDate": "",
            "twaBranchTabAddr": "",
            "deciRmdSwpInd": "0",
            "deciBenfBirthDte": "",
            "deciSuspCode": "",
            "tcaParmListAddr": "",
            "tcaCommAreaAddr": "",
            "deciErrorInd": "",
            "deciChangeStatus": "",
            "deciAnnualDist": "000000000000000.00",
            "deciCalcDistAmtTkn": "000000000000000.00",
            "deciPartBirthDteChg": "",
            "deciPeriodDistChgInd": "",
            "deciAltBranch": "",
            "deciPartDeathDteChg": "",
            "deciAcctPrev": "LV00048",
            "deciBenfinitBirth": "",
            "deciDistAmtTknInd": "1",
            "twaAddrLastUserTab": "",
            "deciBalanceIndP": "",
            "deciCalcMethodChg": "",
            "deciPartAge": "",
            "deciBenfAcctName": "",
            "deciBenfinitDeathChg": "",
            "deciPartBirthDte": "",
            "deciMdccurDynStatInd": "",
            "deciUpdateBankInd": "",
            "deciOrigPartDobChg": "",
            "deciAcctAmtInd": "",
            "deciPeriodDist": "000000000000000.00",
            "deciPeriodDistChg": "000000000000000.00",
            "deciUpdateConfirm": "",
            "deciChangeStatusP": "",
            "tcaReturnCode": "",
            "deci10yrPayoutExcpChg": "",
            "twaLength": "",
            "deciFirstTimeInd": "",
            "deciBlockUpdateInd": "N",
            "deciOption": "",
            "deciCalcReturnMsg": "",
            "tcaSaveArea": "",
            "deciBenfCalcIndChg": "",
            "deciBenfinitSpSoleChg": "",
            "deci10yrPayoutExcp": "",
            "deciPageCount": "",
            "deciCalcMethod": "",
            "deciAcctAmtChgInd": "",
            "twaBranchId": "",
            "deciPartDeathDte": "",
            "deciFiveyrPayoutOptChg": "",
            "deciErrorMessage": "",
            "deciMdccurRmdSwpInd": "",
            "deciBenfSpSole": "",
            "twaTransId": "",
            "deciPartCalcInd": "",
            "deciPartCalcIndChg": "",
            "deciFactorChg": "00.00",
            "deciBenfBirthDteChg": "",
            "deciHoldCount": "",
            "deciPeriodDistInd": "",
            "deciCalcAge": "",
            "deci10yrExpDate": "",
            "deciDetailKey": "",
            "deciAcctAmtChg": "000000000000000.00",
            "deciFreqRemPaymentNum": "",
            "deciRmdCalcInd": "0",
            "deciYearAttd70Chg": "",
            "deciFreqPaymentNum": "",
            "deciBenfCalcInd": "",
            "deciCalcSeqDcy": "",
            "deciBenfinitSpSole": "",
            "deciTransRolInd": "0",
            "deciShowRemDistInd": "1",
            "deciValueDatePrev": "",
            "deciShowAltBrInd": "N",
            "deciAnnualDistInd": "",
            "deciCalcRemainingDist": "000000000000000.00",
            "deci10yrExpDateChg": "",
            "deciPartAgeChg": "",
            "deciCalcPeriodDist": "000000000000000.00",
            "deciCalcAge2": "",
            "deciSeqDcyChg": "",
            "deciFreqPayment": "",
            "deciDistYrSw": "",
            "deciErrorSub": "00",
            "deciChkStatus": "",
            "deciCalcFactor": ".",
            "deciAcct": "LV00048",
            "deciFirstDcy": "",
            "deciFirstDcyNum": "",
            "twaAddrClientTab": "",
            "deciFactor": "00.00",
            "deciRrNum": ".-9"
        },
        "inputDetails": {
            "tranidI": "",
            "tranidLx": "0",
            "cltnoI": "",
            "cltnoLx": "0",
            "dateI": "",
            "dateLx": "0",
            "timeI": "",
            "timeLx": "0",
            "altbrdI": "",
            "altbrdLx": "0",
            "altbrI": "",
            "altbrLx": "0",
            "acctkeyI": "",
            "acctkeyLx": "0",
            "acctnaI": "",
            "acctnaLx": "0",
            "acctdteI": "",
            "acctdteLx": "0",
            "acctvaI": "",
            "acctvaLx": "0",
            "firsdcyI": "",
            "firsdcyLx": "0",
            "parbdteI": "",
            "parbdteLx": "0",
            "curtdcyI": "",
            "curtdcyLx": "0",
            "parddteI": "",
            "parddteLx": "0",
            "benfindI": "",
            "benfindLx": "0",
            "spsolbeI": "",
            "spsolbeLx": "0",
            "benbirtI": "",
            "benbirtLx": "0",
            "benfnmeI": "",
            "benfnmeLx": "0",
            "freqpayI": "",
            "freqpayLx": "0",
            "atrmdnmI": "",
            "atrmdnmLx": "0",
            "atrmdinI": "",
            "atrmdinLx": "0",
            "attn705I": "",
            "attn705Lx": "0",
            "seqodcyI": "",
            "seqodcyLx": "0",
            "partageI": "",
            "partageLx": "0",
            "anudistI": "",
            "anudistLx": "0",
            "perdistI": "",
            "perdistLx": "0",
            "factorI": "",
            "factorLx": "0",
            "remdispI": "",
            "remdispLx": "0",
            "remdistI": "",
            "remdistLx": "0",
            "distknpI": "",
            "distknpLx": "0",
            "distknI": "",
            "distknLx": "0",
            "msgupdI": "",
            "msgupdLx": "0",
            "msgupd2I": "",
            "msgupd2Lx": "0",
            "pa1msgI": "",
            "pa1msgLx": "0",
            "msglineI": "",
            "msglineLx": "0"
        }
    },
    "token": "${orderidfrompost}"
}