{
    "clientNumber": "$clientNumber",
    "messageId": "EXTN/EXTN_EXTNCOMEU",
    "request": {
        "requestReturn": "",
        "pagingInfo": {
            "pageFBInd": ""
        },
        "extnResponseArea": {
            "keyMultReq": "",
            "progName": "EXTN04CN",
            "receiveMap": "",
            "aeUpdtFlag": "N",
            "keyCLTApi": "000",
            "apiIND": "API",
            "trncCDTimeMm": "",
            "trncRC": "",
            "brwAcct": "",
            "userID": "V005OQSE",
            "userCode": "",
            "keyUserCode": "",
            "keyAcct": "",
            "callProgName": "",
            "rattAcct": "",
            "changeFlag": "N",
            "signOnID": "OQSE",
            "rattBranch": "",
            "keyTRDDate": "0",
            "b1470": "0",
            "notFNDFlag": "",
            "sysID": "",
            "trncCDTimeHh": "",
            "transID": "",
            "brwNext": "E",
            "firstLineKey": "",
            "subReqType": "",
            "secretID": "V005OQSE",
            "keyBuySell": "",
            "userName": "",
            "receiveMapLength": "7293",
            "sconID": "EXTNUPD",
            "keyAcctType": "",
            "keyBranch": "",
            "lineNum": "00",
            "brwBranch": "",
            "keyNewIssue": "",
            "extneuCommArea": "01____________________________________          AAA111111111111111 ADP987009987559000 APPAPP111111111111 AVV788111111111112 A00111111111111111 A121114619135      BT50005033090      DT50005033090      PPPUUU001111111111 QQQQQQ111111111111 SLV.$W2175245      SLV._K4195768      SLV._U1869564      SLV.?I3142533      SLV.?}2452246      SLV.?P2867998      SLV.#{815453      AAA111111111111111ADP987009987559000APPAPP111111111111AVV788111111111112A00111111111111111A121114619135     BT50005033090     DT50005033090     PPPUUU001111111111QQQQQQ111111111111SLV.$W2175245     SLV._K4195768     SLV._U1869564     SLV.?I3142533     SLV.?}2452246     SLV.?P2867998     SLV.#{815453                        AAA111SLV.#{111111111111815453"
        },
        "inputDetails": {
            "inTrans": "",
            "inCltNo": "",
            "inDate": "",
            "inTime": "",
            "inBrSrch": "",
            "inRrSrch": "",
            "inCrdSrch": "",
            "inAct5": "C",
            "inBrch5": "$branch",
            "inRr5": "$rr",
            "inCrd5": "$crd",
            "inAct6": "",
            "inBrch6": "",
            "inRr6": "",
            "inCrd6": "",
            "inAct7": "",
            "inBrch7": "",
            "inRr7": "",
            "inCrd7": "",
            "inAct8": "",
            "inBrch8": "",
            "inRr8": "",
            "inCrd8": "",
            "inAct9": "",
            "inBrch9": "",
            "inRr9": "",
            "inCrd9": "",
            "inAct10": "",
            "inBrch10": "",
            "inRr10": "",
            "inCrd10": "",
            "inAct11": "",
            "inBrch11": "",
            "inRr11": "",
            "inCrd11": "",
            "inAct12": "",
            "inBrch12": "",
            "inRr12": "",
            "inCrd12": "",
            "inAct13": "",
            "inBrch13": "",
            "inRr13": "",
            "inCrd13": "",
            "inAct14": "",
            "inBrch14": "",
            "inRr14": "",
            "inCrd14": "",
            "inAct15": "",
            "inBrch15": "",
            "inRr15": "",
            "inCrd15": "",
            "inAct16": "",
            "inBrch16": "",
            "inRr16": "",
            "inCrd16": "",
            "inAct17": "",
            "inBrch17": "",
            "inRr17": "",
            "inCrd17": "",
            "inAct18": "",
            "inBrch18": "",
            "inRr18": "",
            "inCrd18": "",
            "inAct19": "",
            "inBrch19": "",
            "inRr19": "",
            "inCrd19": "",
            "inAct20": "",
            "inBrch20": "",
            "inRr20": "",
            "inCrd20": "",
            "inAct21": "",
            "inBrch21": "",
            "inRr21": "",
            "inCrd21": "",
            "inNext": "",
            "inNextbr": "",
            "inNextac": "",
            "inMsg": ""
        }
    },
    "token": "${orderidfrompost}"
}