{
    "clientNumber": "$clientNumber",
    "messageId": "EXTN/EXTN_EXTNCOME",
    "request": {
        "requestReturn": "",
        "pagingInfo": {
            "pageFBInd": ""
        },
        "extneCommArea": "",
        "extnRequestArea": {
            "transID": "",
            "changeFlag": "",
            "brwNext": "E",
            "brwBranch": "",
            "brwAcct": "",
            "userCode": "",
            "progName": "EXTN01CP",
            "callProgName": "",
            "notFNDFlag": "",
            "keyCLTApi": "",
            "keyUserCode": "",
            "keyBranch": "",
            "keyAcct": "",
            "keyAcctType": "",
            "keyBuySell": "",
            "keyNewIssue": "",
            "keyMultReq": "",
            "keyTRDDate": "",
            "firstLineKey": "",
            "lineNum": "",
            "receiveMapLength": "",
            "receiveMap": "",
            "aeUpdtFlag": "",
            "userID": "",
            "userName": "",
            "sysID": "",
            "signOnID": "",
            "secretID": "",
            "sconID": "",
            "rattBranch": "",
            "rattAcct": "",
            "trncRC": "",
            "trncCDTimeHh": "",
            "trncCDTimeMm": "",
            "b1470": "",
            "apiIND": "API",
            "subReqType": ""
        },
        "inputDetails": {
            "transI": "",
            "cltnoI": "",
            "dateI": "",
            "timeI": "",
            "nextI": "E",
            "nextbrI": "",
            "nextacI": "",
            "msgI": ""
        }
    },
    "token": "${orderidfrompost}"
}