{
    "clientNumber": "$clientNumber",
    "messageId": "EXTN/EXTN_EXTNCOMEU",
    "request": {
        "requestReturn": "",
        "pagingInfo": {
            "pageFBInd": ""
        },
        "extnResponseArea": {
            "keyMultReq": "",
            "progName": "EXTN04CN",
            "receiveMap": "",
            "aeUpdtFlag": "N",
            "keyCLTApi": "000",
            "apiIND": "API",
            "trncCDTimeMm": "",
            "trncRC": "",
            "brwAcct": "",
            "userID": "V005OQSE",
            "userCode": "",
            "keyUserCode": "",
            "keyAcct": "",
            "callProgName": "",
            "rattAcct": "",
            "changeFlag": "N",
            "signOnID": "OQSE",
            "rattBranch": "",
            "keyTRDDate": "0",
            "b1470": "0",
            "notFNDFlag": "",
            "sysID": "",
            "trncCDTimeHh": "",
            "transID": "",
            "brwNext": "E",
            "firstLineKey": "",
            "subReqType": "",
            "secretID": "V005OQSE",
            "keyBuySell": "",
            "userName": "",
            "receiveMapLength": "7293",
            "sconID": "EXTNUPD",
            "keyAcctType": "",
            "keyBranch": "",
            "lineNum": "00",
            "brwBranch": "",
            "keyNewIssue": "",
            "extneuCommArea": "01____________________________________          SLV.@F1990273      SLV.@S2827165      SLV.=.2539250      SLV.=(1801251      SLV.=23276483      SLV.{G5966969      SLV.AB4698930      SLV.AD1000764      SLV.AM1174948      SLV.A05028226      SLV.BS2831566      SLV.BT2647830      SLV.CK4015103      SLV.CL2561998      SLV.CP1350327      SLV.CY4688846      SLV.DU2108932     SLV.@F1990273     SLV.@S2827165     SLV.=.2539250     SLV.=(1801251     SLV.=23276483     SLV.{G5966969     SLV.AB4698930     SLV.AD1000764     SLV.AM1174948     SLV.A05028226     SLV.BS2831566     SLV.BT2647830     SLV.CK4015103     SLV.CL2561998     SLV.CP1350327     SLV.CY4688846     SLV.DU2108932     SLV.@F            SLV.@FSLV.DU1990273     2108932"
        },
        "inputDetails": {
            "inTrans": "",
            "inCltNo": "",
            "inDate": "",
            "inTime": "",
            "inBrSrch": "",
            "inRrSrch": "",
            "inCrdSrch": "",
            "inAct5": "A",
            "inBrch5": "$branch",
            "inRr5": "$rr",
            "inCrd5": "$crd",
            "inAct6": "",
            "inBrch6": "",
            "inRr6": "",
            "inCrd6": "",
            "inAct7": "",
            "inBrch7": "",
            "inRr7": "",
            "inCrd7": "",
            "inAct8": "",
            "inBrch8": "",
            "inRr8": "",
            "inCrd8": "",
            "inAct9": "",
            "inBrch9": "",
            "inRr9": "",
            "inCrd9": "",
            "inAct10": "",
            "inBrch10": "",
            "inRr10": "",
            "inCrd10": "",
            "inAct11": "",
            "inBrch11": "",
            "inRr11": "",
            "inCrd11": "",
            "inAct12": "",
            "inBrch12": "",
            "inRr12": "",
            "inCrd12": "",
            "inAct13": "",
            "inBrch13": "",
            "inRr13": "",
            "inCrd13": "",
            "inAct14": "",
            "inBrch14": "",
            "inRr14": "",
            "inCrd14": "",
            "inAct15": "",
            "inBrch15": "",
            "inRr15": "",
            "inCrd15": "",
            "inAct16": "",
            "inBrch16": "",
            "inRr16": "",
            "inCrd16": "",
            "inAct17": "",
            "inBrch17": "",
            "inRr17": "",
            "inCrd17": "",
            "inAct18": "",
            "inBrch18": "",
            "inRr18": "",
            "inCrd18": "",
            "inAct19": "",
            "inBrch19": "",
            "inRr19": "",
            "inCrd19": "",
            "inAct20": "",
            "inBrch20": "",
            "inRr20": "",
            "inCrd20": "",
            "inAct21": "",
            "inBrch21": "",
            "inRr21": "",
            "inCrd21": "",
            "inNext": "",
            "inNextbr": "",
            "inNextac": "",
            "inMsg": ""
        }
    },
    "token": "${orderidfrompost}"
}