{
"request": {
"requestReturn": "Y",
"turnaround": {
"value": "Test",
"encoding": ""
},
"commissionCalc": {
"buySell": "B",
"amount": {
"rounding": "",
"value": ""
},
"quantity": "100",
"concession": {
"concessionFormat": "",
"concessionValue": "",
"concessionType": ""
},
"settlementDate": {
"month": "",
"year": "",
"day": ""
},
"tradeDate": {
"month": "",
"year": "",
"day": ""
},
"priceInd": "",
"trailers": {
"trailer2": "",
"trailer1": "",
"trailer5": "",
"trailer4": "",
"trailer3": ""
},
"blotterCode": "",
"security": {
"symbol": "BR",
"whenIssuedInd": "",
"openCloseInd": "",
"optionStrikePrice": "",
"adpSecurityNum": "",
"cusipNum": "",
"putCall": "",
"optionExpirationDate": {
"month": "",
"year": "",
"day": ""
}
},
"price": "40.00",
"calcType": "FIG",
"specCommission": {
"commissionCode": "",
"commissionValue": ""
},
"account": {
"rrCode": "",
"accountNum": "12345",
"accountType": "1",
"checkDigit": "X",
"branch": "350"
}
}
},
"messageId": "FCOM/FCOM_COMM_CALC",
"clientNumber": "$clientNmber",
"version": "1.4",
"token": "${orderidfrompost}"
}