{
	"clientNumber": "$clientNmber",
	"messageId": "IRA/IRA_IRAPAM",
	"request": {
		"iraArea": {
			"irapFunction": "1",
			"irapProgName": "",
			"irapSwitch": "",
			"irapSecurityLast": "",
			"irapSecurityFirst": "",
			"irapSecurityFirstEntr": "",
			"irapEnteredSecSw": "",
			"irapUpdateAuthInd": "",
			"irapApiFrontend": "",
			"irapFirstTmSw": "N",
			"irapGuiAction": "6",
			"irapErrorSw": "",
			"irapErrMsg": "",
			"irapMapRespcode": ""
		},
		"twaArea": {
			"twaLength": "",
			"twaCltNoR": "",
			"twaReturnCode": "",
			"twaAddrClientTab": "",
			"twaAddrLastUserTab": "",
			"tcaDfxParmList": "",
			"tcaParmListAddr": "",
			"tcaReturnCode": "",
			"twaAdrrUserFields": "",
			"twaBranchId": "",
			"twaBitFlags": "",
			"twaBranchTabAddr": "",
			"tcaSaveArea": "",
			"twaTransId": "",
			"tcaCommAreaAddr": "",
			"twaBillingId": "",
			"twaTermDestId": "",
			"twaRctPtr": "",
			"twaSysid1": ""
		},
		"inputDetails": {
			"tranidI": "",
			"tranidLx": "0",
			"cltnoI": "",
			"cltnoLx": "0",
			"dateI": "",
			"dateLx": "0",
			"timeI": "",
			"timeLx": "0",
			"secrty1I": "1111111",
			"secrty1Lx": "",
			"nwprce1I": "2",
			"nwprce1Lx": "",
			"secrty2I": "",
			"secrty2Lx": "0",
			"nwprce2I": "",
			"nwprce2Lx": "0",
			"secrty3I": "",
			"secrty3Lx": "0",
			"nwprce3I": "",
			"nwprce3Lx": "0",
			"secrty4I": "",
			"secrty4Lx": "0",
			"nwprce4I": "",
			"nwprce4Lx": "0",
			"secrty5I": "",
			"secrty5Lx": "0",
			"nwprce5I": "",
			"nwprce5Lx": "0",
			"secrty6I": "",
			"secrty6Lx": "0",
			"nwprce6I": "",
			"nwprce6Lx": "0",
			"secrty7I": "",
			"secrty7Lx": "0",
			"nwprce7I": "",
			"nwprce7Lx": "0",
			"secrty8I": "",
			"secrty8Lx": "0",
			"nwprce8I": "",
			"nwprce8Lx": "0",
			"secrty9I": "",
			"secrty9Lx": "0",
			"nwprce9I": "",
			"nwprce9Lx": "0",
			"secrtyaI": "",
			"secrtyaLx": "0",
			"nwprceaI": "",
			"nwprceaLx": "0",
			"secrtybI": "",
			"secrtybLx": "0",
			"nwprcebI": "",
			"nwprcebLx": "0",
			"msglineI": "",
			"msglineLx": "0",
			"dummyI": "",
			"dummyLx": "0"
		}
	},
	"token": "${orderidfrompost}"
}