{
	"clientNumber": "$clientNmber",
	"messageId": "IRA/IRA_IRAPUM",
	"request": {
		"iraArea": {
			"irapFunction": "2",
			"irapProgName": "",
			"irapSwitch": "DISPLAY",
			"irapSecurityLast": "",
			"irapSecurityFirst": "",
			"irapSecurityFirstEntr": "",
			"irapEnteredSecSw": "",
			"irapUpdateAuthInd": "",
			"irapApiFrontend": "",
			"irapFirstTmSw": "N",
			"irapGuiAction": "5",
			"irapErrorSw": "",
			"irapErrMsg": "",
			"irapMapRespcode": ""
		},
		"twaArea": {
			"twaLength": "",
			"twaCltNoR": "",
			"twaReturnCode": "",
			"twaAddrClientTab": "",
			"twaAddrLastUserTab": "",
			"tcaDfxParmList": "",
			"tcaParmListAddr": "",
			"tcaReturnCode": "",
			"twaAdrrUserFields": "",
			"twaBranchId": "",
			"twaBitFlags": "",
			"twaBranchTabAddr": "",
			"tcaSaveArea": "",
			"twaTransId": "",
			"tcaCommAreaAddr": "",
			"twaBillingId": "",
			"twaTermDestId": "",
			"twaRctPtr": "",
			"twaSysid1": ""
		},
		"inputDetails": {
			"tranidI": "",
			"tranidLx": "0",
			"cltnoI": "",
			"cltnoLx": "0",
			"dateI": "",
			"dateLx": "0",
			"timeI": "",
			"timeLx": "0",
			"secrty1I": "1111111",
			"secrty1Lx": "",
			"nwprce1I": "3",
			"nwprce1Lx": "",
			"dateupdI": "",
			"dateupdLx": "0",
			"msglineI": "",
			"msglineLx": "0",
			"dummyI": "",
			"dummyLx": "0"
		}
	},
	"token": "${orderidfrompost}"
}