{
    "clientNumber": "$clientNmber",
    "messageId": "MARGIN/MARGIN_DAYTDHIST",
    "version": "1.00",
    "request": {
        "requestReturn": "",
        "requestType": "DT",
        "pagingInfo": {
            "numRowsReq": "34",
            "reqFirstTime": "Y",
            "pageFBInd": "",
            "pageKey": {
                "forwardKey": "",
                "backwardKey": ""
            }
        },
        "screenInput": {
            "branch": "490",
            "account": "00001",
            "currency": "",
            "mrAcctType": "",
            "security": "",
            "spadId": "",
            "histStartDt": "",
            "entryCode": "",
            "batchCode": "",
            "reqOptnArea": {
                "optnCallPut": "",
                "optnLongShort": "",
                "optnExpDate": "",
                "optnStrikePrice": ""
            }
        },
        "uisSw": ""
    },
    "token": "${orderidfrompost}"
}