{
    "clientNumber": "$clientNmber",
    "messageId": "MARGIN/MARGIN_HISTORYDETAIL",
    "version": "1.0",
    "userId": "",
    "timestamp": "",
    "request": {
        "turnaround": {
            "encoding": ""
        },
        "requestReturn": "n",
        "canada": "",
        "pagingInfo": {
            "numRowsReq": "34",
            "pageFBInd": "",
            "pageKey": {
                "forwardKey": "",
                "backwardKey": ""
            }
        },
        "account": {
            "branch": "490",
            "accountNum": "00001",
            "accountType": ""
        },
        "historyDate": {
            "year": "",
            "month": "",
            "day": ""
        },
        "security": {
            "symbol": "",
            "putCall": "",
            "longShort": "",
            "expireDate": {
                "year": "",
                "month": "",
                "day": ""
            },
            "strikePrice": ""
        },
        "batchCode": "",
        "entryCode": "",
        "currency": {
            "currencyCode": ""
        },
        "spadId": "",
        "checkReqAction": "",
        "deptCode": "",
        "uisSw": ""
    },
    "token": "${orderidfrompost}"
}