{
    "clientNumber": "$clientNmber",
    "messageId": "MARGIN/MARGIN_OPTIONLINK",
    "version": "1.0",
    "userid": "",
    "timestamp": "",
    "request": {
        "turnaround": {
            "encoding": ""
        },
        "requestReturn": "",
        "canada": "",
        "moneylineInd": "",
        "pagingInfo": {
            "numRowsReq": "34",
            "pageFBInd": "",
            "pageKey": {
                "forwardKey": "",
                "backwardKey": ""
            }
        },
        "account": {
            "branch": "5AB",
            "accountNum": "C0117",
            "accountType": ""
        },
        "security": {
            "adpSecurityNum": "",
            "symbol": "",
            "cusipNum": ""
        },
        "currency": {
            "currencyCode": ""
        },
        "spadId": "",
        "checkReqAction": "",
        "deptCode": "",
        "uisSw": "",
        "reqEisl": "",
        "typeOfRequest": "OP"
    },
    "token": "${orderidfrompost}"
}