{
    "clientNumber": "$clientNmber",
    "messageId": "MARGIN/MARGIN_BALANCEHISTORY",
    "version": "1.0",
    "userId": "",
    "timestamp": "",
    "request": {
        "turnaround": {
            "encoding": ""
        },
        "requestReturn": "",
        "canada": "",
        "pagingInfo": {
            "numRowsReq": "34",
            "pageFBInd": "",
            "pageKey": {
                "forwardKey": "",
                "backwardKey": ""
            }
        },
        "account": {
            "branch": "490",
            "accountNum": "00001",
            "accountType": ""
        },
        "historyDate": {
            "year": "",
            "month": "",
            "day": ""
        },
        "security": {
            "adpSecurityNum": "",
            "symbol": "",
            "cusipNum": ""
        },
        "batchCode": "",
        "entryCode": "",
        "currency": {
            "currencyCode": ""
        },
        "spadId": "",
        "checkReqAction": "",
        "deptCode": "",
        "uisSw": ""
    },
    "token": "${orderidfrompost}"
}