{
    "clientNumber": "$clientNmber",
    "messageId": "MARGIN/MARGIN_MONEYLINE",
    "version": "4.19",
    "request": {
        "turnaround": {
            "value": "Test",
            "encoding": ""
        },
        "requestReturn": "y",
        "canada": "",
        "account": {
            "branch": "490",
            "accountNum": "00001"
        },
        "currency": {
            "currencyCode": ""
        },
        "reqEisl": "",
        "uisSw": ""
    },
    "token": "${orderidfrompost}"
}