{
    "clientNumber": "$clientNmber",
    "messageId": "MARGIN/MARGIN_HOUSEREQ",
    "request": {
        "requestReturn": "N",
        "requestType": "HR",
        "pagingInfo": {
            "numofRows": "34",
            "reqFirstTime": "N",
            "pageFBInd": "",
            "pageKey": {
                "forwardKey": "",
                "backwardKey": ""
            }
        },
        "account": {
            "branch": "490",
            "accountNum": "00001",
            "accountType": ""
        },
        "currency": {
            "currencyCode": ""
        },
        "hsReqID": "Y",
        "security": "",
        "symbol": "",
        "cusip": "",
        "entryCode": "",
        "batchCode": "",
        "spadId": "",
        "aeNumber": "",
        "chkReqAction": "",
        "chkReqDeptId": "",
        "histStartDate": "",
        "histEndDate": "",
        "histSysEntId": "",
        "histCommReqID": "",
        "optionArea": {
            "optCallPut": "",
            "optLongShort": "",
            "optStrikePrice": "",
            "optExpDate": ""
        },
        "uisSw": ""
    },
    "token": "${orderidfrompost}"
}