{
    "request": {
        "requestReturn": "",
        "pagingInfo": {
            "pageFBInd": "",
            "pageKey": {
                "backwardKey": "",
                "forwardKey": ""
            },
            "numRowsReq": ""
        },
        "uisSw": "",
        "security": {
            "symbol": "",
            "adpSecurityNum": "",
            "cusipNum": "",
            "option": {
                "putCall": "",
                "longShort": "",
                "expireDate": {
                    "year": "",
                    "month": "",
                    "day": ""
                }
            },
            "strikePrice": ""
        },
        "canada": "",
        "turnaround": {
            "encoding": "",
            "content": "Test"
        },
        "currency": {
            "currencyCode": ""
        },
        "reqSource": "P",
        "reqEisl": "",
        "account": {
            "branch": "5ae",
            "accountNum": "02135",
            "accountType": ""
        },
        "spadId": ""
    },
    "messageId": "MARGIN/MARGIN_TDPOSITIONS",
    "clientNumber": "$clientNmber",
    "version": "4.19",
    "token": "${orderidfrompost}"
}