{
    "clientNumber": "$clientNmber",
    "messageId": "MFRS/MFRS_NTWKCusipChange",
    "version": "6.10",
    "request": {
        "turnaround": "",
        "requestReturn": "",
        "processType": "",
        "pagingInfo": {
            "numRowsReq": "30",
            "pageKey": {
                "forwardKey": "",
                "backwardKey": ""
            }
        },
        "ntwkCusipChgReq": {
            "keyFields": {
                "actionType": "",
                "fromCusip": "",
                "toCusip": "",
                "toSym": "",
                "toSecurity": "",
                "effDt": ""
            },
            "type": "RQMFCCHG"
        }
    },
    "token": "${orderidfrompost}"
}