{
    "clientNumber": "$clientNmber",
    "messageId": "MFRS/MFRS_MAINSCREEN",
    "version": "1.00",
    "request": {
        "requestReturn": "N",
        "requestType": "MFMSDMAIN",
        "sendFields": {
            "actionType": "I",
            "autoSubmitFlag": "A"
        },
        "msFields": {
            "security": "746916105",
            "fundNo": "",
            "status": "",
            "msdDesc1": "",
            "msdDesc2": "",
            "fundType": "",
            "loadOption": "",
            "shareClass": "",
            "fundServInd": "",
            "settleNoOfDays": "",
            "taxFreeInd": "",
            "salesChargeInd": "",
            "ntwkEligibleInd": "",
            "ntwkRegUpdOpt": "",
            "dtccLoadInd": "",
            "shrClassDesc": "",
            "intrnlFundNbr": "",
            "brktTable": {
                "brkt": [
                    {
                        "brkptPopRt": "",
                        "brkptDlrCncsn": "",
                        "brkptUndrwRt": "",
                        "brkptUpToAmt": ""
                    }
                ]
            }
        }
    },
    "token": "${orderidfrompost}"
}