{
    "clientNumber": "$clientNmber",
    "messageId": "MFRS/MFRS_TBLMAINTENANCE",
    "version": "6.10",
    "request": {
        "requestReturn": "Y",
        "cusip": "KJKJZ",
        "actionType": "2",
        "screenInd": "B",
        "screenInput": {
            "regOption": "",
            "ntwkLvl": "",
            "houseAccFnd": "",
            "brkrOtherSd": "",
            "processCode": "",
            "leggProp": "",
            "tradingAcct": "",
            "commSttlBltrCode": "",
            "elgNtwkngLvl3": "Y",
            "elgNtwkngLvl4": "Y",
            "tradeBltrCode": "4H",
            "settleCycle": "",
            "trBuy1": "",
            "trBuy2": "",
            "trSell1": "",
            "trSell2": "",
            "pip": "N",
            "pipMin": "00000000000",
            "swp": "N",
            "swpMin": "00000000000",
            "ntf": "N",
            "ntfDate": "",
            "cutoffBuyInd": "",
            "cutoffSellInd": "",
            "cutoffExchInd": "",
            "trfr": "",
            "reptvBlk": "",
            "trade": "",
            "src": "",
            "srcBuyInd": "",
            "srcSellInd": "",
            "srcExchInd": "",
            "fundAgrmnt": "Y",
            "offShore": "N",
            "agg": "",
            "trd641d": "",
            "trd641c": "",
            "fundProcessor": "",
            "tender": "N",
            "intervalInd": "N",
            "cleanShareDt": "01011900",
            "mktTiming": "N",
            "roaExempt": "",
            "roaMin": "",
            "ibBuyMin": "00000000000",
            "ibBuyMax": "00000000000",
            "relDate": "",
            "sbBuyMin": "00000000000",
            "sbBuyMax": "00000000000",
            "iraIbMin": "00000000000",
            "iraIbMax": "00000000000",
            "iraSbMin": "00000000000",
            "iraSbMax": "00000000000",
            "sellMin": "00000000000",
            "sellMax": "00000000000",
            "socCd": "N",
            "mmkt": "N",
            "domestic": "N",
            "pexf": "N",
            "pext": "N",
            "fundServe": "",
            "comEx": "N",
            "wavAccFund": "",
            "aoTradingDays": "000",
            "tdrStartDt": "01011900",
            "cleanShrCls": "N",
            "dfaInd": "N",
            "planInd": "",
            "newInvstInd": "",
            "ofshNegCmsnPct": "0.000",
            "mnyMarketInd": "N",
            "type": "RQMFTBDT",
            "shareClassCd": "",
            "prdcrCd": "",
            "prodCd": "",
            "intrnlFndFmlyCd": "",
            "siFundFmlyDescTxt": "UBS GLOBAL MGMNT/ UBS OFFSHORE",
            "stateCd": "",
            "tdrCashWarning": "",
            "tdrReinvWarning": ""
        },
        "turnaround": {
            "encoding": "test1",
            "value": "Test"
        }
    },
    "token": "${orderidfrompost}"
}