{
    "request": {
        "requestReturn": "Y",
        "grandPositionArea": {
            "inAcctNbrKey": "",
            "inClientNbr": "0005",
            "inCusipNbrKey": "",
            "inSortDirection": "",
            "inSortKey": "",
            "inSortColumn": "",
            "inAcctNbr": "0030973000",
            "inCusipNbr": "589401165",
            "inPageInd": ""
        },
        "turnaround": {
            "encoding": "test1",
            "value": "Test"
        }
    },
    "messageId": "MFRS/MFRS_MFRSSPGP",
    "clientNumber": "$clientNmber",
    "token": "${orderidfrompost}"
}