{
  "version": "1.00",
  "messageId": "MFRS/MFRS_ROA",
  "clientNumber": "$clientNmber",
  "request": {
    "requestReturn": "N",
    "requestType": "MFMSDROA",
    "sendFields": {
      "actionType": "I",
      "autoSubmitFlag": "A"
    },
    "msdbFields": {
      "security": "b1877a103",
      "roaEligible": "",
      "brkptAplyRls": "",
      "aggInclCode": "",
      "lnkAcrsDlr": "",
      "roaCalcMthd": "",
      "spouse": "",
      "cvlUnion": "",
      "dmstcPtnr": "",
      "commLawMarg": "",
      "parent": "",
      "stepParent": "",
      "lglGrdn": "",
      "child": "",
      "chldMtrAge": "",
      "stepChild": "",
      "sibbling": "",
      "grndchld": "",
      "grndprnt": "",
      "fatherInLaw": "",
      "motherInLaw": "",
      "brotherInLaw": "",
      "sisterInLaw": "",
      "trustBNFC": "",
      "trustGRNTR": "",
      "household": "",
      "custodian": ""
    }
  },
  "token": "${orderidfrompost}"
}