{
    "clientNumber": "$clientNmber",
    "messageId": "MFRS/MFRS_NAMECHANGE",
    "version": "6.10",
    "request": {
        "turnaround": "",
        "requestReturn": "",
        "action": "D",
        "pagingInfo": {
            "numofLines": "32",
            "pageFBInd": "",
            "pageKey": {
                "forwardKey": "",
                "backwardKey": ""
            }
        },
        "nameChgReq": {
            "keyFields": {
                "symbol": "",
                "fromCusip": "00888X880",
                "toCusip": "00888X880",
                "toCusipMonth": "28",
                "toCusipDate": "06",
                "toCusipYear": "22",
                "ratioRate": "",
                "fromTr": "",
                "toTr": ""
            },
            "type": "RQMFNCHG"
        }
    },
    "token": "${orderidfrompost}"
}