{
    "clientNumber": "0005",
    "messageId": "MFRS/MFRS_NAMECHANGE",
    "version": "6.10",
    "request": {
        "turnaround": "",
        "requestReturn": "",
        "action": "D",
        "pagingInfo": {
            "numofLines": "32",
            "pageFBInd": "",
            "pageKey": {
                "forwardKey": "",
                "backwardKey": ""
            }
        },
        "nameChgReq": {
            "keyFields": {
                "symbol": "",
                "fromCusip": "$fromCusip",
                "toCusip": "$toCusip",
                "toCusipMonth": "$month",
                "toCusipDate": "$date",
                "toCusipYear": "$year",
                "ratioRate": "0078.0000000000",
                "fromTr": "",
                "toTr": ""
            },
            "type": "RQMFNCHG"
        }
    },
    "token": "${orderidfrompost}"
}