{
  "clientNumber": "$clientNmber",
  "messageId": "DECI/DECI_DECIAPTM",
  "request": {
    "deciArea": {
      "deciTrnxid": "DECI",
      "deciToPgm": "",
      "deciCurrentSetnme": "",
      "deciCurrentMapnme": "",
      "deciCommunicAreaSw": "1",
      "deciB1value": "",
      "deciSystemSw": "P",
      "deciSysSecdSw": "",
      "deciViraValue": "",
      "deciOutsideAcctAmt": "",
      "deciCurrRechPy": "",
      "deciDeferredSw": "",
      "deciFixedDistribAmt": "",
      "deciMissingPriceSw": "",
      "deciPapersSentDate": "",
      "deciPapersRecvdSw": "",
      "deciPapersRecvdDate": "",
      "deciTransferSw": "",
      "deciTransferAmt": "",
      "deciPytransferAmt": "",
      "deciRrNum": "",
      "deciRatt01Commarea": "",
      "deciStubtestOption": "",
      "deciAutoRmdIndFile": "",
      "deciAutoRmdIndRcvd": "",
      "deciAppType": "",
      "deciServiceRequestType": "",
      "deciMapSendSwitch": "",
      "deciMapType": "",
      "deciMapResponse": "",
      "deciErrorSw": "",
      "deciErrorMsg": "",
      "deciTextMsg": "",
      "deciDecidxmSw": "",
      "deciDecidxmMsg1": "",
      "deciDecidxmMsg2": "",
      "deciDecidxmMsg3": "",
      "deciDecidxmMsg4": "",
      "deciDecidxmMsg5": "",
      "deciSelectionFld": "add",
      "deciParticBenefSw": "P",
      "deciB1ActiveSw": ""
    },
    "twaArea": {
      "deciReadPpsCode": "",
      "twaCltNoR": "",
      "twaReturnCode": "",
      "deciUpdateAuthInd": "Y",
      "deciCalcReturnCode": "",
      "deciPartAcctName": "SERGE DELASANCHA",
      "twaAdrrUserFields": "",
      "deciPartAcctNameChg": "",
      "deciBenfSpSoleChg": "",
      "deciFiveyrPayoutOpt": "",
      "deciUserId": "V003OQSK",
      "deciShowUseridInd": "1",
      "deciCurrentDcy": "",
      "deciCalcAtt70": "0000",
      "tcaDfxParmList": "",
      "deciValueDateChg": "12312020",
      "deciFunctionCode": "1",
      "deciYearAttd70": "",
      "deciSeqDcy": "",
      "deciBenfinitBirthChg": "",
      "deciClntCode": "003",
      "deciAcctAmt": "000000000000000.00",
      "deciAnnualDistChg": "000000000000000.00",
      "deci5yrPayoutInd": "N",
      "deciBalanceInd": "",
      "deciFunctionPrev": "",
      "deciAnnualDistChgInd": "",
      "deciCalcAnualDist": "000000000000000.00",
      "deciCurrentDcyNum": "0000",
      "deciBenfAcctNameChg": "",
      "deciOrigPartDob": "",
      "deciFixedDistInd": "N",
      "deciCalcDistAmtTknInd": "",
      "deciBenfinitDeath": "",
      "deciOptionChg": "",
      "deciValueDate": "",
      "twaBranchTabAddr": "",
      "deciRmdSwpInd": "0",
      "deciBenfBirthDte": "",
      "deciSuspCode": "",
      "tcaParmListAddr": "",
      "tcaCommAreaAddr": "",
      "deciErrorInd": "",
      "deciChangeStatus": "",
      "deciAnnualDist": "000000000000000.00",
      "deciCalcDistAmtTkn": "000000000000000.00",
      "deciPartBirthDteChg": "",
      "deciPeriodDistChgInd": "",
      "deciAltBranch": "",
      "deciPartDeathDteChg": "",
      "deciAcctPrev": "5AB00215",
      "deciBenfinitBirth": "",
      "deciDistAmtTknInd": "1",
      "twaAddrLastUserTab": "",
      "deciBalanceIndP": "",
      "deciCalcMethodChg": "",
      "deciPartAge": "",
      "deciBenfAcctName": "",
      "deciBenfinitDeathChg": "",
      "deciPartBirthDte": "",
      "deciMdccurDynStatInd": "",
      "deciUpdateBankInd": "",
      "deciOrigPartDobChg": "",
      "deciAcctAmtInd": "",
      "deciPeriodDist": "000000000000000.00",
      "deciPeriodDistChg": "000000000000000.00",
      "deciUpdateConfirm": "",
      "deciChangeStatusP": "",
      "tcaReturnCode": "",
      "deci10yrPayoutExcpChg": "",
      "twaLength": "",
      "deciFirstTimeInd": "1",
      "deciBlockUpdateInd": "Y",
      "deciOption": "",
      "deciCalcReturnMsg": "",
      "tcaSaveArea": "",
      "deciBenfCalcIndChg": "",
      "deciBenfinitSpSoleChg": "",
      "deci10yrPayoutExcp": "",
      "deciPageCount": "",
      "deciCalcMethod": "",
      "deciAcctAmtChgInd": "",
      "twaBranchId": "",
      "deciPartDeathDte": "",
      "deciFiveyrPayoutOptChg": "",
      "deciErrorMessage": "",
      "deciMdccurRmdSwpInd": "",
      "deciBenfSpSole": "",
      "twaTransId": "",
      "deciPartCalcInd": "",
      "deciPartCalcIndChg": "",
      "deciFactorChg": "00.00",
      "deciBenfBirthDteChg": "",
      "deciHoldCount": "",
      "deciPeriodDistInd": "",
      "deciCalcAge": "000",
      "deci10yrExpDate": "",
      "deciDetailKey": "",
      "deciAcctAmtChg": "000000000000000.00",
      "deciFreqRemPaymentNum": "",
      "deciRmdCalcInd": "0",
      "deciYearAttd70Chg": "",
      "deciFreqPaymentNum": "00",
      "deciBenfCalcInd": "",
      "deciCalcSeqDcy": "00",
      "deciBenfinitSpSole": "",
      "deciTransRolInd": "1",
      "deciShowRemDistInd": "1",
      "deciValueDatePrev": "",
      "deciShowAltBrInd": "N",
      "deciAnnualDistInd": "",
      "deciCalcRemainingDist": "000000000000000.00",
      "deci10yrExpDateChg": "",
      "deciPartAgeChg": "",
      "deciCalcPeriodDist": "000000000000000.00",
      "deciCalcAge2": "000",
      "deciSeqDcyChg": "",
      "deciFreqPayment": "",
      "deciDistYrSw": "",
      "deciErrorSub": "00",
      "deciChkStatus": "",
      "deciCalcFactor": "00.{",
      "deciAcct": "5AB00215",
      "deciFirstDcy": "",
      "deciFirstDcyNum": "0000",
      "twaAddrClientTab": "",
      "deciFactor": "00.00",
      "deciRrNum": "M60"
    },
    "inputDetails": {
      "tranidI": "",
      "tranidLx": "0",
      "cltnoI": "",
      "cltnoLx": "0",
      "dateI": "",
      "dateLx": "0",
      "timeI": "",
      "timeLx": "0",
      "altbrdI": "",
      "altbrdLx": "0",
      "altbrI": "",
      "altbrLx": "0",
      "acctkeyI": "",
      "acctkeyLx": "0",
      "acctnaI": "",
      "acctnaLx": "0",
      "acctdteI": "12/31/2020",
      "acctdteLx": "",
      "acctvaI": "",
      "acctvaLx": "0",
      "firsdcyI": "",
      "firsdcyLx": "",
      "parbdteI": "05/19/1937",
      "parbdteLx": "",
      "curtdcyI": "2021",
      "curtdcyLx": "",
      "parddteI": "",
      "parddteLx": "",
      "benfindI": "",
      "benfindLx": "",
      "spsolbeI": "",
      "spsolbeLx": "",
      "benbirtI": "",
      "benbirtLx": "",
      "benfnmeI": "",
      "benfnmeLx": "0",
      "freqpayI": "01",
      "freqpayLx": "",
      "atrmdnmI": "",
      "atrmdnmLx": "0",
      "atrmdinI": "",
      "atrmdinLx": "",
      "attn705I": "",
      "attn705Lx": "0",
      "seqodcyI": "",
      "seqodcyLx": "0",
      "partageI": "",
      "partageLx": "0",
      "anudistI": "",
      "anudistLx": "0",
      "perdistI": "",
      "perdistLx": "0",
      "factorI": "",
      "factorLx": "0",
      "remdispI": "",
      "remdispLx": "0",
      "remdistI": "",
      "remdistLx": "0",
      "distknpI": "",
      "distknpLx": "0",
      "distknI": "0.00",
      "distknLx": "",
      "msgupdI": "",
      "msgupdLx": "0",
      "msgupd2I": "",
      "msgupd2Lx": "0",
      "pa1msgI": "",
      "pa1msgLx": "0",
      "msglineI": "",
      "msglineLx": "0",
      "benfnmeILx": ""
    }
  },
  "token": "${orderidfrompost}"
}