{
	"version": "1.00",
	"messageId": "MFRS/MFRS_MISCELLANEOUS",
	"clientNumber": "$clientNmber",
	"request": {
		"requestReturn": "N",
		"requestType": "MFMSDMISC",
		"sendFields": {
			"actionType": "I",
			"autoSubmitFlag": "A"
		},
		"msdhFields": {
			"security": "B1877A103",
			"elgPurchase": "",
			"restrictedRed": "",
			"autoInvPip": "",
			"autoWdrlSwp": "",
			"exchBuy": "",
			"exchSell": "",
			"redFeeCode": "",
			"redFeeAmt": "",
			"redFeePrct": "",
			"exchFeeCode": "",
			"exchFeeAmt": "",
			"exchFeePrct": "",
			"status": "",
			"mergeSec": "",
			"invstClass": "",
			"offeringType": "",
			"sellPrdOpenDate": "",
			"sellPrdCloseDate": "",
			"dccsCutoff": ""
		}
	},
	"token": "${orderidfrompost}"
}