{
    "clientNumber": "$clientNmber",
    "messageId": "MFRS/MFRS_TBLMAINTENANCE",
    "version": "6.10",
    "request": {
        "requestReturn": "Y",
        "cusip": "KJKJZ",
        "actionType": "1",
        "screenInd": "B",
        "screenInput": {
            "regOption": "",
            "ntwkLvl": "",
            "houseAccFnd": "",
            "brkrOtherSd": "",
            "processCode": "",
            "leggProp": "",
            "tradingAcct": "",
            "commSttlBltrCode": "",
            "elgNtwkngLvl3": "Y",
            "elgNtwkngLvl4": "Y",
            "tradeBltrCode": "4H",
            "settleCycle": "",
            "trBuy1": "",
            "trBuy2": "",
            "trSell1": "",
            "trSell2": "",
            "pip": "N",
            "pipMin": "",
            "swp": "N",
            "swpMin": "",
            "ntf": "N",
            "ntfDate": "",
            "cutoffBuyInd": "",
            "cutoffSellInd": "",
            "cutoffExchInd": "",
            "trfr": "",
            "reptvBlk": "",
            "trade": "",
            "src": "",
            "srcBuyInd": "",
            "srcSellInd": "",
            "srcExchInd": "",
            "fundAgrmnt": "N",
            "offShore": "N",
            "agg": "",
            "trd641d": "",
            "trd641c": "",
            "fundProcessor": "",
            "tender": "",
            "intervalInd": "",
            "cleanShareDt": "",
            "mktTiming": "",
            "roaExempt": "",
            "roaMin": "",
            "ibBuyMin": "",
            "ibBuyMax": "",
            "relDate": "",
            "sbBuyMin": "",
            "sbBuyMax": "",
            "iraIbMin": "",
            "iraIbMax": "",
            "iraSbMin": "",
            "iraSbMax": "",
            "sellMin": "",
            "sellMax": "",
            "socCd": "",
            "mmkt": "N",
            "domestic": "N",
            "pexf": "N",
            "pext": "N",
            "fundServe": "",
            "comEx": "N",
            "wavAccFund": "",
            "aoTradingDays": "",
            "tdrStartDt": "",
            "cleanShrCls": "N",
            "dfaInd": "N",
            "planInd": "",
            "newInvstInd": "",
            "ofshNegCmsnPct": "",
            "mnyMarketInd": "N",
            "type": "RQMFTBDT",
            "shareClassCd": "",
            "prdcrCd": "",
            "prodCd": "",
            "intrnlFndFmlyCd": "",
            "siFundFmlyDescTxt": "",
            "stateCd": "",
            "tdrCashWarning": "",
            "tdrReinvWarning": ""
        },
        "turnaround": {
            "encoding": "test1",
            "value": "Test"
        }
    },
    "token": "${orderidfrompost}"
}