{
	"version": "6.10",
	"messageId": "MFRS/MFRS_LOI",
	"clientNumber": "$clientNmber",
	"request": {
		"requestReturn": "N",
		"requestType": "MFMSDLOI",
		"sendFields": {
			"actionType": "I",
			"autoSubmitFlag": "A"
		},
		"fields": {
			"msdcSecurity": "B1877A103",
			"msdc20LoiApplyRlsInd": "Y",
			"msdc29LoiFlflCalcCd": "",
			"msdc29LoiFlflPrdNbr": "",
			"msdc29LoiAltFlfPrNbr": "",
			"msdc29LoiMinimumAmt": "",
			"msdc29LoiMinPrchCd": "",
			"msdc29LoiMinPrchAmt": "",
			"msdc29LoiBackDtInd": "",
			"msdc29LoiBkDtNbr": ""
		}
	},
	"token": "${orderidfrompost}"
}