{
    "version": "1.00",
    "messageId": "MFRS/MFRS_MINMAX",
    "clientNumber": "$clientNmber",
    "request": {
        "requestReturn": "N",
        "requestType": "MFMSDMINM",
        "sendFields": {
            "actionType": "I",
            "autoSubmitFlag": "A"
        },
        "msdeFields": {
            "security": "746916105",
            "maxBuy": "",
            "minIb": "",
            "minSb": "",
            "cvdlIraMinIb": "",
            "cvdlIraMinSb": "",
            "wrapMinIb": "",
            "wrapMinSb": "",
            "qpMinIb": "",
            "qpMinSb": "",
            "iraRothMinIb": "",
            "iraRothMinSb": "",
            "maxAcctVal": "",
            "maxValCode": "",
            "minPipBuy": ""
        }
    },
    "token": "${orderidfrompost}"
}