{
    "clientNumber": "$clientNmber",
    "messageId": "MREQ/MREQ_MREQASRU",
    "request": {
        "requestReturn": "",
        "mreqArea": {
            "mreqDisplayCallbkSw": "N",
            "mreqChangeSw": "N",
            "mreqBackwardSw": "",
            "mreqCurMapNme": "MREQ07M",
            "mreqFC1Key": "000",
            "mreqSaveBrfrom": "",
            "mreqDispPmSelect": "Y",
            "mreqL1Key": "000",
            "mreqKeyBRAcct": "55555555",
            "mreqDispCusip": "Y",
            "mreqRegtBelowMgRte": "",
            "mreqB1550430ToClient": "N",
            "mreqServReqType": "",
            "mreqTdyDtDD": "06",
            "mreqB1551695": "0",
            "mreqSubReqType": "U",
            "mreqUpdSw": "Y",
            "mreqTermID": "/ABH",
            "mreqFirstClientKey": "005355555555S",
            "mreqDispRegtSelect": "",
            "mreqToPgm": "MREQIASE",
            "mreqCApiSeqNo": "",
            "mreqLApiSeqNo": "",
            "mreqErrorSw": "Y",
            "mreqTransNme": "MRAQ",
            "mreqPageCntl": "",
            "mreqTdyYY": "21",
            "mreqTdyMM": "12",
            "mreqDispPrtSelection": "Y",
            "mreqCommonArea": "00  00  00             00                    00    00    00    00    00    00  00           00  00  00             00                    00    00    00    00    00    00  00           00  00  00             00                    00    00    00    00    00    00  00           00  00  00             00                    00    00    00    00    00    00  00           00  00  00             00                    00    00    00    00    00    00  00           00  00  00             00                    00    00    00    00    00    00  00           00  00  00             00                    00    00    00    00    00    00  00           00  00  00             00                    00    00    00    00    00    00  00           00  00  00             00                    00    00    00    00    00    00  00           00  00  00             00                    00    00    00    00    00    00  00           00  00  00             00                    00    00    00    00    00    00  00           00  00  00             00                    00    00    00    00    00    00  00           00  00  00             00                    00    00    00    00    00    00  00           00  00  00             00                    00    00    00    00    00    00  00",
            "mreqUpdtScon": "MREQUPD",
            "mreqMapMode": "E",
            "mreqDispEff": "",
            "mreqKeykNo": "",
            "mreqMapSendSW": "SENDMAP",
            "mreqTwaClient": "005",
            "mreqF1Key": "000",
            "mreqCurPgm": "MREQIASE",
            "mreqDispSegSelect": "Y",
            "mreqFoundSw": "N",
            "mreqKeySelection": "C",
            "mreqTrnxID": "MRAQ",
            "mreqUserID": "OQSE",
            "mreqUpdEstdvSw": "",
            "mreqB1550430FmClient": "N",
            "mreqTopSecretId": "V005OQSE",
            "mreqCurSetNme": "MREQ07M",
            "mreqTdyDD": "06",
            "mreqTdyDtBB": "/",
            "mreqFtAdpMreqfnav": "",
            "mreqFromMsg": "",
            "mreqKeySecurity": "",
            "mreqB1552121": "1",
            "mreqUpdFactorSw": "",
            "mreqB1552120": "",
            "mreqSaveBrto": "",
            "mreqMapResp": "",
            "mreqFApiSeqNo": "",
            "mreqMapType": "MREQ07M",
            "mreqAppType": "API",
            "mreqKeyCkNo": "000",
            "mreqTdysTimeHH": "04",
            "mreqTdyDtMM": "12",
            "mreqTdyDtAA": "/",
            "mreqTdyDtYY": "21",
            "mreqLastKey": "005355555555S",
            "mreqKeyCurrency": "",
            "mreqMapPurpose": "IA",
            "mreqFirstKey": "005355555555S",
            "mreqForwardSw": "",
            "mreqKeyType": ""
        },
        "inputDetails": {
            "m01TransI": "",
            "m01DateI": "",
            "m01CltI": "",
            "m01TleI": "",
            "m01AtleI": "",
            "m01AcctI": "",
            "m01UpdI": "",
            "m01CtleI": "",
            "m01CurrI": "",
            "macttleI": "",
            "mtypetleI": "",
            "msegtleI": "",
            "mact1I": "",
            "mtyp1I": "",
            "msec1I": "",
            "mdesc1I": "",
            "mnyse1I": "",
            "mlong1I": "",
            "mshort1I": "",
            "mopt1I": "",
            "mssf1I": "",
            "mseg1I": "",
            "mdlc1I": "",
            "mact2I": "",
            "mtyp2I": "1",
            "msec2I": "002824100000",
            "mdesc2I": "",
            "mnyse2I": "26",
            "mlong2I": "89",
            "mshort2I": "67",
            "mopt2I": "17",
            "mssf2I": "7",
            "mseg2I": "",
            "mdlc2I": "",
            "mact3I": "",
            "mtyp3I": "",
            "msec3I": "",
            "mdesc3I": "",
            "mnyse3I": "",
            "mlong3I": "",
            "mshort3I": "",
            "mopt3I": "",
            "mssf3I": "",
            "mseg3I": "",
            "mdlc3I": "",
            "mact4I": "",
            "mtyp4I": "",
            "msec4I": "",
            "mdesc4I": "",
            "mnyse4I": "",
            "mlong4I": "",
            "mshort4I": "",
            "mopt4I": "",
            "mssf4I": "",
            "mseg4I": "",
            "mdlc4I": "",
            "mact5I": "",
            "mtyp5I": "",
            "msec5I": "",
            "mdesc5I": "",
            "mnyse5I": "",
            "mlong5I": "",
            "mshort5I": "",
            "mopt5I": "",
            "mssf5I": "",
            "mseg5I": "",
            "mdlc5I": "",
            "mact6I": "",
            "mtyp6I": "",
            "msec6I": "",
            "mdesc6I": "",
            "mnyse6I": "",
            "mlong6I": "",
            "mshort6I": "",
            "mopt6I": "",
            "mssf6I": "",
            "mseg6I": "",
            "mdlc6I": "",
            "mact7I": "",
            "mtyp7I": "",
            "msec7I": "",
            "mdesc7I": "",
            "mnyse7I": "",
            "mlong7I": "",
            "mshort7I": "",
            "mopt7I": "",
            "mssf7I": "",
            "mseg7I": "",
            "mdlc7I": "",
            "mact8I": "",
            "mtyp8I": "",
            "msec8I": "",
            "mdesc8I": "",
            "mnyse8I": "",
            "mlong8I": "",
            "mshort8I": "",
            "mopt8I": "",
            "mssf8I": "",
            "mseg8I": "",
            "mdlc8I": "",
            "mact9I": "",
            "mtyp9I": "",
            "msec9I": "",
            "mdesc9I": "",
            "mnyse9I": "",
            "mlong9I": "",
            "mshort9I": "",
            "mopt9I": "",
            "mssf9I": "",
            "mseg9I": "",
            "mdlc9I": "",
            "mact10I": "",
            "mtyp10I": "",
            "msec10I": "",
            "mdesc10I": "",
            "mnyse10I": "",
            "mlong10I": "",
            "mshort10I": "",
            "mopt10I": "",
            "mssf10I": "",
            "mseg10I": "",
            "mdlc10I": "",
            "mact11I": "",
            "mtyp11I": "",
            "msec11I": "",
            "mdesc11I": "",
            "mnyse11I": "",
            "mlong11I": "",
            "mshort11I": "",
            "mopt11I": "",
            "mssf11I": "",
            "mseg11I": "",
            "mdlc11I": "",
            "mact12I": "",
            "mtyp12I": "",
            "msec12I": "",
            "mdesc12I": "",
            "mnyse12I": "",
            "mlong12I": "",
            "mshort12I": "",
            "mopt12I": "",
            "mssf12I": "",
            "mseg12I": "",
            "mdlc12I": "",
            "mact13I": "",
            "mtyp13I": "",
            "msec13I": "",
            "mdesc13I": "",
            "mnyse13I": "",
            "mlong13I": "",
            "mshort13I": "",
            "mopt13I": "",
            "mssf13I": "",
            "mseg13I": "",
            "mdlc13I": "",
            "mact14I": "",
            "mtyp14I": "",
            "msec14I": "",
            "mdesc14I": "",
            "mnyse14I": "",
            "mlong14I": "",
            "mshort14I": "",
            "mopt14I": "",
            "mssf14I": "",
            "mseg14I": "",
            "mdlc14I": "",
            "m01noteI": "",
            "m01AddI": "",
            "m01KeyI": "",
            "m01MsgI": ""
        }
    },
    "token": "${orderidfrompost}"
}