{
    "clientNumber": "$clientNmber",
    "messageId": "MREQ/MREQ_MREQGSRU",
    "request": {
        "requestReturn": "",
        "mreqArea": {
            "mreqDisplayCallbkSw": "N",
            "mreqChangeSw": "N",
            "mreqBackwardSw": "",
            "mreqCurMapNme": "MREQ01M",
            "mreqFC1Key": "000",
            "mreqSaveBrfrom": "",
            "mreqDispPmSelect": "Y",
            "mreqL1Key": "000 B000028",
            "mreqKeyBRAcct": "",
            "mreqDispCusip": "Y",
            "mreqRegtBelowMgRte": "",
            "mreqB1550430ToClient": "N",
            "mreqServReqType": "SEND",
            "mreqTdyDtDD": "20",
            "mreqB1551695": "0",
            "mreqSubReqType": "U",
            "mreqUpdSw": "Y",
            "mreqTermID": "/ABH",
            "mreqFirstClientKey": "0031        S",
            "mreqDispRegtSelect": "",
            "mreqToPgm": "MREQGBSE",
            "mreqCApiSeqNo": "",
            "mreqLApiSeqNo": "",
            "mreqErrorSw": "",
            "mreqTransNme": "MRAQ",
            "mreqPageCntl": "",
            "mreqTdyYY": "21",
            "mreqTdyMM": "09",
            "mreqDispPrtSelection": "Y",
            "mreqCommonArea": "00A0000SAM         000BOSTON BEER CO INC-CL A 00J 0100J 7600J   00J   00A 00J   000OQSK21092000A0000B004399     000***BUZZI UNICEM SPA     00J10000J10000J   00J   00A 00J   000    21073000A0000BR          000BROADRIDGE FINANCIAL SOL00J 0500J   00J   00J   00A 00J   000OQRF21082000A0000B015182     000***BCO DE SABADELL EUR0.00J10000J10000J   00J   00A 00J   000    21073000A0000B026525     000***BARCLAYS BK PLC      00J 4300J 4300J   00J   00A 00J 50000    21073000A0000B031421     000***BARCLAYS BK PLC      00J 3400J 3400J   00J   00A 00J 50000    21073000A0000B033556     000***BARCLAYS BANK PLC    00J 3400J 3400J   00J   00A 00J 50000    21073000A0000B045015     000***BARCLAYS BK PLC      00J 3400J 3400J   00J   00A 00J 50000    21073000A0000B046726     000***BREMBO SPA           00J10000J10000J   00J   00A 00J   000    21073000A0000B047625     000***BARCLAYS BANK PLC    00J 3400J 3400J   00J   00A 00J 50000    21073000A0000B048179     000***BARCLAYS BK PLC      00J 3400J 3400J   00J   00A 00J 50000    21073000A0000B048368     000***BARCLAYS BK PLC      00J 4300J 4300J   00J   00A 00J 50000    21073000A0000B049856     000***BARCLAYS BK PLC      00J 2500J 2500J   00J   00A 00J 50000    21073000A0000B049957     000***BARCLAYS BK PLC      00J 3400J 3400J   00J   00A 00J 50000    210730",
            "mreqUpdtScon": "MREQUPD",
            "mreqMapMode": "E",
            "mreqDispEff": "",
            "mreqKeykNo": "B000028",
            "mreqMapSendSW": "SENDMAP",
            "mreqTwaClient": "003",
            "mreqF1Key": "000 B050141",
            "mreqCurPgm": "MREQGBSE",
            "mreqDispSegSelect": "Y",
            "mreqFoundSw": "Y",
            "mreqKeySelection": "A",
            "mreqTrnxID": "MRAQ",
            "mreqUserID": "OQSK",
            "mreqUpdEstdvSw": "",
            "mreqB1550430FmClient": "N",
            "mreqTopSecretId": "V003OQSK",
            "mreqCurSetNme": "MREQ01M",
            "mreqTdyDD": "20",
            "mreqTdyDtBB": "/",
            "mreqFtAdpMreqfnav": "",
            "mreqFromMsg": "",
            "mreqKeySecurity": "SAM",
            "mreqB1552121": "1",
            "mreqUpdFactorSw": "",
            "mreqB1552120": "",
            "mreqSaveBrto": "",
            "mreqMapResp": "",
            "mreqFApiSeqNo": "",
            "mreqMapType": "MREQ01M",
            "mreqAppType": "API",
            "mreqKeyCkNo": "000",
            "mreqTdysTimeHH": "05",
            "mreqTdyDtMM": "09",
            "mreqTdyDtAA": "/",
            "mreqTdyDtYY": "21",
            "mreqLastKey": "0031        S",
            "mreqKeyCurrency": "",
            "mreqMapPurpose": "GS",
            "mreqFirstKey": "0031        S",
            "mreqForwardSw": "",
            "mreqKeyType": ""
        },
        "inputDetails": {
            "m01TransI": "",
            "m01DateI": "",
            "m01CLTI": "",
            "m01TleI": "",
            "m01AtleI": "",
            "m01AcctI": "",
            "m01UpdI": "",
            "m01SegtI": "",
            "m01CtleI": "",
            "m01CurrI": "",
            "mactTleI": "",
            "msegtleI": "",
            "mregtleI": "",
            "mact1I": "D",
            "msec1I": "SAM",
            "mdesc1I": "BOSTON BEER CO INC-CL A",
            "mlong1I": "01",
            "mshort1I": "76",
            "mopt1I": "",
            "mssf1I": "",
            "mseg1I": "",
            "mregt1I": "",
            "mdlc1I": "",
            "mact2I": "",
            "msec2I": "",
            "mdesc2I": "",
            "mlong2I": "",
            "mshort2I": "",
            "mopt2I": "",
            "mssf2I": "",
            "mseg2I": "",
            "mregt2I": "",
            "mdlc2I": "",
            "mact3I": "",
            "msec3I": "",
            "mdesc3I": "",
            "mlong3I": "",
            "mshort3I": "",
            "mopt3I": "",
            "mssf3I": "",
            "mseg3I": "",
            "mregt3I": "",
            "mdlc3I": "",
            "mact4I": "",
            "msec4I": "",
            "mdesc4I": "",
            "mlong4I": "",
            "mshort4I": "",
            "mopt4I": "",
            "mssf4I": "",
            "mseg4I": "",
            "mregt4I": "",
            "mdlc4I": "",
            "mact5I": "",
            "msec5I": "",
            "mdesc5I": "",
            "mlong5I": "",
            "mshort5I": "",
            "mopt5I": "",
            "mssf5I": "",
            "mseg5I": "",
            "mregt5I": "",
            "mdlc5I": "",
            "mact6I": "",
            "msec6I": "",
            "mdesc6I": "",
            "mlong6I": "",
            "mshort6I": "",
            "mopt6I": "",
            "mssf6I": "",
            "mseg6I": "",
            "mregt6I": "",
            "mdlc6I": "",
            "mact7I": "",
            "msec7I": "",
            "mdesc7I": "",
            "mlong7I": "",
            "mshort7I": "",
            "mopt7I": "",
            "mssf7I": "",
            "mseg7I": "",
            "mregt7I": "",
            "mdlc7I": "",
            "mact8I": "",
            "msec8I": "",
            "mdesc8I": "",
            "mlong8I": "",
            "mshort8I": "",
            "mopt8I": "",
            "mssf8I": "",
            "mseg8I": "",
            "mregt8I": "",
            "mdlc8I": "",
            "mact9I": "",
            "msec9I": "",
            "mdesc9I": "",
            "mlong9I": "",
            "mshort9I": "",
            "mopt9I": "",
            "mssf9I": "",
            "mseg9I": "",
            "mregt9I": "",
            "mdlc9I": "",
            "mact10I": "",
            "msec10I": "",
            "mdesc10I": "",
            "mlong10I": "",
            "mshort10I": "",
            "mopt10I": "",
            "mssf10I": "",
            "mseg10I": "",
            "mregt10I": "",
            "mdlc10I": "",
            "mact11I": "",
            "msec11I": "",
            "mdesc11I": "",
            "mlong11I": "",
            "mshort11I": "",
            "mopt11I": "",
            "mssf11I": "",
            "mseg11I": "",
            "mregt11I": "",
            "mdlc11I": "",
            "mact12I": "",
            "msec12I": "",
            "mdesc12I": "",
            "mlong12I": "",
            "mshort12I": "",
            "mopt12I": "",
            "mssf12I": "",
            "mseg12I": "",
            "mregt12I": "",
            "mdlc12I": "",
            "mact13I": "",
            "msec13I": "",
            "mdesc13I": "",
            "mlong13I": "",
            "mshort13I": "",
            "mopt13I": "",
            "mssf13I": "",
            "mseg13I": "",
            "mregt13I": "",
            "mdlc13I": "",
            "mact14I": "",
            "msec14I": "",
            "mdesc14I": "",
            "mlong14I": "",
            "mshort14I": "",
            "mopt14I": "",
            "mssf14I": "",
            "mseg14I": "",
            "mregt14I": "",
            "mdlc14I": "",
            "m01NoteI": "",
            "m01AddI": "",
            "m01KeyI": "",
            "m01MsgI": ""
        }
    },
    "token": "${orderidfrompost}"
}