{
	"clientNumber": "$clientNmber",
	"messageId": "MREQ/MREQ_MREQPMGSB",
	"request": {
		"RequestReturn": "",
		"mreqArea": {
			"mreqTrnxID": "",
			"mreqTermID": "",
			"mreqCurSetNme": "",
			"mreqCurMapNme": "",
			"mreqCurPgm": "",
			"mreqToPgm": "",
			"mreqTransNme": "",
			"mreqUserID": "",
			"mreqTopSecretId": "",
			"mreqUpdtScon": "",
			"mreqTdyDtMM": "",
			"mreqTdyDtAA": "",
			"mreqTdyDtDD": "",
			"mreqTdyDtBB": "",
			"mreqTdyDtYY": "",
			"mreqTdyYY": "",
			"mreqTdyMM": "",
			"mreqTdyDD": "",
			"mreqTwaClient": "",
			"mreqMapPurpose": "",
			"mreqFirstKey": "",
			"mreqFApiSeqNo": "",
			"mreqF1Key": "",
			"mreqLastKey": "",
			"mreqLApiSeqNo": "",
			"mreqL1Key": "",
			"mreqFirstClientKey": "",
			"mreqCApiSeqNo": "",
			"mreqFC1Key": "",
			"mreqKeySelection": "K",
			"mreqKeyBRAcct": "",
			"mreqKeySecurity": "",
			"mreqKeykNo": "",
			"mreqKeyCurrency": "",
			"mreqKeyCkNo": "",
			"mreqKeyType": "",
			"mreqSaveBrfrom": "",
			"mreqSaveBrto": "",
			"mreqFoundSw": "",
			"mreqChangeSw": "",
			"mreqForwardSw": "",
			"mreqBackwardSw": "",
			"mreqMapMode": "",
			"mreqDisplayCallbkSw": "",
			"mreqDispSegSelect": "",
			"mreqDispPmSelect": "",
			"mreqDispRegtSelect": "",
			"mreqUpdSw": "",
			"mreqTdysTimeHH": "",
			"mreqUpdFactorSw": "",
			"mreqUpdEstdvSw": "",
			"mreqDispCusip": "",
			"mreqRegtBelowMgRte": "",
			"mreqB1551695": "",
			"mreqB1550430ToClient": "",
			"mreqB1550430FmClient": "",
			"mreqDispPrtSelection": "",
			"mreqDispEff": "",
			"mreqB1552121": "",
			"mreqFromMsg": "",
			"mreqB1552120": "",
			"mreqFtAdpMreqfnav": "",
			"mreqAppType": "",
			"mreqServReqType": "",
			"mreqMapSendSW": "",
			"mreqMapType": "",
			"mreqMapResp": "",
			"mreqSubReqType": "",
			"mreqPageCntl": "",
			"mreqCommonArea": ""
		},
		"inputDetails": {
			"transI": "",
			"dateI": "",
			"cltI": "",
			"segTxtI": "",
			"pmtTxtI": "",
			"retTxtI": "",
			"praTxtI": "",
			"keyFldI": "A",
			"acctI": "",
			"secI": "G0R2JZ193",
			"currI": "",
			"typeI": "",
			"msgI": ""
		}
	},
	"token": "${orderidfrompost}"
}