{
"request": {
"requestReturn": "",
"turnaround": {
"encoding": "Pratima",
"value": "Test"
},
"mreqArea": {
"mreqDisplayCallbkSw": "",
"mreqChangeSw": "",
"mreqBackwardSw": "",
"mreqCurMapNme": "",
"mreqFC1Key": "",
"mreqSaveBrfrom": "",
"mreqDispPmSelect": "",
"mreqL1Key": "",
"mreqKeyBRAcct": "",
"mreqDispCusip": "",
"mreqRegtBelowMgRte": "",
"mreqB1550430ToClient": "",
"mreqServReqType": "",
"mreqTdyDtDD": "",
"mreqB1551695": "",
"mreqSubReqType": "",
"mreqUpdSw": "",
"mreqTermID": "",
"mreqFirstClientKey": "",
"mreqDispRegtSelect": "",
"mreqToPgm": "",
"mreqCApiSeqNo": "",
"mreqLApiSeqNo": "",
"mreqTransNme": "",
"mreqPageCntl": "",
"mreqTdyYY": "",
"mreqTdyMM": "",
"mreqDispPrtSelection": "",
"mreqSegFirstRank": "",
"mreqCommonArea": "",
"mreqUpdtScon": "",
"mreqSegTotalNo": "",
"mreqMapMode": "",
"mreqDispEff": "",
"mreqKeykNo": "",
"mreqMapSendSW": "",
"mreqTwaClient": "",
"mreqF1Key": "",
"mreqCurPgm": "",
"mreqDispSegSelect": "",
"mreqFoundSw": "",
"mreqKeySelection": "I",
"mreqTrnxID": "",
"mreqUserID": "",
"mreqUpdEstdvSw": "",
"mreqB1550430FmClient": "",
"mreqTopSecretId": "",
"mreqSegLastRank": "",
"mreqCurSetNme": "",
"mreqTdyDD": "",
"mreqTdyDtBB": "",
"mreqFtAdpMreqfnav": "",
"mreqFromMsg": "",
"mreqKeySecurity": "",
"mreqB1552121": "",
"mreqUpdFactorSw": "",
"mreqB1552120": "",
"mreqSaveBrto": "",
"mreqMapResp": "",
"mreqFApiSeqNo": "",
"mreqMapType": "",
"mreqAppType": "",
"mreqKeyCkNo": "",
"mreqTdysTimeHH": "",
"mreqTdyDtMM": "",
"mreqTdyDtAA": "",
"mreqTdyDtYY": "",
"mreqLastKey": "",
"mreqKeyCurrency": "",
"mreqMapPurpose": "",
"mreqFirstKey": "",
"mreqForwardSw": "",
"mreqKeyType": ""
},
"inputDetails": {
"transI": "",
"secI": "",
"clti": "",
"retTxtI": "",
"acctI": "",
"dateI": "",
"pmtTxtI": "",
"keyFldI": "I",
"typeI": "",
"segTxtI": "",
"praTxtI": "",
"msgI": "",
"currI": ""
}
},
"messageId": "MREQ/MREQ_MREQPSLB",
"clientNumber": "$clientNmber",
"token": "${orderidfrompost}"
}