{
    "clientNumber": "$clientNmber",
    "messageId": "MREQ/MREQ_MREQRRIU",
    "token": "${orderidfrompost}",
    "request": {
        "mreqArea": {
            "mreqDisplayCallbkSw": "N",
            "mreqChangeSw": "",
            "mreqBackwardSw": "",
            "mreqCurMapNme": "MREQ03M",
            "mreqFC1Key": "",
            "mreqSaveBrfrom": "",
            "mreqDispPmSelect": "Y",
            "mreqL1Key": "",
            "mreqKeyBRAcct": "SHR",
            "mreqDispCusip": "Y",
            "mreqRegtBelowMgRte": "",
            "mreqB1550430ToClient": "N",
            "mreqServReqType": "SEND&RECV",
            "mreqTdyDtDD": "22",
            "mreqB1551695": "0",
            "mreqSubReqType": "U",
            "mreqUpdSw": "Y",
            "mreqTermID": "/AA4",
            "mreqFirstClientKey": "",
            "mreqDispRegtSelect": "",
            "mreqToPgm": "MREQRAIN",
            "mreqCApiSeqNo": "",
            "mreqErrorMsg": "",
            "mreqLApiSeqNo": "",
            "mreqErrorSw": "",
            "mreqTransNme": "MRAQ",
            "mreqPageCntl": "",
            "mreqTdyYY": "21",
            "mreqTdyMM": "10",
            "mreqDispPrtSelection": "Y",
            "mreqCommonArea": "~~~   ~~~   ~~~ 02~~~OQSE211022~~~~~~~~~~~~~~~~~~~~~~~~~~~~~~~~~~~~~~~~~~~~~~~~~~~~~~~~~~~~~~~~~~~~~~~~~~~~~~~~~~~~~~~~~~~~~~~~~~~~~~~~~~~~~~~~~~~~~~~~~~~~~~~~~~~~~~~~~~~~~~~~~~~~~~~~~~~~~~~~~~~~~~~~~~~~~~~~~~~~~~~~~~~~~~~~~~~~~~~~~~~~~~~~~~~~~~~~~~~~~~~~~~~~~~~~~~~~~~~~~~~~~~~~~~~~~~~~~~~~~~~~~~~~~~~~~~~~~~~~~~~~~~~~~~~~~~~~~~~~~~~~~~~~~~~~~~~~~~~~~~~~~~~~~~~~~~~~~~~~~~~~~~~~~~~~~~~~~~~~~~~~~~~~~~~~~~~~~~~~~~~~~~~~~~~~~~~~~~~~~~~~~~~~~~~~~~~~~~~~~~~~~~~~~~~~~~~~~~~~~~~~~~~~~~~~~~~~~~~~~~~~~~~~~~~~~~~~~~~~~~~~~~~~~~~~~~~~~~~~~~~~~~~~~~~~~~~~~~~~~~~~~~~~~~~~~~~~~~~~~~~~~~~~~~~~~~~~~~~~~~~~~~~~~~~~~~~~~~~~~~~~~~~~~~~~~~~~~~~~~~~~~~~~~~~~~~~~~~~~~~~~~~~~~~~~~~~~~~~~~~~~~~~~~~~~~~~~~~~~~~~~~~~~~~~~~~~~~~~~~~",
            "mreqUpdtScon": "MREQUPD",
            "mreqMapMode": "E",
            "mreqDispEff": "",
            "mreqKeykNo": "",
            "mreqMapSendSW": "SENDMAP",
            "mreqTwaClient": "005",
            "mreqF1Key": "000",
            "mreqCurPgm": "MREQRAIN",
            "mreqDispSegSelect": "Y",
            "mreqFoundSw": "",
            "mreqKeySelection": "B",
            "mreqTrnxID": "MRAQ",
            "mreqUserID": "OQSE",
            "mreqUpdEstdvSw": "",
            "mreqB1550430FmClient": "N",
            "mreqTopSecretId": "V005OQSE",
            "mreqCurSetNme": "MREQ03M",
            "mreqTdyDD": "22",
            "mreqTdyDtBB": "/",
            "mreqFtAdpMreqfnav": "",
            "mreqFromMsg": "",
            "mreqKeySecurity": "",
            "mreqB1552121": "1",
            "mreqUpdFactorSw": "",
            "mreqB1552120": "",
            "mreqSaveBrto": "",
            "mreqMapResp": "",
            "mreqFApiSeqNo": "",
            "mreqMapType": "MREQ03M",
            "mreqAppType": "API",
            "mreqKeyCkNo": "000",
            "mreqTdysTimeHH": "10",
            "mreqTdyDtMM": "10",
            "mreqTdyDtAA": "/",
            "mreqTdyDtYY": "21",
            "mreqLastKey": "",
            "mreqKeyCurrency": "",
            "mreqMapPurpose": "RI",
            "mreqFirstKey": "0052SHR     I",
            "mreqForwardSw": "",
            "mreqKeyType": ""
        },
        "requestReturn": "",
        "inputDetails": {
            "bmUnim": "",
            "bmUnir": "",
            "bprefm": "",
            "bprefr": "",
            "m03Date": "10/22/21",
            "m03Ctle": "",
            "m03Clto": "005",
            "bcnvbd": "",
            "bcnvbc": "",
            "bcnvbm": "",
            "bcnvbr": "",
            "bmUnid": "",
            "bmUnic": "",
            "bforgm": "",
            "bforgd": "",
            "m03Upda": "UPDATED TODAY",
            "bforgc": "",
            "rngglb": "",
            "m03Curr": "",
            "bforgr": "",
            "m03Cll1": "",
            "m03Cll2": "",
            "bopned": "",
            "bopnec": "",
            "badrc": "",
            "bfnmam": "",
            "bsHRtm": "",
            "badrd": "",
            "bsHRtr": "",
            "bfnmad": "",
            "bwrrtr": "",
            "bfnmac": "",
            "bopner": "",
            "bwrrtm": "",
            "bopnem": "",
            "bwrrtd": "",
            "bwrrtc": "",
            "bsHRtd": "",
            "bsHRtc": "",
            "bfnmar": "",
            "bzerom": "",
            "broytm": "",
            "bzeror": "",
            "m03Msg": "",
            "broytr": "",
            "badrm": "",
            "m03Tleo": "",
            "badrr": "",
            "btRSyc": "",
            "btRSyd": "",
            "broytc": "",
            "broytd": "",
            "bcdr": "",
            "buntr": "",
            "btRSym": "",
            "bcdm": "",
            "m03Bck2": "",
            "btRSyr": "",
            "m03Bck1": "",
            "bcdc": "",
            "bcdd": "",
            "buntm": "",
            "buntd": "",
            "buntc": "",
            "bcmod": "",
            "bcmoc": "",
            "bzeroc": "",
            "bcmom": "",
            "bzerod": "",
            "bcmor": "",
            "m03Acct": "SHR",
            "m03Trans": "MRAQ",
            "beQTyc": "",
            "beQTyd": "OQSE211022",
            "bcompr": "",
            "bncnvr": "",
            "bclsec": "",
            "bclsed": "",
            "beQTym": "02",
            "beQTyr": "",
            "bclsem": "",
            "bncnvd": "",
            "bncnvc": "",
            "bclser": "",
            "bncnvm": "",
            "bmonmr": "",
            "m03Atle": "",
            "optnn": "",
            "bprefc": "",
            "bltdm": "",
            "bprefd": "",
            "bmonmm": "",
            "optnr": "",
            "bgnmam": "",
            "bmonmd": "",
            "bgnmar": "",
            "bltdr": "",
            "bmonmc": "",
            "bcompc": "",
            "bcompd": "",
            "optnc": "",
            "optnd": "",
            "bgnmac": "",
            "bgnmad": "",
            "bltdd": "",
            "bcompm": "",
            "bltdc": ""
        }
    }
}