{
	"clientNumber": "$clientNmber",
	"messageId": "MREQ/MREQ_MREQTHPU",
	"request": {
		"RequestReturn": "",
		"mreqArea": {
			"mreqDisplayCallbkSw": "N",
			"mreqChangeSw": "N",
			"mreqBackwardSw": "",
			"mreqCurMapNme": "MREQ09M",
			"mreqFC1Key": "0001",
			"mreqSaveBrfrom": "",
			"mreqDispPmSelect": "Y",
			"mreqL1Key": "0001A053552",
			"mreqKeyBRAcct": "00117000",
			"mreqDispCusip": "Y",
			"mreqRegtBelowMgRte": "",
			"mreqB1550430ToClient": "N",
			"mreqServReqType": "",
			"mreqTdyDtDD": "13",
			"mreqB1551695": "0",
			"mreqSubReqType": "U",
			"mreqUpdSw": "Y",
			"mreqTermID": "/ABE",
			"mreqFirstClientKey": "005300117000H",
			"mreqDispRegtSelect": "",
			"mreqToPgm": "MREQTRPR",
			"mreqCApiSeqNo": "",
			"mreqErrorMsg": "",
			"mreqLApiSeqNo": "",
			"mreqErrorSw": "",
			"mreqTransNme": "MRAQ",
			"mreqPageCntl": "",
			"mreqTdyYY": "22",
			"mreqTdyMM": "07",
			"mreqDispPrtSelection": "Y",
			"mreqCommonArea": "||A~~~~G0R2JZ193   ~~~***ASPECT UCITS FUNDS PLC     ~~J    13.0000~~~220713~~~~~~~~~~~~~~~~~~~~~~~~~~~~~~~~~~~~~~~~~~~~~~~~~~~~~~~~~~~~~~~~~~~~~~~~~~~~~~~~~~~~~~~~~~~~~~~~~~~~~~~~~~~~~~~~~~~~~~~~~~~~~~~~~~~~~~~~~~~~~~~~~~~~~~~~~~~~~~~~~~~~~~~~~~~~~~~~~~~~~~~~~~~~~~~~~~~~~~~~~~~~~~~~~~~~~~~~~~~~~~~~~~~~~~~~~~~~~~~~~~~~~~~~~~~~~~~~~~~~~~~~~~~~~~~~~~~~~~~~~~~~~~~~~~~~~~~~~~~~~~~~~~~~~~~~~~~~~~~~~~~~~~~~~~~~~~~~~~~~~~~~~~~~~~~~~~~~~~~~~~~~~~~~~~~~~~~~~~~~~~~~~~~~~~~~~~~~~~~~~~~~~~~~~~~~~~~~~~~~~~~~~~~~~~~~~~~~~~~~~~~~~~~~~~~~~~~~~~~~~~~~~~~~~~~~~~~~~~~~~~~~~~~~~~~~~~~~~~~~~~~~~~~~~~~~~~~~~~~~~~~~~~~~~~~~~~~~~~~~~~~~~~~~~~~~~~~~~~~~~~~~~~~~~~~~~~~~~~~~~~~~~~~~~~~~~~~~~~~~~~~~~~~~~~~~~~~~~~~~~~~~~~~~~~~~~~~~~~~~~~~~~~~~~~~~~~~~~~~~~~~~~~~~~~~~~~~~~~~~~~~~~~~~~~~~~~~~~~~~~~~~~~~~~~~~~~~~~~~~~~~~~~~~~~~~~~~~~~~~~~~~~~~~~~~~~~~~~~~~~~~~~~~~~~~~~~~~~~~~~~~~~~~~~~~~~~~~~~~~~~~~~~~~~~~~~~~~~~~~~~~~~~~~~~~~~~~~~~~~~~~~~~~~~~~~~~~~~~~~~~~~~~~~~~~~~~~~~~~~~~~~~~~~~~~~~~~~~~~~~~~~~~~~~~~~~~~~~~~~~~~~~~~~~~~~~~~~~~~~~~~~~~~~~~~~~~~~~~~~~~~~~~~~~~~~~~~",
			"mreqUpdtScon": "MREQUPD",
			"mreqMapMode": "E",
			"mreqDispEff": "",
			"mreqKeykNo": "A053552",
			"mreqMapSendSW": "SENDMAP",
			"mreqTwaClient": "005",
			"mreqF1Key": "0001",
			"mreqCurPgm": "MREQTRPR",
			"mreqDispSegSelect": "",
			"mreqFoundSw": "Y",
			"mreqKeySelection": "H",
			"mreqTrnxID": "MRAQ",
			"mreqUserID": "OQSE",
			"mreqUpdEstdvSw": "",
			"mreqB1550430FmClient": "N",
			"mreqTopSecretId": "V005OQSE",
			"mreqCurSetNme": "MREQ09M",
			"mreqTdyDD": "13",
			"mreqTdyDtBB": "/",
			"mreqFtAdpMreqfnav": "",
			"mreqFromMsg": "",
			"mreqKeySecurity": "G0R2JZ193",
			"mreqB1552121": "1",
			"mreqUpdFactorSw": "",
			"mreqB1552120": "",
			"mreqSaveBrto": "",
			"mreqMapResp": "",
			"mreqFApiSeqNo": "",
			"mreqMapType": "MREQ09M",
			"mreqAppType": "API",
			"mreqKeyCkNo": "000",
			"mreqTdysTimeHH": "10",
			"mreqTdyDtMM": "07",
			"mreqTdyDtAA": "/",
			"mreqTdyDtYY": "22",
			"mreqLastKey": "005300117000H",
			"mreqKeyCurrency": "",
			"mreqMapPurpose": "TP",
			"mreqFirstKey": "005300117000H",
			"mreqForwardSw": "",
			"mreqKeyType": "1"
		},
		"inputDetails": {
			"m09Trans": "",
			"m09Date": "",
			"m09Clt": "",
			"m09Hdr": "",
			"m09Rid": "",
			"m09Type": "",
			"m09Upda": "",
			"m09Ctle": "",
			"m09Curr": "",
			"m09Atle": "",
			"pact1": "C",
			"psec1": "",
			"pdesc1": "",
			"phsepr1": "12",
			"phsup1": "",
			"pact2": "",
			"psec2": "",
			"pdesc2": "",
			"phsepr2": "",
			"phsup2": "",
			"pact3": "",
			"psec3": "",
			"pdesc3": "",
			"phsepr3": "",
			"phsup3": "",
			"pact4": "",
			"psec4": "",
			"pdesc4": "",
			"phsepr4": "",
			"phsup4": "",
			"pact5": "",
			"psec5": "",
			"pdesc5": "",
			"phsepr5": "",
			"phsup5": "",
			"pact6": "",
			"psec6": "",
			"pdesc6": "",
			"phsepr6": "",
			"phsup6": "",
			"pact7": "",
			"psec7": "",
			"pdesc7": "",
			"phsepr7": "",
			"phsup7": "",
			"pact8": "",
			"psec8": "",
			"pdesc8": "",
			"phsepr8": "",
			"phsup8": "",
			"pact9": "",
			"psec9": "",
			"pdesc9": "",
			"phsepr9": "",
			"phsup9": "",
			"pact10": "",
			"psec10": "",
			"pdesc10": "",
			"phsepr10": "",
			"phsup10": "",
			"pact11": "",
			"psec11": "",
			"pdesc11": "",
			"phsepr11": "",
			"phsup11": "",
			"pact12": "",
			"psec12": "",
			"pdesc12": "",
			"phsepr12": "",
			"phsup12": "",
			"pact13": "",
			"psec13": "",
			"pdesc13": "",
			"phsepr13": "",
			"phsup13": "",
			"pact14": "",
			"psec14": "",
			"pdesc14": "",
			"phsepr14": "",
			"phsup14": "",
			"m09Note": "",
			"m09Add": "",
			"m09Key": "",
			"m09Msg": ""
		}
	},
	"token": "${orderidfrompost}"
}