{
    "clientNumber": "$clientNmber",
    "messageId": "MRGC/MRGC_MONEYLINE",
    "version": "1.00",
    "request": {
        "requestReturn": "Y",
        "requestType": "ML",
        "pagingInfo": {
            "pageControl": {
                "pageFwd": "",
                "pageBwd": ""
            },
            "pageFBInd": "",
            "numRowsReq": "",
            "reqFirstTime": "",
            "requestKeyArea": {
                "requestKey": "",
                "holdKeyVal": {
                    "holdXrefTyp": "",
                    "holdXrefCUSIP": ""
                },
                "holdXrefB1": ""
            }
        },
        "account": {
            "branch": "5ae",
            "accountNum": "P5889"
        },
        "currency": {
            "currencyCode": "C$"
        },
        "whatIf": {
            "whatIfCnt": "",
            "whatIfReq": [
                {
                    "whatIfAction": "",
                    "whatIfQty": "",
                    "whatIfPutCall": "",
                    "whatIfSymbol": "",
                    "whatIfPrice": "",
                    "whatIfType": "",
                    "whatIfAmount": "",
                    "whatIfExpDt": "",
                    "whatIfStrikePrice": ""
                }
            ]
        },
        "subReqTypeGG": "GG",
        "subReqTypeSMA": "",
        "reqEisl": ""
    },
    "token": "${orderidfrompost}"
}