{
    "clientNumber": "$clientNmber",
    "messageId": "MRGC/MRGC_COMPARE",
    "token": "${orderidfrompost}",
    "version": "1.00",
    "request": {
        "requestReturn": "Y",
        "requestType": "RD",
        "pagingInfo": {
            "numRowsReq": "",
            "pageFBInd": "",
            "reqFirstTime": "",
            "pageKey": {
                "forwardKey": "",
                "backwardKey": ""
            }
        },
        "account": {
            "branch": "5ae",
            "accountNum": "02135"
        },
        "currency": {
            "currencyCode": ""
        },
        "whatIf": {
            "whatIfCnt": "0",
            "whatIfReq": []
        },
        "subReqTypeGG": "",
        "subReqTypeSMA": "",
        "reqSource": "",
        "reqEisl": "",
        "accType": ""
    }
}