{
    "clientNumber": "$clientNmber",
    "messageId": "IRA/NIRA_NNIRACM",
    "request": {
        "niraCommArea": {
            "nncomMonth": "",
            "nncomDay": "",
            "nncomYear": "",
            "nncomStartCode": "",
            "nncomClient": "",
            "nncomClientType": "",
            "nncomClientInd": "",
            "nncomRetoolB1": "",
            "nncomStartOfDaySw": "",
            "nncomB1Aaa": "",
            "nncomB1CommodInq": "",
            "nncomB1ChartOfAcct": "",
            "nncomB1NadpFiservClient": "",
            "nncomB1NewACTefra": "",
            "nncomB1ShNmDfalt": "",
            "nncomB1InstIP": "",
            "nncomB1RteBR": "",
            "nncomB1AutoInst": "",
            "nncomB1AutoTefra1": "",
            "nncomB1InstAcctNum": "",
            "nncomRrBrChkSw": "",
            "nncomNextBrx": "",
            "nncomNextAcctx": "",
            "nncomBranchx": "5ab",
            "nncomAccountx": "00215",
            "nncomListScrnB1": "",
            "nncomAcctTrid": "",
            "nncomSessionTrid": "",
            "nncomPf5Caller": "",
            "nncomScreenId": "NIRA",
            "nncomAction": "I",
            "nncomXctlEibaid": "",
            "nncomXctlScreenId": "1",
            "nncomXctlRc": "",
            "nncomOkSw": "",
            "nncomCposn": "",
            "nncomErrMsg": "",
            "nncomPrevEibaid": "",
            "nncomSelectionTbl": [
                {
                    "nncomSelect": ""
                }
            ],
            "nncomSecurityLevel": "",
            "nncomBranchAccessInd": "",
            "nncomSsconSsnAllow": "",
            "nncomSsconUstAllow": "",
            "nncomSsconClsAllow": "",
            "nncomSsconCrdAllow": "",
            "nncomSsconSwpAllow": "",
            "nncomSsconMscAllow": "",
            "nncomSsconVntAllow": "",
            "nncomSsconAcmAllow": "",
            "nncomSsconPpDelAllow": "",
            "nncomSsconIpDelAllow": "",
            "nncomScrnAction": "",
            "nncomReAddSw": "",
            "nncomInaB1": "",
            "nncomFreeformUpdSw": "",
            "nncomNnlsAccessSw": "",
            "nncom80AB1": "",
            "nncomSpadSw": "",
            "nncomIndiToNadpSw": "",
            "nncomTridSecInd": "",
            "nncomLockFldInd": "",
            "nncomSecurtiy": [
                {
                    "nncomScrnSec": ""
                }
            ],
            "nncomFirstUpdReadSw": "",
            "nncomPrevBranchx": "",
            "nncomPrevAccountx": "",
            "nncomLocation": "",
            "nncomB1581211": "",
            "nncomBatchFsttimeSw": "",
            "nncomDb2NotAvailSw": "",
            "nncomHostFlag": "",
            "nncomNa2RequireAlternateBr": "",
            "nncomNa2OfacNiraCheck": "",
            "nncomAppType": "",
            "nncomServiceRequestType": "",
            "nncomMapType": "NNIRAM",
            "nncomMapResponse": "",
            "nncomPageControl": "E",
            "nncomErrorSw": ""
        },
        "niraPgmMapAreas": {
            "nncomPGMArea": {
                "nncomNeedEditSw": "",
                "nncomFldsChgdSw": "",
                "nncomDisplayCtrl": "",
                "nncomOrigBranch": "",
                "nncomOrigAccount": "",
                "nncomCbnRecID": ""
            },
            "nncomMapSaveArea": ""
        },
        "inputDetails": {
            "displayActionI": "",
            "displayActionLX": "0",
            "nextI": "IRA1",
            "nextLX": "",
            "branchI": "5ab",
            "branchLX": "",
            "accountI": "00215",
            "accountLX": "",
            "actionI": "I",
            "actionLX": "",
            "groupInput": [
                {
                    "optionI": "",
                    "optionLX": "0",
                    "optCursorI": "",
                    "optCursorLX": "0",
                    "optDescI": "",
                    "optDescLX": "0"
                }
            ],
            "msgI": "",
            "msgLX": "0"
        }
    },
    "token": "${orderidfrompost}"
}