{
    "clientNumber": "$clientNmber",
 
  "messageId": "IRA/NIRA_NNIRA5CM",
  "request": {
    "niraCommArea": {
      "nncomMonth": "",
      "nncomDay": "",
      "nncomYear": "",
      "nncomStartCode": "",
      "nncomClient": "",
      "nncomClientType": "",
      "nncomClientInd": "",
      "nncomRetoolB1": "",
      "nncomStartOfDaySw": "",
      "nncomB1Aaa": "",
      "nncomB1CommodInq": "",
      "nncomB1ChartOfAcct": "",
      "nncomB1NadpFiservClient": "",
      "nncomB1NewACTefra": "",
      "nncomB1ShNmDfalt": "",
      "nncomB1InstIP": "",
      "nncomB1RteBR": "",
      "nncomB1AutoInst": "",
      "nncomB1AutoTefra1": "",
      "nncomB1InstAcctNum": "",
      "nncomRrBrChkSw": "",
      "nncomNextBrx": "",
      "nncomNextAcctx": "",
      "nncomBranchx": "670",
      "nncomAccountx": "00016",
      "nncomListScrnB1": "",
      "nncomAcctTrid": "",
      "nncomSessionTrid": "",
      "nncomPf5Caller": "",
      "nncomScreenId": "NIRA",
      "nncomAction": "I",
      "nncomXctlEibaid": "",
      "nncomXctlScreenId": "5",
      "nncomXctlRc": "",
      "nncomOkSw": "",
      "nncomCposn": "",
      "nncomErrMsg": "",
      "nncomPrevEibaid": "",
      "nncomSelectionTbl": [
        {
          "nncomSelect": ""
        }
      ],
      "nncomSecurityLevel": "",
      "nncomBranchAccessInd": "",
      "nncomSsconSsnAllow": "",
      "nncomSsconUstAllow": "",
      "nncomSsconClsAllow": "",
      "nncomSsconCrdAllow": "",
      "nncomSsconSwpAllow": "",
      "nncomSsconMscAllow": "",
      "nncomSsconVntAllow": "",
      "nncomSsconAcmAllow": "",
      "nncomSsconPpDelAllow": "",
      "nncomSsconIpDelAllow": "",
      "nncomScrnAction": "",
      "nncomReAddSw": "",
      "nncomInaB1": "",
      "nncomFreeformUpdSw": "",
      "nncomNnlsAccessSw": "",
      "nncom80AB1": "",
      "nncomSpadSw": "",
      "nncomIndiToNadpSw": "",
      "nncomTridSecInd": "",
      "nncomLockFldInd": "",
      "nncomSecurtiy": [
        {
          "nncomScrnSec": ""
        }
      ],
      "nncomFirstUpdReadSw": "",
      "nncomPrevBranchx": "",
      "nncomPrevAccountx": "",
      "nncomLocation": "",
      "nncomB1581211": "",
      "nncomBatchFsttimeSw": "",
      "nncomDb2NotAvailSw": "",
      "nncomHostFlag": "",
      "nncomNa2RequireAlternateBr": "",
      "nncomNa2OfacNiraCheck": "",
      "nncomAppType": "",
      "nncomServiceRequestType": "",
      "nncomMapType": "",
      "nncomMapResponse": "",
      "nncomPageControl": "E",
      "nncomErrorSw": ""
    },
    "niraPgmMapAreas": {
      "nncomPGMArea": {
        "nncomFldsChgdSw": "",
        "nncomFldsReqSw": "",
        "nncomIRA5LastNum": "",
        "nncomIRA5FirstNum": "",
        "nncomIRA5EndSw": ""
      },
      "nncomMapSaveArea": ""
    },
    "inputDetails": {
      "currentDateI": "",
      "currentDateLX": "",
      "currentDateF": "",
      "currentTimeI": "",
      "currentTimeF": "",
      "currentTimeLX": "",
      "grpI": [
        {
          "brAcctI": "",
          "brAcctF": "",
          "brAcctLX": "",
          "valueI": "",
          "valueF": "",
          "valueLX": ""
        }
      ],
      "nextI": "",
      "nextF": "",
      "nextLX": "",
      "branchI": "",
      "branchF": "",
      "branchLX": "",
      "accountI": "",
      "accountF": "",
      "accountLX": "",
      "msgI": "",
      "msgF": "",
      "msgLX": "",
      "brnchI": "670",
      "accntI": "00016"
    }
  },
  "token":  "${orderidfrompost}"
}