{
    "clientNumber": "$clientNmber",
    "messageId": "IRA/NIRA_NNIRA1CM",
    "request": {
        "niraCommArea": {
            "nncomOkSw": "",
            "nncomB1NewACTefra": "",
            "nncomSsconVntAllow": "",
            "nncomPageControl": "E",
            "nncomClient": "005",
            "nncomAppType": "API",
            "nncomB1ChartOfAcct": "",
            "nncomSpadSw": "",
            "nncomTridSecInd": "",
            "nncomNa2OfacNiraCheck": "0",
            "nncomSessionTrid": "O",
            "nncomAcctTrid": "",
            "nncomMapType": "NNIRA1M",
            "nncomXctlRc": "",
            "nncomSsconSwpAllow": "",
            "nncomStartCode": "",
            "nncomErrorSw": "",
            "nncomReAddSw": "",
            "nncomSsconPpDelAllow": "",
            "nncomB1RteBR": "",
            "nncom80AB1": "",
            "nncomB1581211": "",
            "nncomB1AutoInst": "",
            "nncomNa2RequireAlternateBr": "",
            "nncomStartOfDaySw": "",
            "nncomRrBrChkSw": "00",
            "nncomServiceRequestType": "",
            "nncomLocation": "001",
            "nncomNnlsAccessSw": "",
            "nncomSsconMscAllow": "",
            "nncomScrnAction": "",
            "nncomXctlScreenId": "",
            "nncomBranchAccessInd": "0",
            "nncomDb2NotAvailSw": "",
            "nncomB1InstIP": "",
            "nncomSsconIpDelAllow": "",
            "nncomFreeformUpdSw": "",
            "nncomAccountx": "00215",
            "nncomLockFldInd": "",
            "nncomPrevAccountx": "",
            "nncomPrevEibaid": "N",
            "nncomListScrnB1": "",
            "nncomErrMsg": "",
            "nncomSsconSsnAllow": "",
            "nncomSelectionTbl": [
                {
                    "nncomSelect": "IRA1"
                },
                {
                    "nncomSelect": "IRA2"
                },
                {
                    "nncomSelect": "IRA3"
                },
                {
                    "nncomSelect": "IRA4"
                },
                {
                    "nncomSelect": "IRA5"
                },
                {
                    "nncomSelect": ""
                },
                {
                    "nncomSelect": ""
                },
                {
                    "nncomSelect": ""
                },
                {
                    "nncomSelect": ""
                },
                {
                    "nncomSelect": ""
                },
                {
                    "nncomSelect": ""
                },
                {
                    "nncomSelect": ""
                },
                {
                    "nncomSelect": ""
                },
                {
                    "nncomSelect": ""
                },
                {
                    "nncomSelect": ""
                },
                {
                    "nncomSelect": ""
                },
                {
                    "nncomSelect": ""
                },
                {
                    "nncomSelect": ""
                },
                {
                    "nncomSelect": ""
                },
                {
                    "nncomSelect": ""
                },
                {
                    "nncomSelect": ""
                },
                {
                    "nncomSelect": ""
                },
                {
                    "nncomSelect": ""
                },
                {
                    "nncomSelect": ""
                },
                {
                    "nncomSelect": ""
                },
                {
                    "nncomSelect": ""
                },
                {
                    "nncomSelect": ""
                },
                {
                    "nncomSelect": ""
                },
                {
                    "nncomSelect": ""
                },
                {
                    "nncomSelect": ""
                }
            ],
            "nncomSecurityLevel": "4",
            "nncomNextAcctx": "",
            "nncomYear": "2021",
            "nncomXctlEibaid": "",
            "nncomInaB1": "",
            "nncomRetoolB1": "",
            "nncomSsconUstAllow": "",
            "nncomAction": "N",
            "nncomSsconAcmAllow": "",
            "nncomB1Aaa": "",
            "nncomB1AutoTefra1": "",
            "nncomBatchFsttimeSw": "",
            "nncomClientType": "",
            "nncomScreenId": "IRA1",
            "nncomNextBrx": "",
            "nncomSecurtiy": [
                {
                    "nncomScrnSec": ""
                },
                {
                    "nncomScrnSec": ""
                },
                {
                    "nncomScrnSec": ""
                },
                {
                    "nncomScrnSec": ""
                },
                {
                    "nncomScrnSec": ""
                },
                {
                    "nncomScrnSec": ""
                },
                {
                    "nncomScrnSec": ""
                },
                {
                    "nncomScrnSec": ""
                },
                {
                    "nncomScrnSec": ""
                },
                {
                    "nncomScrnSec": ""
                },
                {
                    "nncomScrnSec": ""
                },
                {
                    "nncomScrnSec": ""
                },
                {
                    "nncomScrnSec": ""
                },
                {
                    "nncomScrnSec": ""
                },
                {
                    "nncomScrnSec": ""
                },
                {
                    "nncomScrnSec": ""
                },
                {
                    "nncomScrnSec": ""
                },
                {
                    "nncomScrnSec": ""
                },
                {
                    "nncomScrnSec": ""
                },
                {
                    "nncomScrnSec": ""
                },
                {
                    "nncomScrnSec": ""
                },
                {
                    "nncomScrnSec": ""
                },
                {
                    "nncomScrnSec": ""
                },
                {
                    "nncomScrnSec": ""
                },
                {
                    "nncomScrnSec": ""
                },
                {
                    "nncomScrnSec": ""
                },
                {
                    "nncomScrnSec": ""
                },
                {
                    "nncomScrnSec": ""
                },
                {
                    "nncomScrnSec": ""
                },
                {
                    "nncomScrnSec": ""
                }
            ],
            "nncomFirstUpdReadSw": "",
            "nncomHostFlag": "0",
            "nncomBranchx": "5AB",
            "nncomMonth": "08",
            "nncomPrevBranchx": "",
            "nncomMapResponse": "0",
            "nncomB1ShNmDfalt": "",
            "nncomB1CommodInq": "",
            "nncomB1InstAcctNum": "",
            "nncomSsconClsAllow": "",
            "nncomSsconCrdAllow": "",
            "nncomDay": "16",
            "nncomPf5Caller": "",
            "nncomIndiToNadpSw": "",
            "nncomB1NadpFiservClient": "",
            "nncomClientInd": "",
            "nncomCposn": ""
        },
        "niraPgmMapAreas": {
            "nncomPGMArea": {
                "nncomWarning": [
                    {
                        "nncomWarningSw": ""
                    },
                    {
                        "nncomWarningSw": ""
                    },
                    {
                        "nncomWarningSw": ""
                    },
                    {
                        "nncomWarningSw": ""
                    },
                    {
                        "nncomWarningSw": ""
                    },
                    {
                        "nncomWarningSw": ""
                    },
                    {
                        "nncomWarningSw": ""
                    },
                    {
                        "nncomWarningSw": ""
                    },
                    {
                        "nncomWarningSw": ""
                    },
                    {
                        "nncomWarningSw": ""
                    },
                    {
                        "nncomWarningSw": ""
                    },
                    {
                        "nncomWarningSw": ""
                    },
                    {
                        "nncomWarningSw": ""
                    },
                    {
                        "nncomWarningSw": ""
                    },
                    {
                        "nncomWarningSw": ""
                    },
                    {
                        "nncomWarningSw": ""
                    },
                    {
                        "nncomWarningSw": ""
                    },
                    {
                        "nncomWarningSw": ""
                    },
                    {
                        "nncomWarningSw": ""
                    },
                    {
                        "nncomWarningSw": ""
                    }
                ],
                "nncomNnira2One": "",
                "nncomFldsReqSw": "",
                "nncomForGlobal": "",
                "nncomUserID": "",
                "nncomDeleteSw": "",
                "nncomFldsChgdSw": "",
                "nncomNeedEditSw": "",
                "nncomCbnRecID": "C",
                "nncomNnira2Two": ""
            },
            "nncomMapSaveArea": ""
        },
        "inputDetails": {
            "displayActionLX": "0",
            "displayActionF": "",
            "displayActionI": "",
            "currentDateLX": "0",
            "currentDateF": "",
            "currentDateI": "",
            "currentTimeLX": "0",
            "currentTimeF": "",
            "currentTimeI": "",
            "brAcctRrLX": "0",
            "brAcctRrF": "",
            "brAcctRrI": "",
            "altBrlLX": "0",
            "altBrlF": "",
            "altBrlI": "",
            "altBrLX": "0",
            "altBrF": "",
            "altBrI": "",
            "naLine1LX": "0",
            "naLine1F": "",
            "naLine1I": "",
            "slmc1LX": "0",
            "slmc1F": "",
            "slmc1I": "",
            "wvAmfLX": "0",
            "wvAmfF": "",
            "wvAmfI": "",
            "yeValLX": "",
            "yeValF": "C",
            "yeValI": "78",
            "yeValAstLX": "0",
            "yeValAstF": "",
            "yeValAstI": "",
            "naLine2LX": "0",
            "naLine2F": "",
            "naLine2I": "",
            "slmc2LX": "0",
            "slmc2F": "",
            "slmc2I": "",
            "dfeeLX": "0",
            "dfeeF": "",
            "dfeeI": "",
            "oapLX": "0",
            "oapF": "",
            "oapI": "",
            "naLine3LX": "0",
            "naLine3F": "",
            "naLine3I": "",
            "slmc3LX": "0",
            "slmc3F": "",
            "slmc3I": "",
            "dfeeaLX": "0",
            "dfeeaF": "",
            "dfeeaI": "",
            "rmdtLX": "0",
            "rmdtF": "",
            "rmdtI": "",
            "naLine4LX": "0",
            "naLine4F": "",
            "naLine4I": "",
            "slmc4LX": "0",
            "slmc4F": "",
            "slmc4I": "",
            "birthDtLX": "0",
            "birthDtF": "",
            "birthDtI": "",
            "rmdteLX": "0",
            "rmdteF": "",
            "rmdteI": "",
            "naLine5LX": "0",
            "naLine5F": "",
            "naLine5I": "",
            "slmc5LX": "0",
            "slmc5F": "",
            "slmc5I": "",
            "in59HlfLX": "0",
            "in59HlfF": "",
            "in59HlfI": "",
            "in1099rLX": "0",
            "in1099rF": "",
            "in1099rI": "",
            "in72tLX": "0",
            "in72tF": "",
            "in72tI": "",
            "ssTinCdLX": "0",
            "ssTinCdF": "",
            "ssTinCdI": "",
            "ssTinLX": "0",
            "ssTinF": "",
            "ssTinI": "",
            "in70HlfLX": "0",
            "in70HlfF": "",
            "in70HlfI": "",
            "dolwnLX": "0",
            "dolwnF": "",
            "dolwnI": "",
            "iraLX": "0",
            "iraF": "",
            "iraI": "",
            "rbdLX": "0",
            "rbdF": "C",
            "rbdI": "",
            "fedWtxLX": "0",
            "fedWtxF": "",
            "fedWtxI": "",
            "ubtiEinLX": "0",
            "ubtiEinF": "",
            "ubtiEinI": "",
            "decParLX": "0",
            "decParF": "",
            "decParI": "",
            "stWtxLX": "0",
            "stWtxF": "",
            "stWtxI": "",
            "spbenLX": "0",
            "spbenF": "",
            "spbenI": "",
            "in5yrDtLX": "0",
            "in5yrDtF": "",
            "in5yrDtI": "",
            "locWtxLX": "0",
            "locWtxF": "",
            "locWtxI": "",
            "nprbnLX": "0",
            "nprbnF": "",
            "nprbnI": "",
            "feeCodeLX": "0",
            "feeCodeF": "",
            "feeCodeI": "",
            "billDateLX": "0",
            "billDateF": "",
            "billDateI": "",
            "fstDcyLX": "",
            "fstDcyF": "",
            "fstDcyI": "2004",
            "disMethLX": "0",
            "disMethF": "",
            "disMethI": "",
            "disStLX": "0",
            "disStF": "",
            "disStI": "",
            "bkpBchLX": "0",
            "bkpBchF": "",
            "bkpBchI": "",
            "lifExpcLX": "0",
            "lifExpcF": "",
            "lifExpcI": "",
            "disEndLX": "0",
            "disEndF": "",
            "disEndI": "",
            "bkpEntLX": "0",
            "bkpEntF": "",
            "bkpEntI": "",
            "dthPprLX": "0",
            "dthPprF": "",
            "dthPprI": "",
            "fixDisLX": "0",
            "fixDisF": "",
            "fixDisI": "",
            "schPayLX": "0",
            "schPayF": "",
            "schPayI": "",
            "fundingDateLX": "0",
            "fundingDateF": "",
            "fundingDateI": "",
            "emplTinLX": "0",
            "emplTinF": "",
            "emplTinI": "",
            "groupInput": [
                {
                    "relBenLX": "0",
                    "relBenF": "",
                    "relBenI": ""
                },
                {
                    "relBenLX": "0",
                    "relBenF": "",
                    "relBenI": ""
                },
                {
                    "relBenLX": "0",
                    "relBenF": "",
                    "relBenI": ""
                },
                {
                    "relBenLX": "0",
                    "relBenF": "",
                    "relBenI": ""
                },
                {
                    "relBenLX": "0",
                    "relBenF": "",
                    "relBenI": ""
                },
                {
                    "relBenLX": "0",
                    "relBenF": "",
                    "relBenI": ""
                },
                {
                    "relBenLX": "0",
                    "relBenF": "",
                    "relBenI": ""
                },
                {
                    "relBenLX": "0",
                    "relBenF": "",
                    "relBenI": ""
                },
                {
                    "relBenLX": "0",
                    "relBenF": "",
                    "relBenI": ""
                },
                {
                    "relBenLX": "0",
                    "relBenF": "",
                    "relBenI": ""
                }
            ],
            "openDateLX": "",
            "openDateF": "",
            "openDateI": "01/01/1993",
            "addDateLX": "0",
            "addDateF": "",
            "addDateI": "",
            "changeDateLX": "0",
            "changeDateF": "",
            "changeDateI": "",
            "nextLX": "0",
            "nextF": "",
            "nextI": "",
            "branchLX": "",
            "branchF": "",
            "branchI": "5AB",
            "accountLX": "",
            "accountF": "",
            "accountI": "00215",
            "msgLX": "0",
            "msgF": "",
            "msgI": "",
            "in1099RLX": "",
            "in1099RF": "C",
            "in72TLX": "",
            "in72TF": "C"
        }
    },
    "token": "${orderidfrompost}"
}