{
    "clientNumber": "$clientNmber",
"messageId": "IRA/NIRA_NNIRA4CM",
    "request": {
        "niraCommArea": {
            "nncomMonth": "",
            "nncomDay": "",
            "nncomYear": "",
            "nncomStartCode": "",
            "nncomClient": "",
            "nncomClientType": "",
            "nncomClientInd": "",
            "nncomRetoolB1": "",
            "nncomStartOfDaySw": "",
            "nncomB1Aaa": "",
            "nncomB1CommodInq": "",
            "nncomB1ChartOfAcct": "",
            "nncomB1NadpFiservClient": "",
            "nncomB1NewACTefra": "",
            "nncomB1ShNmDfalt": "",
            "nncomB1InstIP": "",
            "nncomB1RteBR": "",
            "nncomB1AutoInst": "",
            "nncomB1AutoTefra1": "",
            "nncomB1InstAcctNum": "",
            "nncomRrBrChkSw": "",
            "nncomNextBrx": "",
            "nncomNextAcctx": "",
            "nncomBranchx": "123",
            "nncomAccountx": "45566",
            "nncomListScrnB1": "",
            "nncomAcctTrid": "",
            "nncomSessionTrid": "",
            "nncomPf5Caller": "",
            "nncomScreenId": "NIRA",
            "nncomAction": "I",
            "nncomXctlEibaid": "",
            "nncomXctlScreenId": "4",
            "nncomXctlRc": "",
            "nncomOkSw": "",
            "nncomCposn": "",
            "nncomErrMsg": "",
            "nncomPrevEibaid": "",
            "nncomSelectionTbl": [
                {
                    "nncomSelect": ""
                },
                {
                    "nncomSelect": ""
                }
            ],
            "nncomSecurityLevel": "",
            "nncomBranchAccessInd": "",
            "nncomSsconSsnAllow": "",
            "nncomSsconUstAllow": "",
            "nncomSsconClsAllow": "",
            "nncomSsconCrdAllow": "",
            "nncomSsconSwpAllow": "",
            "nncomSsconMscAllow": "",
            "nncomSsconVntAllow": "",
            "nncomSsconAcmAllow": "",
            "nncomSsconPpDelAllow": "",
            "nncomSsconIpDelAllow": "",
            "nncomScrnAction": "",
            "nncomReAddSw": "",
            "nncomInaB1": "",
            "nncomFreeformUpdSw": "",
            "nncomNnlsAccessSw": "",
            "nncom80AB1": "",
            "nncomSpadSw": "",
            "nncomIndiToNadpSw": "",
            "nncomTridSecInd": "",
            "nncomLockFldInd": "",
            "nncomSecurtiy": [
                {
                    "nncomScrnSec": ""
                },
                {
                    "nncomScrnSec": ""
                }
            ],
            "nncomFirstUpdReadSw": "",
            "nncomPrevBranchx": "",
            "nncomPrevAccountx": "",
            "nncomLocation": "",
            "nncomB1581211": "",
            "nncomBatchFsttimeSw": "",
            "nncomDb2NotAvailSw": "",
            "nncomHostFlag": "",
            "nncomNa2RequireAlternateBr": "",
            "nncomNa2OfacNiraCheck": "",
            "nncomAppType": "",
            "nncomServiceRequestType": "",
            "nncomMapType": "",
            "nncomMapResponse": "",
            "nncomPageControl": "E",
            "nncomErrorSw": ""
        },
        "niraPgmMapAreas": {
            "nncomPGMArea": {
                "nncomFldsChgdSw": "",
                "nncomFldsReqSw": "",
                "nncomDeleteSw": ""
            },
            "nncomMapSaveArea": ""
        },
        "inputDetails": {
            "displayactionI": "",
            "displayactionLx": "0",
            "displayactionF": "",
            "currentdateI": "",
            "currentdateLx": "0",
            "currentdateF": "",
            "currenttimeI": "",
            "currenttimeLx": "0",
            "currenttimeF": "",
            "bracctI": "",
            "bracctLx": "0",
            "bracctF": "",
            "naline1I": "",
            "naline1Lx": "0",
            "naline1F": "",
            "slmc1I": "",
            "slmc1Lx": "0",
            "slmc1F": "",
            "naline2I": "",
            "naline2Lx": "0",
            "naline2F": "",
            "slmc2I": "",
            "slmc2Lx": "0",
            "slmc2F": "",
            "naline3I": "",
            "naline3Lx": "0",
            "naline3F": "",
            "slmc3I": "",
            "slmc3Lx": "0",
            "slmc3F": "",
            "naline4I": "",
            "naline4Lx": "0",
            "naline4F": "",
            "slmc4I": "",
            "slmc4Lx": "0",
            "slmc4F": "",
            "naline5I": "",
            "naline5Lx": "0",
            "naline5F": "",
            "slmc5I": "",
            "slmc5Lx": "0",
            "slmc5F": "",
            "valueallI": [
                {
                    "descI": "",
                    "descLx": "0",
                    "descF": "",
                    "valueI": "",
                    "valueLx": "0",
                    "valueF": "",
                    "htvassetI": "",
                    "htvassetLx": "0",
                    "htvassetF": ""
                },
                {
                    "descI": "",
                    "descLx": "0",
                    "descF": "",
                    "valueI": "",
                    "valueLx": "0",
                    "valueF": "",
                    "htvassetI": "",
                    "htvassetLx": "0",
                    "htvassetF": ""
                },
                {
                    "descI": "",
                    "descLx": "0",
                    "descF": "",
                    "valueI": "",
                    "valueLx": "0",
                    "valueF": "",
                    "htvassetI": "",
                    "htvassetLx": "0",
                    "htvassetF": ""
                },
                {
                    "descI": "",
                    "descLx": "0",
                    "descF": "",
                    "valueI": "",
                    "valueLx": "0",
                    "valueF": "",
                    "htvassetI": "",
                    "htvassetLx": "0",
                    "htvassetF": ""
                },
                {
                    "descI": "",
                    "descLx": "0",
                    "descF": "",
                    "valueI": "",
                    "valueLx": "0",
                    "valueF": "",
                    "htvassetI": "",
                    "htvassetLx": "0",
                    "htvassetF": ""
                },
                {
                    "descI": "",
                    "descLx": "0",
                    "descF": "",
                    "valueI": "",
                    "valueLx": "0",
                    "valueF": "",
                    "htvassetI": "",
                    "htvassetLx": "0",
                    "htvassetF": ""
                },
                {
                    "descI": "",
                    "descLx": "0",
                    "descF": "",
                    "valueI": "",
                    "valueLx": "0",
                    "valueF": "",
                    "htvassetI": "",
                    "htvassetLx": "0",
                    "htvassetF": ""
                },
                {
                    "descI": "",
                    "descLx": "0",
                    "descF": "",
                    "valueI": "",
                    "valueLx": "0",
                    "valueF": "",
                    "htvassetI": "",
                    "htvassetLx": "0",
                    "htvassetF": ""
                },
                {
                    "descI": "",
                    "descLx": "0",
                    "descF": "",
                    "valueI": "",
                    "valueLx": "0",
                    "valueF": "",
                    "htvassetI": "",
                    "htvassetLx": "0",
                    "htvassetF": ""
                },
                {
                    "descI": "",
                    "descLx": "0",
                    "descF": "",
                    "valueI": "",
                    "valueLx": "0",
                    "valueF": "",
                    "htvassetI": "",
                    "htvassetLx": "0",
                    "htvassetF": ""
                }
            ],
            "totalI": "",
            "totalLx": "0",
            "totalF": "",
            "nextI": "",
            "nextLx": "0",
            "nextF": "",
            "branchI": "",
            "branchLx": "0",
            "branchF": "",
            "accountI": "",
            "accountLx": "0",
            "accountF": "",
            "msgI": "",
            "msgLx": "0",
            "msgF": "",
            "cltnoI": "0005",
            "acctkeyI": "12345566"
        }
    },
        "token": "${orderidfrompost}"
}