{
    "clientNumber": "$clientNmber",
    "messageId": "IRA/NIRA_NNIRA4CM",
    "request": {
        "niraCommArea": {
            "nncomOkSw": "",
            "nncomB1NewACTefra": "",
            "nncomSsconVntAllow": "",
            "nncomPageControl": "E",
            "nncomClient": "005",
            "nncomAppType": "API",
            "nncomB1ChartOfAcct": "",
            "nncomSpadSw": "",
            "nncomTridSecInd": "",
            "nncomNa2OfacNiraCheck": "0",
            "nncomSessionTrid": "O",
            "nncomAcctTrid": "",
            "nncomMapType": "NNIRA4M",
            "nncomXctlRc": "",
            "nncomSsconSwpAllow": "",
            "nncomStartCode": "",
            "nncomErrorSw": "",
            "nncomReAddSw": "",
            "nncomSsconPpDelAllow": "",
            "nncomB1RteBR": "",
            "nncom80AB1": "",
            "nncomB1581211": "",
            "nncomB1AutoInst": "",
            "nncomNa2RequireAlternateBr": "",
            "nncomStartOfDaySw": "",
            "nncomRrBrChkSw": "00",
            "nncomServiceRequestType": "",
            "nncomLocation": "001",
            "nncomNnlsAccessSw": "",
            "nncomSsconMscAllow": "",
            "nncomScrnAction": "",
            "nncomXctlScreenId": "",
            "nncomBranchAccessInd": "0",
            "nncomDb2NotAvailSw": "",
            "nncomB1InstIP": "",
            "nncomSsconIpDelAllow": "",
            "nncomFreeformUpdSw": "",
            "nncomAccountx": "00002",
            "nncomLockFldInd": "",
            "nncomPrevAccountx": "",
            "nncomPrevEibaid": "",
            "nncomListScrnB1": "",
            "nncomErrMsg": "",
            "nncomSsconSsnAllow": "",
            "nncomSelectionTbl": [
                {
                    "nncomSelect": "IRA1"
                },
                {
                    "nncomSelect": "IRA2"
                },
                {
                    "nncomSelect": "IRA3"
                },
                {
                    "nncomSelect": "IRA4"
                },
                {
                    "nncomSelect": "IRA5"
                },
                {
                    "nncomSelect": ""
                },
                {
                    "nncomSelect": ""
                },
                {
                    "nncomSelect": ""
                },
                {
                    "nncomSelect": ""
                },
                {
                    "nncomSelect": ""
                },
                {
                    "nncomSelect": ""
                },
                {
                    "nncomSelect": ""
                },
                {
                    "nncomSelect": ""
                },
                {
                    "nncomSelect": ""
                },
                {
                    "nncomSelect": ""
                },
                {
                    "nncomSelect": ""
                },
                {
                    "nncomSelect": ""
                },
                {
                    "nncomSelect": ""
                },
                {
                    "nncomSelect": ""
                },
                {
                    "nncomSelect": ""
                },
                {
                    "nncomSelect": ""
                },
                {
                    "nncomSelect": ""
                },
                {
                    "nncomSelect": ""
                },
                {
                    "nncomSelect": ""
                },
                {
                    "nncomSelect": ""
                },
                {
                    "nncomSelect": ""
                },
                {
                    "nncomSelect": ""
                },
                {
                    "nncomSelect": ""
                },
                {
                    "nncomSelect": ""
                },
                {
                    "nncomSelect": ""
                }
            ],
            "nncomSecurityLevel": "4",
            "nncomNextAcctx": "",
            "nncomYear": "2021",
            "nncomXctlEibaid": "",
            "nncomInaB1": "",
            "nncomRetoolB1": "",
            "nncomSsconUstAllow": "",
            "nncomAction": "C",
            "nncomSsconAcmAllow": "",
            "nncomB1Aaa": "",
            "nncomB1AutoTefra1": "",
            "nncomBatchFsttimeSw": "",
            "nncomClientType": "",
            "nncomScreenId": "IRA4",
            "nncomNextBrx": "",
            "nncomSecurtiy": [
                {
                    "nncomScrnSec": ""
                },
                {
                    "nncomScrnSec": ""
                },
                {
                    "nncomScrnSec": ""
                },
                {
                    "nncomScrnSec": ""
                },
                {
                    "nncomScrnSec": ""
                },
                {
                    "nncomScrnSec": ""
                },
                {
                    "nncomScrnSec": ""
                },
                {
                    "nncomScrnSec": ""
                },
                {
                    "nncomScrnSec": ""
                },
                {
                    "nncomScrnSec": ""
                },
                {
                    "nncomScrnSec": ""
                },
                {
                    "nncomScrnSec": ""
                },
                {
                    "nncomScrnSec": ""
                },
                {
                    "nncomScrnSec": ""
                },
                {
                    "nncomScrnSec": ""
                },
                {
                    "nncomScrnSec": ""
                },
                {
                    "nncomScrnSec": ""
                },
                {
                    "nncomScrnSec": ""
                },
                {
                    "nncomScrnSec": ""
                },
                {
                    "nncomScrnSec": ""
                },
                {
                    "nncomScrnSec": ""
                },
                {
                    "nncomScrnSec": ""
                },
                {
                    "nncomScrnSec": ""
                },
                {
                    "nncomScrnSec": ""
                },
                {
                    "nncomScrnSec": ""
                },
                {
                    "nncomScrnSec": ""
                },
                {
                    "nncomScrnSec": ""
                },
                {
                    "nncomScrnSec": ""
                },
                {
                    "nncomScrnSec": ""
                },
                {
                    "nncomScrnSec": ""
                }
            ],
            "nncomFirstUpdReadSw": "",
            "nncomHostFlag": "0",
            "nncomBranchx": "000",
            "nncomMonth": "10",
            "nncomPrevBranchx": "",
            "nncomMapResponse": "0",
            "nncomB1ShNmDfalt": "",
            "nncomB1CommodInq": "",
            "nncomB1InstAcctNum": "",
            "nncomSsconClsAllow": "",
            "nncomSsconCrdAllow": "",
            "nncomDay": "01",
            "nncomPf5Caller": "",
            "nncomIndiToNadpSw": "",
            "nncomB1NadpFiservClient": "",
            "nncomClientInd": "",
            "nncomCposn": ""
        },
        "niraPgmMapAreas": {
            "nncomPGMArea": {
                "nncomFldsReqSw": "",
                "nncomDeleteSw": "",
                "nncomFldsChgdSw": ""
            },
            "nncomMapSaveArea": ""
        },
        "inputDetails": {
            "displayactionI": "",
            "displayactionLx": "0",
            "displayactionF": "",
            "currentdateI": "",
            "currentdateLx": "0",
            "currentdateF": "",
            "currenttimeI": "",
            "currenttimeLx": "0",
            "currenttimeF": "",
            "bracctI": "",
            "bracctLx": "0",
            "bracctF": "",
            "naline1I": "",
            "naline1Lx": "0",
            "naline1F": "",
            "slmc1I": "",
            "slmc1Lx": "0",
            "slmc1F": "",
            "naline2I": "",
            "naline2Lx": "0",
            "naline2F": "",
            "slmc2I": "",
            "slmc2Lx": "0",
            "slmc2F": "",
            "naline3I": "",
            "naline3Lx": "0",
            "naline3F": "",
            "slmc3I": "",
            "slmc3Lx": "0",
            "slmc3F": "",
            "naline4I": "",
            "naline4Lx": "0",
            "naline4F": "",
            "slmc4I": "",
            "slmc4Lx": "0",
            "slmc4F": "",
            "naline5I": "",
            "naline5Lx": "0",
            "naline5F": "",
            "slmc5I": "",
            "slmc5Lx": "0",
            "slmc5F": "",
            "valueallI": [
                {
                    "descI": "IBM",
                    "descLx": "",
                    "descF": "",
                    "valueI": "55.00",
                    "valueLx": "",
                    "valueF": "C",
                    "htvassetI": "A",
                    "htvassetLx": "",
                    "htvassetF": ""
                },
                {
                    "descI": "",
                    "descLx": "0",
                    "descF": "",
                    "valueI": "",
                    "valueLx": "0",
                    "valueF": "",
                    "htvassetI": "",
                    "htvassetLx": "0",
                    "htvassetF": ""
                },
                {
                    "descI": "",
                    "descLx": "0",
                    "descF": "",
                    "valueI": "",
                    "valueLx": "0",
                    "valueF": "",
                    "htvassetI": "",
                    "htvassetLx": "0",
                    "htvassetF": ""
                },
                {
                    "descI": "",
                    "descLx": "0",
                    "descF": "",
                    "valueI": "",
                    "valueLx": "0",
                    "valueF": "",
                    "htvassetI": "",
                    "htvassetLx": "0",
                    "htvassetF": ""
                },
                {
                    "descI": "",
                    "descLx": "0",
                    "descF": "",
                    "valueI": "",
                    "valueLx": "0",
                    "valueF": "",
                    "htvassetI": "",
                    "htvassetLx": "0",
                    "htvassetF": ""
                },
                {
                    "descI": "",
                    "descLx": "0",
                    "descF": "",
                    "valueI": "",
                    "valueLx": "0",
                    "valueF": "",
                    "htvassetI": "",
                    "htvassetLx": "0",
                    "htvassetF": ""
                },
                {
                    "descI": "",
                    "descLx": "0",
                    "descF": "",
                    "valueI": "",
                    "valueLx": "0",
                    "valueF": "",
                    "htvassetI": "",
                    "htvassetLx": "0",
                    "htvassetF": ""
                },
                {
                    "descI": "",
                    "descLx": "0",
                    "descF": "",
                    "valueI": "",
                    "valueLx": "0",
                    "valueF": "",
                    "htvassetI": "",
                    "htvassetLx": "0",
                    "htvassetF": ""
                },
                {
                    "descI": "",
                    "descLx": "0",
                    "descF": "",
                    "valueI": "",
                    "valueLx": "0",
                    "valueF": "",
                    "htvassetI": "",
                    "htvassetLx": "0",
                    "htvassetF": ""
                },
                {
                    "descI": "",
                    "descLx": "0",
                    "descF": "",
                    "valueI": "",
                    "valueLx": "0",
                    "valueF": "",
                    "htvassetI": "",
                    "htvassetLx": "0",
                    "htvassetF": ""
                }
            ],
            "totalI": "",
            "totalLx": "0",
            "totalF": "",
            "nextI": "",
            "nextLx": "0",
            "nextF": "",
            "branchI": "000",
            "branchLx": "",
            "branchF": "",
            "accountI": "00002",
            "accountLx": "",
            "accountF": "",
            "msgI": "",
            "msgLx": "0",
            "msgF": ""
        }
    },
    "token": "${orderidfrompost}"
}