{
    "clientNumber": "$clientNmber",
    "messageId": "OLMI/OLMI_OLMISCRI",
    "request": {
        "olmiArea": {
            "olmiCommTransid": "OLMI",
            "olmiChangeFlag": "",
            "olmiNotfndFlag": "",
            "olmiMemuFlag": "m",
            "olmiSignOnSecFlag": "",
            "olmiInpNext": "",
            "olmiInpCurrency": "000",
            "olmiInpBranch": "000",
            "olmiInpAccount": "00001",
            "olmiInpToBranch": "000",
            "olmiInpToAccount": "00010",
            "olmiProgramName": "",
            "olmiCallingProgName": "",
            "olmiNext": "I",
            "olmiBrwStatus": "",
            "olmiBrwTopCurrency": "",
            "olmiBrwTopBranch": "",
            "olmiBrwTopAccount": "",
            "olmiBrwTopToBranch": "",
            "olmiBrwTopToAccount": "",
            "olmiBrwTopAe": "",
            "olmiActiveLine": "",
            "olmiAccountType": "",
            "olmiSuperSignOnSecFlag": "",
            "olmiNfdRestoreArea": "",
            "olmiSumRestoreArea": "",
            "olmiMapTable": [
                {
                    "olmiMapSecurity": "",
                    "olmiMapCurrency": "",
                    "olmiMapBranch": "",
                    "olmiMapAccount": "",
                    "olmiMapToBranch": "",
                    "olmiMapToAccount": ""
                },
                {
                    "olmiMapSecurity": "",
                    "olmiMapCurrency": "",
                    "olmiMapBranch": "",
                    "olmiMapAccount": "",
                    "olmiMapToBranch": "",
                    "olmiMapToAccount": ""
                }
            ],
            "olmiAeUpdateFlag": "",
            "olmiSignOnId": "",
            "olmiScreenId": "",
            "olmiUpdateId": "",
            "olmiAppType": "",
            "olmiServiceRequestType": "",
            "olmiMapSendSwitch": "",
            "olmiMapType": "",
            "olmiMapResponse": "",
            "olmiSubReqType": "",
            "olmiPageControl": "",
            "olmiErrorSw": "",
            "olmiCrAccount": "",
            "olmiCrSecurity": "",
            "olmiCrTransid": "",
            "olmiFunctionKey": "EN"
        },
        "twaArea": {
            "twaLength": "",
            "twaCltNo": "",
            "twaReturnCode": "",
            "twaAddrClientTab": "",
            "twaAddrLastUserTab": "",
            "tcaDfxParmList": "",
            "tcaParmListAddr": "",
            "tcaReturnCode": "",
            "twaAdrrUserFields": "",
            "twaBranchId": "",
            "twaBitFlags": "",
            "twaBranchTabAddr": "",
            "tcaSaveArea": "",
            "twaTransId": "",
            "tcaCommAreaAddr": "",
            "twaBillingId": "",
            "twaTermDestId": "",
            "twaRctPtr": "",
            "twaSysid1": "",
            "twaB1Country": "",
            "twaOlmiNotFoundFlag": "",
            "twaConfirmFlag": "",
            "twaIntranFlag": "",
            "twaOlmiMapTable": [
                {
                    "twaOlmiMact": "",
                    "twaOlmiRecType": "",
                    "twaOlmiMcur": "",
                    "twaOlmiMfrbr": "",
                    "twaOlmiMfracc": "",
                    "twaOlmiMtobr": "",
                    "twaOlmiMtoacc": "",
                    "twaAllCurrInd": "",
                    "twaAllCurrIndOrig": "",
                    "twaBypassWhInd": "",
                    "twaBypassWhIndOrig": ""
                },
                {
                    "twaOlmiMact": "",
                    "twaOlmiRecType": "",
                    "twaOlmiMcur": "",
                    "twaOlmiMfrbr": "",
                    "twaOlmiMfracc": "",
                    "twaOlmiMtobr": "",
                    "twaOlmiMtoacc": "",
                    "twaAllCurrInd": "",
                    "twaAllCurrIndOrig": "",
                    "twaBypassWhInd": "",
                    "twaBypassWhIndOrig": ""
                }
            ],
            "twaAct": "",
            "twaCur": "",
            "twaFrbr": "",
            "twaFracc": "",
            "twaTobr": "",
            "twaToacc": "",
            "lockBypwh": "",
            "lockDmode": "",
            "lockCmode": "",
            "lockMdavg": "",
            "lockMcavg": "",
            "lockMdsavg": "",
            "lockMcsavg": "",
            "lockDcmpopt": "",
            "lockCcmpopt": "",
            "lockBktype": "",
            "lockCashacc": "",
            "lockMdmint9": "",
            "lockMdmint9Ind": "",
            "lockMcmint9": "",
            "lockMcmint9Ind": "",
            "lockCshmint9": "",
            "lockCshmint9Ind": "",
            "lockMcmbal9": "",
            "lockMcmbal9Ind": "",
            "lockMdmrat9": "",
            "lockMdmrat9Ind": "",
            "lockMcmrat9": "",
            "lockMcmrat9Ind": "",
            "lockMapDebitOption": [
                {
                    "lockMdact": "",
                    "lockMdopt": "",
                    "lockMddatMm": "",
                    "lockMddatDd": "",
                    "lockMddatYy": "",
                    "lockMddatLast2": "",
                    "lockMddat9": "",
                    "lockMdratPrfx": "",
                    "lockMdratSufx": "",
                    "lockMdrat9": "",
                    "lockMdrat9Ind": "",
                    "lockMdscale": "",
                    "lockMdalt": "",
                    "lockOrigMddat": "",
                    "lockOrigMdrat": ""
                },
                {
                    "lockMdact": "",
                    "lockMdopt": "",
                    "lockMddatMm": "",
                    "lockMddatDd": "",
                    "lockMddatYy": "",
                    "lockMddatLast2": "",
                    "lockMddat9": "",
                    "lockMdratPrfx": "",
                    "lockMdratSufx": "",
                    "lockMdrat9": "",
                    "lockMdrat9Ind": "",
                    "lockMdscale": "",
                    "lockMdalt": "",
                    "lockOrigMddat": "",
                    "lockOrigMdrat": ""
                }
            ],
            "lockSrEntry": [
                {
                    "lockSrMdopt": "",
                    "lockSrScale": "",
                    "lockSrMdalt": "",
                    "lockSrDate": "",
                    "lockSrRate": "",
                    "lockSrRateInd": "",
                    "lockSrIopt": "",
                    "lockSrIalt": "",
                    "lockSrIdat": "",
                    "lockSrIrat": ""
                },
                {
                    "lockSrMdopt": "",
                    "lockSrScale": "",
                    "lockSrMdalt": "",
                    "lockSrDate": "",
                    "lockSrRate": "",
                    "lockSrRateInd": "",
                    "lockSrIopt": "",
                    "lockSrIalt": "",
                    "lockSrIdat": "",
                    "lockSrIrat": ""
                }
            ],
            "lockCrEntry": [
                {
                    "lockCrMcopt": "",
                    "lockCrScale": "",
                    "lockCrMcalt": "",
                    "lockCrDate": "",
                    "lockCrRate": "",
                    "lockCrRateInd": "",
                    "lockCrIopt": "",
                    "lockCrIalt": "",
                    "lockCrIdat": "",
                    "lockCrIrat": ""
                },
                {
                    "lockCrMcopt": "",
                    "lockCrScale": "",
                    "lockCrMcalt": "",
                    "lockCrDate": "",
                    "lockCrRate": "",
                    "lockCrRateInd": "",
                    "lockCrIopt": "",
                    "lockCrIalt": "",
                    "lockCrIdat": "",
                    "lockCrIrat": ""
                }
            ],
            "lockMapCreditOption": [
                {
                    "lockMcact": "",
                    "lockMcopt": "",
                    "lockMcdatMm": "",
                    "lockMcdatDd": "",
                    "lockMcdatYy": "",
                    "lockMcdatLast2": "",
                    "lockMcdat9": "",
                    "lockMcratPrfx": "",
                    "lockMcratSufx": "",
                    "lockMcrat9": "",
                    "lockMcrat9Ind": "",
                    "lockMcscale": "",
                    "lockMcalt": "",
                    "lockOrigMcdat": "",
                    "lockOrigMcrat": ""
                },
                {
                    "lockMcact": "",
                    "lockMcopt": "",
                    "lockMcdatMm": "",
                    "lockMcdatDd": "",
                    "lockMcdatYy": "",
                    "lockMcdatLast2": "",
                    "lockMcdat9": "",
                    "lockMcratPrfx": "",
                    "lockMcratSufx": "",
                    "lockMcrat9": "",
                    "lockMcrat9Ind": "",
                    "lockMcscale": "",
                    "lockMcalt": "",
                    "lockOrigMcdat": "",
                    "lockOrigMcrat": ""
                }
            ],
            "lockMapDetailProecssType": [
                {
                    "lockMpdtyp": "",
                    "lockMpdratPrfx": "",
                    "lockMpdratSufx": "",
                    "lockOrigMpdrat": "",
                    "lockMpdrat9": "",
                    "lockMpdrat9Ind": "",
                    "lockMpdscaleId": "",
                    "lockMpdratInd": "",
                    "lockMpctyp": "",
                    "lockMpcratInd": ""
                },
                {
                    "lockMpdtyp": "",
                    "lockMpdratPrfx": "",
                    "lockMpdratSufx": "",
                    "lockOrigMpdrat": "",
                    "lockMpdrat9": "",
                    "lockMpdrat9Ind": "",
                    "lockMpdscaleId": "",
                    "lockMpdratInd": "",
                    "lockMpctyp": "",
                    "lockMpcratInd": ""
                }
            ],
            "lockCur": "",
            "lockFrbr": "",
            "lockFracc": "",
            "lockTobr": "",
            "lockToacc": "",
            "twa534142B": ""
        },
        "inputDetails": {
            "transI": "",
            "transLx": "0",
            "mcltnoI": "",
            "mcltnoLx": "0",
            "dateI": "",
            "dateLx": "0",
            "timeI": "",
            "timeLx": "0",
            "mtypeI": "",
            "mtypeLx": "0",
            "displitI": "",
            "displitLx": "0",
            "fd08004I": "",
            "fd08004Lx": "0",
            "fd08011I": "",
            "fd08011Lx": "0",
            "fd08015I": "",
            "fd08015Lx": "0",
            "fd08021I": "",
            "fd08021Lx": "0",
            "fd08025I": "",
            "fd08025Lx": "0",
            "fd08033I": "",
            "fd08033Lx": "0",
            "fd08037I": "",
            "fd08037Lx": "0",
            "fd08046I": "",
            "fd08046Lx": "0",
            "mall01I": "",
            "mall01Lx": "0",
            "mwhd01I": "",
            "mwhd01Lx": "0",
            "fd09004I": "",
            "fd09004Lx": "0",
            "fd09011I": "",
            "fd09011Lx": "0",
            "fd09015I": "",
            "fd09015Lx": "0",
            "fd09021I": "",
            "fd09021Lx": "0",
            "fd09025I": "",
            "fd09025Lx": "0",
            "fd09033I": "",
            "fd09033Lx": "0",
            "fd09037I": "",
            "fd09037Lx": "0",
            "fd09046I": "",
            "fd09046Lx": "0",
            "mall02I": "",
            "mall02Lx": "0",
            "mwhd02I": "",
            "mwhd02Lx": "0",
            "fd10004I": "",
            "fd10004Lx": "0",
            "fd10011I": "",
            "fd10011Lx": "0",
            "fd10015I": "",
            "fd10015Lx": "0",
            "fd10021I": "",
            "fd10021Lx": "0",
            "fd10025I": "",
            "fd10025Lx": "0",
            "fd10033I": "",
            "fd10033Lx": "0",
            "fd10037I": "",
            "fd10037Lx": "0",
            "fd10046I": "",
            "fd10046Lx": "0",
            "mall03I": "",
            "mall03Lx": "0",
            "mwhd03I": "",
            "mwhd03Lx": "0",
            "fd11004I": "",
            "fd11004Lx": "0",
            "fd11011I": "",
            "fd11011Lx": "0",
            "fd11015I": "",
            "fd11015Lx": "0",
            "fd11021I": "",
            "fd11021Lx": "0",
            "fd11025I": "",
            "fd11025Lx": "0",
            "fd11033I": "",
            "fd11033Lx": "0",
            "fd11037I": "",
            "fd11037Lx": "0",
            "fd11046I": "",
            "fd11046Lx": "0",
            "mall04I": "",
            "mall04Lx": "0",
            "mwhd04I": "",
            "mwhd04Lx": "0",
            "fd12004I": "",
            "fd12004Lx": "0",
            "fd12011I": "",
            "fd12011Lx": "0",
            "fd12015I": "",
            "fd12015Lx": "0",
            "fd12021I": "",
            "fd12021Lx": "0",
            "fd12025I": "",
            "fd12025Lx": "0",
            "fd12033I": "",
            "fd12033Lx": "0",
            "fd12037I": "",
            "fd12037Lx": "0",
            "fd12046I": "",
            "fd12046Lx": "0",
            "mall05I": "",
            "mall05Lx": "0",
            "mwhd05I": "",
            "mwhd05Lx": "0",
            "fd13004I": "",
            "fd13004Lx": "0",
            "fd13011I": "",
            "fd13011Lx": "0",
            "fd13015I": "",
            "fd13015Lx": "0",
            "fd13021I": "",
            "fd13021Lx": "0",
            "fd13025I": "",
            "fd13025Lx": "0",
            "fd13033I": "",
            "fd13033Lx": "0",
            "fd13037I": "",
            "fd13037Lx": "0",
            "fd13046I": "",
            "fd13046Lx": "0",
            "mall06I": "",
            "mall06Lx": "0",
            "mwhd06I": "",
            "mwhd06Lx": "0",
            "fd14004I": "",
            "fd14004Lx": "0",
            "fd14011I": "",
            "fd14011Lx": "0",
            "fd14015I": "",
            "fd14015Lx": "0",
            "fd14021I": "",
            "fd14021Lx": "0",
            "fd14025I": "",
            "fd14025Lx": "0",
            "fd14033I": "",
            "fd14033Lx": "0",
            "fd14037I": "",
            "fd14037Lx": "0",
            "fd14046I": "",
            "fd14046Lx": "0",
            "mall07I": "",
            "mall07Lx": "0",
            "mwhd07I": "",
            "mwhd07Lx": "0",
            "fd15004I": "",
            "fd15004Lx": "0",
            "fd15011I": "",
            "fd15011Lx": "0",
            "fd15015I": "",
            "fd15015Lx": "0",
            "fd15021I": "",
            "fd15021Lx": "0",
            "fd15025I": "",
            "fd15025Lx": "0",
            "fd15033I": "",
            "fd15033Lx": "0",
            "fd15037I": "",
            "fd15037Lx": "0",
            "fd15046I": "",
            "fd15046Lx": "0",
            "mall08I": "",
            "mall08Lx": "0",
            "mwhd08I": "",
            "mwhd08Lx": "0",
            "fd16004I": "",
            "fd16004Lx": "0",
            "fd16011I": "",
            "fd16011Lx": "0",
            "fd16015I": "",
            "fd16015Lx": "0",
            "fd16021I": "",
            "fd16021Lx": "0",
            "fd16025I": "",
            "fd16025Lx": "0",
            "fd16033I": "",
            "fd16033Lx": "0",
            "fd16037I": "",
            "fd16037Lx": "0",
            "fd16046I": "",
            "fd16046Lx": "0",
            "mall09I": "",
            "mall09Lx": "0",
            "mwhd09I": "",
            "mwhd09Lx": "0",
            "actI": "",
            "actLx": "0",
            "curI": "",
            "curLx": "0",
            "symI": "",
            "symLx": "0",
            "frbrI": "",
            "frbrLx": "0",
            "fraccI": "",
            "fraccLx": "0",
            "tobrI": "",
            "tobrLx": "0",
            "toaccI": "",
            "toaccLx": "0",
            "nextI": "",
            "nextLx": "0",
            "jcurI": "",
            "jcurLx": "0",
            "jsymI": "",
            "jsymLx": "0",
            "jfrbrI": "",
            "jfrbrLx": "0",
            "jfraccI": "",
            "jfraccLx": "0",
            "jtobrI": "",
            "jtobrLx": "0",
            "jtoaccI": "",
            "jtoaccLx": "0",
            "mmsgI": "",
            "mmsgLx": "0"
        }
    },
    "token": "${orderidfrompost}"
}