{
    "clientNumber": "$clientNmber",
    "messageId": "OLMI/OLMI_OLMIBASERANGE",
    "version": "1.00",
    "request": {
        "olmiArea": {
            "olmiCommTransID": "OLMI",
            "olmiChangeFlag": "",
            "olmiNotfndFlag": "",
            "olmiMemuFlag": "m",
            "olmiSignOnSecFlag": "",
            "olmiInpNext": "",
            "olmiInpCurrency": "",
            "olmiInpBranch": "",
            "olmiInpAccount": "",
            "olmiInpToBranch": "",
            "olmiInpToAccount": "",
            "olmiProgramName": "OLMI02BS",
            "olmiCallingProgName": "",
            "olmiNext": "B",
            "olmiBrwStatus": "",
            "olmiBrwTopCurrency": "",
            "olmiBrwTopBranch": "",
            "olmiBrwTopAccount": "",
            "olmiBrwTopToBranch": "",
            "olmiBrwTopToAccount": "",
            "olmiBrwTopAe": "",
            "olmiActiveLineX": "",
            "olmiAccountType": "",
            "olmiSuperSignOnSecFlag": "",
            "olmiNfdRestoreArea": "",
            "olmiSumRestoreArea": "",
            "olmiMapTable": [
                {
                    "olmiMapSecurity": "",
                    "olmiMapCurrency": "",
                    "olmiMapBranch": "",
                    "olmiMapAccount": "",
                    "olmiMapToBranch": "",
                    "olmiMapToAccount": ""
                }
            ],
            "olmiAeUpdateFlag": "",
            "olmiSignOnId": "",
            "olmiScreenId": "",
            "olmiUpdateId": "",
            "olmiAppType": "",
            "olmiServiceRequestType": "",
            "olmiMapSendSwitch": "",
            "olmiMapType": "",
            "olmiMapResponseX": "",
            "olmiSubReqType": "",
            "olmiPageControl": "",
            "olmiErrorSw": "",
            "olmiCrAccount": "",
            "olmiCrSecurity": "",
            "olmiCrTransid": "",
            "olmiFunctionKey": "EN"
        },
        "twaArea": {
            "twaLength": "",
            "twaCltNoR": "",
            "twaReturnCode": "",
            "twaAddrClientTab": "",
            "twaAddrLastUserTab": "",
            "tcaDfxParmList": "",
            "tcaParmListAddr": "",
            "tcaReturnCode": "",
            "twaDwaAnchorFld": "",
            "twaAdrrUserFields": "",
            "twaBranchID": "",
            "twaBitFlags": "",
            "twaBranchTabAddr": "",
            "tcaSaveArea": "",
            "twaTransID": "",
            "tcaCommAreaAddr": "",
            "twaBillingID": "",
            "twaTermDestID": "",
            "twaRctPtrX": "",
            "twaSysID1": "",
            "twaBCountry": "",
            "twaOlmiNotFoundFlag": "",
            "twaConfirmFlag": "",
            "twaIntranFlag": "",
            "twaOlmiMapTable": {
                "twaTable": [
                    {
                        "twaOlmiMact": "",
                        "twaOlmiMcur": "",
                        "twaOlmiMfrbr": "",
                        "twaOlmiMfracc": "",
                        "twaOlmiMtobr": "",
                        "twaOlmiMtoacc": ""
                    }
                ]
            },
            "twaAct": "",
            "twaCur": "",
            "twaFrbr": "",
            "twaFracc": "",
            "twaTobr": "",
            "twaToacc": ""
        },
        "inputDetails": {
            "inTrans": "",
            "transLx": "0",
            "inMcltNo": "",
            "mcltNoLx": "0",
            "inDate": "",
            "dateLx": "0",
            "inTime": "",
            "timeLx": "0",
            "inMact": "",
            "mactLx": "0",
            "inMcur": "",
            "mcurLx": "0",
            "inMsym": "",
            "msymLx": "0",
            "inMfrbr": "",
            "mfrbrLx": "0",
            "inMfrac": "",
            "mfracLx": "0",
            "inMtobr": "",
            "mtobrLx": "0",
            "inMtoac": "",
            "mtoacLx": "0",
            "inMdesc": "",
            "mdescLx": "0",
            "inMact2": "",
            "mact2Lx": "0",
            "inMcur2": "",
            "mcur2Lx": "0",
            "inMsym2": "",
            "msym2Lx": "0",
            "inMfrbr2": "",
            "mfrbr2Lx": "0",
            "inMfrac2": "",
            "mfrac2Lx": "0",
            "inMtobr2": "",
            "mtobr2Lx": "0",
            "inMtoac2": "",
            "mtoac2Lx": "0",
            "inMdesc2": "",
            "mdesc2Lx": "0",
            "inMact3": "",
            "mact3Lx": "0",
            "inMcur3": "",
            "mcur3Lx": "0",
            "inMsym3": "",
            "msym3Lx": "0",
            "inMfrbr3": "",
            "mfrbr3Lx": "0",
            "inMfrac3": "",
            "mfrac3Lx": "0",
            "inMtobr3": "",
            "mtobr3Lx": "0",
            "inMtoac3": "",
            "mtoac3Lx": "0",
            "inMdesc3": "",
            "mdesc3Lx": "0",
            "inMact4": "",
            "mact4Lx": "0",
            "inMcur4": "",
            "mcur4Lx": "0",
            "inMsym4": "",
            "msym4Lx": "0",
            "inMfrbr4": "",
            "mfrbr4Lx": "0",
            "inMfrac4": "",
            "mfrac4Lx": "0",
            "inMtobr4": "",
            "mtobr4Lx": "0",
            "inMtoac4": "",
            "mtoac4Lx": "0",
            "inMdesc4": "",
            "mdesc4Lx": "0",
            "inMact5": "",
            "mact5Lx": "0",
            "inMcur5": "",
            "mcur5Lx": "0",
            "inMsym5": "",
            "msym5Lx": "0",
            "inMfrbr5": "",
            "mfrbr5Lx": "0",
            "inMfrac5": "",
            "mfrac5Lx": "0",
            "inMtobr5": "",
            "mtobr5Lx": "0",
            "inMtoac5": "",
            "mtoac5Lx": "0",
            "inMdesc5": "",
            "mdesc5Lx": "0",
            "inMact6": "",
            "mact6Lx": "0",
            "inMcur6": "",
            "mcur6Lx": "0",
            "inMsym6": "",
            "msym6Lx": "0",
            "inMfrbr6": "",
            "mfrbr6Lx": "0",
            "inMfrac6": "",
            "mfrac6Lx": "0",
            "inMtobr6": "",
            "mtobr6Lx": "0",
            "inMtoac6": "",
            "mtoac6Lx": "0",
            "inMdesc6": "",
            "mdesc6Lx": "0",
            "inMact7": "",
            "mact7Lx": "0",
            "inMcur7": "",
            "mcur7Lx": "0",
            "inMsym7": "",
            "msym7Lx": "0",
            "inMfrbr7": "",
            "mfrbr7Lx": "0",
            "inMfrac7": "",
            "mfrac7Lx": "0",
            "inMtobr7": "",
            "mtobr7Lx": "0",
            "inMtoac7": "",
            "mtoac7Lx": "0",
            "inMdesc7": "",
            "mdesc7Lx": "0",
            "inMact8": "",
            "mact8Lx": "0",
            "inMcur8": "",
            "mcur8Lx": "0",
            "inMsym8": "",
            "msym8Lx": "0",
            "inMfrbr8": "",
            "mfrbr8Lx": "0",
            "inMfrac8": "",
            "mfrac8Lx": "0",
            "inMtobr8": "",
            "mtobr8Lx": "0",
            "inMtoac8": "",
            "mtoac8Lx": "0",
            "inMdesc8": "",
            "mdesc8Lx": "0",
            "inMact9": "",
            "mact9Lx": "0",
            "inMcur9": "",
            "mcur9Lx": "0",
            "inMsym9": "",
            "msym9Lx": "0",
            "inMfrbr9": "",
            "mfrbr9Lx": "0",
            "inMfrac9": "",
            "mfrac9Lx": "0",
            "inMtobr9": "",
            "mtobr9Lx": "0",
            "inMtoac9": "",
            "mtoac9Lx": "0",
            "inMdesc9": "",
            "mdesc9Lx": "0",
            "inAct": "",
            "ActLx": "0",
            "inCur": "",
            "curLx": "0",
            "inSym": "",
            "symLx": "0",
            "inFrbr": "",
            "frbrLx": "0",
            "inFracc": "",
            "fraccLx": "0",
            "inToBr": "",
            "toBrLx": "0",
            "inToAcc": "",
            "toAccLx": "0",
            "inNext": "",
            "nextLx": "0",
            "inJcur": "222",
            "jcurLx": "",
            "inJsym": "",
            "jsymLx": "",
            "inJfrbr": "005",
            "jfrbrLx": "",
            "inJfracc": "00266",
            "jfraccLx": "",
            "inJtoBr": "005",
            "jtoBrLx": "",
            "inJtoAcc": "00266",
            "jtoAccLx": "",
            "inMmsg": "",
            "mmsgLx": "0"
        }
    },
    "token": "${orderidfrompost}"
}