{
    "clientNumber": "$clientNmber",
    "messageId": "OLMI/OLMI_OLMIBASERANGE",
    "version": "1.00",
    "request": {
        "olmiArea": {
            "olmiMapType": "OLMI02M",
            "olmiNotfndFlag": "",
            "olmiMapResponseX": "",
            "olmiAeUpdateFlag": "",
            "olmiAppType": "API",
            "olmiInpNext": "",
            "olmiProgramName": "OLMI02BS",
            "olmiActiveLineX": "",
            "olmiInpToAccount": "",
            "olmiChangeFlag": "N",
            "olmiMapTable": [
                {
                    "olmiMapBranch": "",
                    "olmiMapToBranch": "",
                    "olmiMapSecurity": "",
                    "olmiMapToAccount": "",
                    "olmiMapCurrency": "",
                    "olmiMapAccount": ""
                },
                {
                    "olmiMapBranch": "",
                    "olmiMapToBranch": "",
                    "olmiMapSecurity": "",
                    "olmiMapToAccount": "",
                    "olmiMapCurrency": "",
                    "olmiMapAccount": ""
                },
                {
                    "olmiMapBranch": "",
                    "olmiMapToBranch": "",
                    "olmiMapSecurity": "",
                    "olmiMapToAccount": "",
                    "olmiMapCurrency": "",
                    "olmiMapAccount": ""
                },
                {
                    "olmiMapBranch": "",
                    "olmiMapToBranch": "",
                    "olmiMapSecurity": "",
                    "olmiMapToAccount": "",
                    "olmiMapCurrency": "",
                    "olmiMapAccount": ""
                },
                {
                    "olmiMapBranch": "",
                    "olmiMapToBranch": "",
                    "olmiMapSecurity": "",
                    "olmiMapToAccount": "",
                    "olmiMapCurrency": "",
                    "olmiMapAccount": ""
                },
                {
                    "olmiMapBranch": "",
                    "olmiMapToBranch": "",
                    "olmiMapSecurity": "",
                    "olmiMapToAccount": "",
                    "olmiMapCurrency": "",
                    "olmiMapAccount": ""
                },
                {
                    "olmiMapBranch": "",
                    "olmiMapToBranch": "",
                    "olmiMapSecurity": "",
                    "olmiMapToAccount": "",
                    "olmiMapCurrency": "",
                    "olmiMapAccount": ""
                },
                {
                    "olmiMapBranch": "2AA",
                    "olmiMapToBranch": "",
                    "olmiMapSecurity": "",
                    "olmiMapToAccount": "",
                    "olmiMapCurrency": "233",
                    "olmiMapAccount": "00000"
                },
                {
                    "olmiMapBranch": "",
                    "olmiMapToBranch": "",
                    "olmiMapSecurity": "",
                    "olmiMapToAccount": "",
                    "olmiMapCurrency": "246",
                    "olmiMapAccount": ""
                },
                {
                    "olmiMapBranch": "000",
                    "olmiMapToBranch": "",
                    "olmiMapSecurity": "",
                    "olmiMapToAccount": "",
                    "olmiMapCurrency": "246",
                    "olmiMapAccount": "00002"
                },
                {
                    "olmiMapBranch": "006",
                    "olmiMapToBranch": "",
                    "olmiMapSecurity": "",
                    "olmiMapToAccount": "",
                    "olmiMapCurrency": "246",
                    "olmiMapAccount": "00265"
                },
                {
                    "olmiMapBranch": "2AA",
                    "olmiMapToBranch": "",
                    "olmiMapSecurity": "",
                    "olmiMapToAccount": "",
                    "olmiMapCurrency": "246",
                    "olmiMapAccount": "00000"
                },
                {
                    "olmiMapBranch": "2AA",
                    "olmiMapToBranch": "",
                    "olmiMapSecurity": "",
                    "olmiMapToAccount": "",
                    "olmiMapCurrency": "252",
                    "olmiMapAccount": "00000"
                },
                {
                    "olmiMapBranch": "",
                    "olmiMapToBranch": "",
                    "olmiMapSecurity": "",
                    "olmiMapToAccount": "",
                    "olmiMapCurrency": "",
                    "olmiMapAccount": ""
                },
                {
                    "olmiMapBranch": "",
                    "olmiMapToBranch": "",
                    "olmiMapSecurity": "",
                    "olmiMapToAccount": "",
                    "olmiMapCurrency": "",
                    "olmiMapAccount": ""
                },
                {
                    "olmiMapBranch": "",
                    "olmiMapToBranch": "",
                    "olmiMapSecurity": "",
                    "olmiMapToAccount": "",
                    "olmiMapCurrency": "",
                    "olmiMapAccount": ""
                },
                {
                    "olmiMapBranch": "",
                    "olmiMapToBranch": "",
                    "olmiMapSecurity": "",
                    "olmiMapToAccount": "",
                    "olmiMapCurrency": "",
                    "olmiMapAccount": ""
                },
                {
                    "olmiMapBranch": "",
                    "olmiMapToBranch": "",
                    "olmiMapSecurity": "",
                    "olmiMapToAccount": "",
                    "olmiMapCurrency": "",
                    "olmiMapAccount": ""
                },
                {
                    "olmiMapBranch": "",
                    "olmiMapToBranch": "",
                    "olmiMapSecurity": "",
                    "olmiMapToAccount": "",
                    "olmiMapCurrency": "",
                    "olmiMapAccount": ""
                },
                {
                    "olmiMapBranch": "",
                    "olmiMapToBranch": "",
                    "olmiMapSecurity": "",
                    "olmiMapToAccount": "",
                    "olmiMapCurrency": "",
                    "olmiMapAccount": ""
                },
                {
                    "olmiMapBranch": "",
                    "olmiMapToBranch": "",
                    "olmiMapSecurity": "",
                    "olmiMapToAccount": "",
                    "olmiMapCurrency": "",
                    "olmiMapAccount": ""
                },
                {
                    "olmiMapBranch": "",
                    "olmiMapToBranch": "",
                    "olmiMapSecurity": "",
                    "olmiMapToAccount": "",
                    "olmiMapCurrency": "",
                    "olmiMapAccount": ""
                },
                {
                    "olmiMapBranch": "",
                    "olmiMapToBranch": "",
                    "olmiMapSecurity": "",
                    "olmiMapToAccount": "",
                    "olmiMapCurrency": "",
                    "olmiMapAccount": ""
                },
                {
                    "olmiMapBranch": "",
                    "olmiMapToBranch": "",
                    "olmiMapSecurity": "",
                    "olmiMapToAccount": "",
                    "olmiMapCurrency": "",
                    "olmiMapAccount": ""
                }
            ],
            "olmiInpAccount": "",
            "olmiFunctionKey": "05",
            "olmiInpCurrency": "",
            "olmiInpToBranch": "",
            "olmiUpdateId": "",
            "olmiSubReqType": "U",
            "olmiCrTransid": "",
            "olmiBrwTopToBranch": "998",
            "olmiBrwTopAe": "",
            "olmiMemuFlag": "M",
            "olmiInpBranch": "",
            "olmiBrwTopBranch": "2AA",
            "olmiSuperSignOnSecFlag": "U",
            "olmiPageControl": "",
            "olmiBrwTopCurrency": "233",
            "olmiBrwStatus": "",
            "olmiBrwTopToAccount": "99999",
            "olmiMapSendSwitch": "SENDDTONLY",
            "olmiErrorSw": "C",
            "olmiCrSecurity": "",
            "olmiScreenId": "",
            "olmiAccountType": "",
            "olmiServiceRequestType": "",
            "olmiSignOnId": "OQSE",
            "olmiCommTransID": "OLMI",
            "olmiCallingProgName": "",
            "olmiNfdRestoreArea": "MU                    OLMI02BS        B 2332AA0000099899999      U",
            "olmiSumRestoreArea": "",
            "olmiCrAccount": "",
            "olmiSignOnSecFlag": "U",
            "olmiBrwTopAccount": "00000",
            "olmiNext": "B"
        },
        "twaArea": {
            "twaCltNoR": "",
            "twaReturnCode": "",
            "twaAdrrUserFields": "",
            "twaBranchTabAddr": "",
            "twaDwaAnchorFld": "",
            "twaTobr": "005",
            "twaSysID1": "",
            "tcaParmListAddr": "",
            "twaIntranFlag": "T",
            "twaCur": "222",
            "twaConfirmFlag": "Y",
            "twaBranchID": "",
            "tcaCommAreaAddr": "",
            "tcaDfxParmList": "",
            "tcaReturnCode": "",
            "twaAct": "D",
            "twaLength": "",
            "twaFrbr": "005",
            "tcaSaveArea": "",
            "twaTransID": "",
            "twaBCountry": "",
            "twaTermDestID": "",
            "twaAddrLastUserTab": "",
            "twaRctPtrX": "",
            "twaOlmiNotFoundFlag": "N",
            "twaToacc": "00266",
            "twaBillingID": "",
            "twaFracc": "00266",
            "twaBitFlags": "",
            "twaOlmiMapTable": {
                "twaTable": [
                    {
                        "twaOlmiMact": "",
                        "twaOlmiMfrbr": "2AA",
                        "twaOlmiMcur": "233",
                        "twaOlmiMfracc": "00000",
                        "twaOlmiMtobr": "998",
                        "twaOlmiMtoacc": "99999"
                    },
                    {
                        "twaOlmiMact": "",
                        "twaOlmiMfrbr": "",
                        "twaOlmiMcur": "246",
                        "twaOlmiMfracc": "",
                        "twaOlmiMtobr": "",
                        "twaOlmiMtoacc": ""
                    },
                    {
                        "twaOlmiMact": "",
                        "twaOlmiMfrbr": "000",
                        "twaOlmiMcur": "246",
                        "twaOlmiMfracc": "00002",
                        "twaOlmiMtobr": "000",
                        "twaOlmiMtoacc": "00002"
                    },
                    {
                        "twaOlmiMact": "",
                        "twaOlmiMfrbr": "006",
                        "twaOlmiMcur": "246",
                        "twaOlmiMfracc": "00265",
                        "twaOlmiMtobr": "006",
                        "twaOlmiMtoacc": "00375"
                    },
                    {
                        "twaOlmiMact": "",
                        "twaOlmiMfrbr": "2AA",
                        "twaOlmiMcur": "246",
                        "twaOlmiMfracc": "00000",
                        "twaOlmiMtobr": "998",
                        "twaOlmiMtoacc": "99999"
                    },
                    {
                        "twaOlmiMact": "",
                        "twaOlmiMfrbr": "2AA",
                        "twaOlmiMcur": "252",
                        "twaOlmiMfracc": "00000",
                        "twaOlmiMtobr": "998",
                        "twaOlmiMtoacc": "99999"
                    },
                    {
                        "twaOlmiMact": "",
                        "twaOlmiMfrbr": "",
                        "twaOlmiMcur": "",
                        "twaOlmiMfracc": "",
                        "twaOlmiMtobr": "",
                        "twaOlmiMtoacc": ""
                    },
                    {
                        "twaOlmiMact": "",
                        "twaOlmiMfrbr": "",
                        "twaOlmiMcur": "",
                        "twaOlmiMfracc": "",
                        "twaOlmiMtobr": "",
                        "twaOlmiMtoacc": ""
                    },
                    {
                        "twaOlmiMact": "",
                        "twaOlmiMfrbr": "",
                        "twaOlmiMcur": "",
                        "twaOlmiMfracc": "",
                        "twaOlmiMtobr": "",
                        "twaOlmiMtoacc": ""
                    }
                ]
            },
            "twaAddrClientTab": ""
        },
        "inputDetails": {
            "inTrans": "",
            "transLx": "",
            "inMcltNo": "",
            "mcltNoLx": "",
            "inDate": "",
            "dateLx": "",
            "inTime": "",
            "timeLx": "",
            "inMact": "",
            "mactLx": "",
            "inMcur": "",
            "mcurLx": "",
            "inMsym": "",
            "msymLx": "",
            "inMfrbr": "",
            "mfrbrLx": "",
            "inMfrac": "",
            "mfracLx": "",
            "inMtobr": "",
            "mtobrLx": "",
            "inMtoac": "",
            "mtoacLx": "",
            "inMdesc": "",
            "mdescLx": "",
            "inMact2": "",
            "mact2Lx": "",
            "inMcur2": "",
            "mcur2Lx": "",
            "inMsym2": "",
            "msym2Lx": "",
            "inMfrbr2": "",
            "mfrbr2Lx": "",
            "inMfrac2": "",
            "mfrac2Lx": "",
            "inMtobr2": "",
            "mtobr2Lx": "",
            "inMtoac2": "",
            "mtoac2Lx": "",
            "inMdesc2": "",
            "mdesc2Lx": "",
            "inMact3": "",
            "mact3Lx": "",
            "inMcur3": "",
            "mcur3Lx": "",
            "inMsym3": "",
            "msym3Lx": "",
            "inMfrbr3": "",
            "mfrbr3Lx": "",
            "inMfrac3": "",
            "mfrac3Lx": "",
            "inMtobr3": "",
            "mtobr3Lx": "",
            "inMtoac3": "",
            "mtoac3Lx": "",
            "inMdesc3": "",
            "mdesc3Lx": "",
            "inMact4": "",
            "mact4Lx": "",
            "inMcur4": "",
            "mcur4Lx": "",
            "inMsym4": "",
            "msym4Lx": "",
            "inMfrbr4": "",
            "mfrbr4Lx": "",
            "inMfrac4": "",
            "mfrac4Lx": "",
            "inMtobr4": "",
            "mtobr4Lx": "",
            "inMtoac4": "",
            "mtoac4Lx": "",
            "inMdesc4": "",
            "mdesc4Lx": "",
            "inMact5": "",
            "mact5Lx": "",
            "inMcur5": "",
            "mcur5Lx": "",
            "inMsym5": "",
            "msym5Lx": "",
            "inMfrbr5": "",
            "mfrbr5Lx": "",
            "inMfrac5": "",
            "mfrac5Lx": "",
            "inMtobr5": "",
            "mtobr5Lx": "",
            "inMtoac5": "",
            "mtoac5Lx": "",
            "inMdesc5": "",
            "mdesc5Lx": "",
            "inMact6": "",
            "mact6Lx": "",
            "inMcur6": "",
            "mcur6Lx": "",
            "inMsym6": "",
            "msym6Lx": "",
            "inMfrbr6": "",
            "mfrbr6Lx": "",
            "inMfrac6": "",
            "mfrac6Lx": "",
            "inMtobr6": "",
            "mtobr6Lx": "",
            "inMtoac6": "",
            "mtoac6Lx": "",
            "inMdesc6": "",
            "mdesc6Lx": "",
            "inMact7": "",
            "mact7Lx": "",
            "inMcur7": "",
            "mcur7Lx": "",
            "inMsym7": "",
            "msym7Lx": "",
            "inMfrbr7": "",
            "mfrbr7Lx": "",
            "inMfrac7": "",
            "mfrac7Lx": "",
            "inMtobr7": "",
            "mtobr7Lx": "",
            "inMtoac7": "",
            "mtoac7Lx": "",
            "inMdesc7": "",
            "mdesc7Lx": "",
            "inMact8": "",
            "mact8Lx": "",
            "inMcur8": "",
            "mcur8Lx": "",
            "inMsym8": "",
            "msym8Lx": "",
            "inMfrbr8": "",
            "mfrbr8Lx": "",
            "inMfrac8": "",
            "mfrac8Lx": "",
            "inMtobr8": "",
            "mtobr8Lx": "",
            "inMtoac8": "",
            "mtoac8Lx": "",
            "inMdesc8": "",
            "mdesc8Lx": "",
            "inMact9": "",
            "mact9Lx": "",
            "inMcur9": "",
            "mcur9Lx": "",
            "inMsym9": "",
            "msym9Lx": "",
            "inMfrbr9": "",
            "mfrbr9Lx": "",
            "inMfrac9": "",
            "mfrac9Lx": "",
            "inMtobr9": "",
            "mtobr9Lx": "",
            "inMtoac9": "",
            "mtoac9Lx": "",
            "inMdesc9": "",
            "mdesc9Lx": "",
            "inAct": "D",
            "actLx": "",
            "inCur": "222",
            "curLx": "",
            "inSym": "",
            "symLx": "",
            "inFrbr": "005",
            "frbrLx": "",
            "inFracc": "00266",
            "fraccLx": "",
            "inToBr": "005",
            "toBrLx": "",
            "inToAcc": "00266",
            "toAccLx": "",
            "inNext": "",
            "nextLx": "",
            "inJcur": "",
            "jcurLx": "",
            "inJsym": "",
            "jsymLx": "",
            "inJfrbr": "",
            "jfrbrLx": "",
            "inJfracc": "",
            "jfraccLx": "",
            "inJtoBr": "",
            "jtoBrLx": "",
            "inJtoAcc": "",
            "jtoAccLx": "",
            "inMmsg": "",
            "mmsgLx": ""
        }
    },
    "token": "${orderidfrompost}"
}