{"request": {
"requestReturn": "",
"mssgLineNum": "$mssgLineNum",
"mssgExpireDate": {
"month": "12",
"year": "9999",
"day": "31"
},
"applTypeCode": "MRGC",
"spadMssgRec": {"spadMssg": {
"mssgLineNum": "$mssgLineNum",
"mssgExpireDate": {
"month": "12",
"year": "9999",
"day": "31"
},
"applTypeCode": "MRGC",
"signOnCode": "QKAY",
"keyAlpha": "ASCENDIS",
"mssgCreatedDate": {
"month": "$month",
"year": "$year",
"day": "$day"
},
"mssgTxt": "$mssgTxt"
}},
"turnaround": {},
"keyAlpha": "ASCENDIS",
"signOnCode": "QKAY",
"mssgCreatedDate": {
"month": "$month",
"year": "$year",
"day": "$day"
},
"keyUser": "$keyUser"
},
"messageId": "SPAD/SPAD_DELETE",
"clientNumber": "$clientNmber",
"version": "2.2",
"token": "${orderidfrompost}"
}