{"request": {
	"requestReturn": "",
	"turnaround": {
		"encoding": "tesst",
		"value": "Test"
	},
	"spadMssgRec": {
		"spadMssg": {
			"mssgLineNum": "",
			"mssgExpireDate": {
				"month": "",
				"year": "",
				"day": ""
			},
			"applTypeCode": "$applTypeCode",
			"signOnCode": "",
			"keyAlpha": "ASCENDIS",
			"mssgCreatedDate": {
				"month": "$month",
				"year": "$year",
				"day": "$day"
			},
			"mssgTxt": "$mssgTxt"
		}
	},
	"keyUser": "$keyUser"
},
"messageId": "SPAD/SPAD_ADD",
"clientNumber": "$clientNmber",
"version": "2.2",
"token": "${orderidfrompost}"
}