{
    "userID": "ubs",
    "tenantID": "003",
    "commandID": "d5c282f3-e096-11ea-ac70-0ed5908957af",
    "commandName": "addRestrictions",
    "createDateTime": "2020-09-16T14:35:00.000000-04:00",
    "universalAccountNumber": "@UANNumber",
    "expectedVersion": "@expectedVersion",
    "restrictions": [
        {
            "restrictionCode": "E99F03",
            "name": "Restricted-Independent Verification Required",
            "effectiveDate": "2021-05-20",
            "updateDate": "2021-05-20T19:18:49Z",
            "updatedBy": "RCABD352"
        }
    ]
}
