{
	"commandID": "56756225234678",
	"commandName": "initiateAccounts",
	"createDateTime": "2020-05-08T14:17:34.007Z",
	"userID": "Broadridge",
	"tenantID": "UBS",
	"accounts": [
		{
			"primaryProduct": "$Product Code",
			"accountNumber": "60110", 
			"secondaryProduct": "$Secondary Product Code",
			"basicInformation": {
				"ownershipType": "$Ownership Code",
				"registeredRepresentative": "FAID"
			},
			"relatedParties": [
				"@relatedParties"
			],
			"classifications": [
				"@classifications"
			]
		}
	]
}
