{
  "specversion": "1.0",
  "type": "com.broadridge.abpm.event.type.task.complete",
  "source": "/accountonboarding",
  "id": "generated-random-id-fewnrjkjjefr",
  "time": "2018-04-05T17:31:00Z",
  "subject": "$sub",
  "datacontenttype": "application/json",
  "data": {
    "target": {
      "process": "Process_account-onboarding",
      "taskName": "Account Onboarding Approval User Task"
    },
    "details": {
      "accountNumber":"$acn",
            "amount":10001,
            "status":"approved"
    }
  }
}
