{
  "specversion": "1.0",
  "type": "com.broadridge.abpm.event.type.task.complete",
  "source": "/journal",
  "id": "ecb20c94-01df-49da-9ec3-4679be37c0r3",
  "time": "2020-03-23T17:31:00Z",
  "subject": "$sub",
  "datacontenttype": "application/json",
  "data": {
    "target": {
      "process": "Process_journal",
      "taskName": "Journal Approval User Task",
      "action": "APPROVE"
    },
    "details": {    
            "accountNumber": "$acn",
            "requestType": "$type",
            "instructionType": "$instruction",
            "ageOfCase": "1",
            "amount": "1.11",
            "isAttached": "N",
			"dueDate": "2021-10-28T14:34:50Z",
			"isEscalated": "N",			
			"isExclamatory": "N",
			"isForwarded": "N",
            "frequency": "5",
			"lastActionBy": "LTI1",            
            "lastActionDate": "2020-05-28T14:35:48Z",
            "lastBranchMemoBy": "AONOA",
            "lastHOMemoBy": "BONOB",
            "isMemoAttached": "N",
            "payee": "VGFOU",
            "requestIdentifier": "010ACSB",     
            "submittedBy": "010ACSA",
            "submittedDate": "2020-05-28T14:34:50Z",            
            "branchIdentifier": "100",          
            "estimatedCompletionDate": "2020-12-28T14:34:50Z",
            "isOverdue": "N",
            "status": "Open",
            "callbackURL": "https://unq-dev.wmap.broadridge.com/#/display/acatsCaseDetailsModule?CaseId=40693"       
    
    }
  }
}