{
    "specversion": "1.0",
    "type": "com.broadridge.abpm.event.type.task.complete",
    "source": "/fxl",
    "id": "generated-random-id-fewnrjkjjef2",
    "time": "2018-04-05T17:31:00Z",
    "subject": "$sub",
    "datacontenttype": "application/json",
    "data": {
        "target": {
    		"process": "Process_fxl",
    		"taskName": "FXL Approval User Task",
    		"action": "APPROVE"
        },
        "details": {      
            "accountNumber": "$acn",
            "requestType": "$type",
            "instructionType": "$instruction",
            "amount": "1.11",
            "status": "Open",
            "ageOfCase": "1",
            "dueDate": "2021-10-28T14:34:50Z",
			"isAttached": "N",
			"isExclamatory": "N",
			"isForwarded": "N",
            "frequency": "5",
			"lastActionBy": "LTI1",            
            "lastActionDate": "2020-05-28T14:35:48Z",
            "lastBranchMemoBy": "AONOA",
            "lastHOMemoBy": "BONOB",
            "isMemoAttached": "N",
            "payee": "VGFOU",
            "requestIdentifier": "010ACSB",     
            "submittedBy": "010ACSA",
            "submittedDate": "2020-05-28T14:34:50Z",            
            "branchIdentifier": "100",
            "callbackURL": "https://unq-dev.wmap.broadridge.com/#/display/acatsCaseDetailsModule?CaseId=40693"
        }
    }
}