{
    "journalType": "FAWKST",
    "draft": "false",
    "accountNumber": "$accountNumber",
    "fromType": "1",
    "journalPayeeEntries": [
        {
            "alternatePayeeAccountNumber": "$alternatePayeeAccountNumber",
            "costTreatment": "MOVE_WITH_COST_BASIS",
            "payableToThirdParty": "true",
            "payeePk": "$payeePk",
            "alwaysConfirm": "false",
            "payeeFriendlyName": "Test12",
            "amount": "$amount",
            "contributionTypeLabel": "$contributionTypeLabel",
            "currency": "USD",
            "newIraDistributionCode": true,
            "federalTaxAmount": "",
            "stateTaxAmount": "",
            "isFederalTaxApplicable": false,
            "isStateTaxApplicable": false,
            "journalPk": "",
            "iraToAccount": true,
            "id": 0,
            "partOfExistingSwpReallocation": "",
            "prepayRequestedChargeFee": false,
            "iraGross": false,
            "iraTaxFederalPercentage": false,
            "iraTaxStatePercentage": false,
            "journalCategory": "$journalCategory",
            "payeeAccountNumber": "$payeeAccountNumber",
            "iraContributionType": "$iraContributionType",
            "iraDistributionType": "",
            "iraGrossAmount": "",
            "iraNetAmount": "",
            "iraTaxFederalPercentageAmount": 0,
            "iraTaxFederalDollarAmount": 0,
            "iraTaxStatePercentageAmount": 0,
            "iraTaxStateDollarAmount": 0,
            "iraSsnTin": "",
            "toType": "1",
            "iraWithholdingState": "",
            "accountType": "1"
        }
    ],
    "transactionDate": "$transactionDate",
    "memo": "",
    "reason": "Residual",
    "currencyCode": "USD",
    "attestationId": "1ffeb192-53af-4403-996f-ed5bf2ea3cd9",
    "alternateAccountNumber": "$alternateAccountNumber",
    "universalAccountNumber": "$universalAccountNumber",
    "accountType": "",
    "transferAllAssets": false,
    "journalAttachedDocuments": [],
    "dateOfDeath": "",
    "residualAccountNumber": "",
    "residualAccountType": "",
    "documentExceptionRequired": false,
    "requestTransactionType": "MULTI_ENTRY",
    "iraAccount": false
}