{
    "journalType": "FAWKST",
    "draft": "false",
    "accountNumber": "$accountNumber",
    "fromType": "1",
    "journalPayeeEntries": [
        {
            "cusipCode": "$cusipCode",
            "contributionTypeLabel": "$contributionTypeLabel",
            "numberOfShares": "$numberOfShares",
            "alwaysConfirm": "false",
            "payeeFriendlyName": "$payeeFriendlyName",
            "payeePk": "$payeePk",
            "payableToThirdParty": "true",
            "costTreatment": "MOVE_WITH_COST_BASIS",
            "alternatePayeeAccountNumber": "$alternatePayeeAccountNumber",
            "newIraDistributionCode": true,
            "journalPk": "",
            "iraToAccount": true,
            "id": 0,
            "journalCategory": "SECURITIES_JOURNAL",
            "description": "$description",
            "payeeAccountNumber": "$payeeAccountNumber",
            "iraContributionType": "$iraContributionType",
            "iraDistributionType": "",
            "iraSsnTin": "",
            "toType": "1",
            "accountType": "1"
        }
    ],
    "transactionDate": "$transactionDate",
    "memo": "",
    "reason": "Taxes",
    "currencyCode": "USD",
    "attestationId": "124c9790-478f-4d64-aaed-070c26396aac",
    "alternateAccountNumber": "$alternateAccountNumber",
    "universalAccountNumber": "$universalAccountNumber",
    "accountType": "",
    "transferAllAssets": false,
    "journalAttachedDocuments": [],
    "dateOfDeath": "",
    "residualAccountNumber": "",
    "residualAccountType": "",
    "documentExceptionRequired": false,
    "requestTransactionType": "MULTI_ENTRY",
    "iraAccount": false
}