{
    "journalType": "FAWKST",
    "draft": "false",
    "accountNumber": "$accountNumber",
    "fromType": "1",
    "journalPayeeEntries": [
        {
            "alternatePayeeAccountNumber": "$alternatePayeeAccountNumber",
            "costTreatment": "MOVE_WITH_COST_BASIS",
            "payableToThirdParty": "true",
            "payeePk": "$payeePk",
            "alwaysConfirm": false,
            "payeeFriendlyName": "$payeeFriendlyName",
            "amount": "$amount",
            "contributionTypeLabel": "",
            "currency": "USD",
            "newIraDistributionCode": false,
            "federalTaxAmount": 0,
            "stateTaxAmount": 0,
            "isFederalTaxApplicable": false,
            "isStateTaxApplicable": false,
            "journalPk": "",
            "iraToAccount": false,
            "id": 0,
            "partOfExistingSwpReallocation": "",
            "prepayRequestedChargeFee": false,
            "iraGross": true,
            "iraTaxFederalPercentage": true,
            "iraTaxStatePercentage": true,
            "journalCategory": "$journalCategory",
            "payeeAccountNumber": "$payeeAccountNumber",
            "iraContributionType": "",
            "iraDistributionType": "$iraDistributionType",
            "iraGrossAmount": "$iraGrossAmount",
            "iraNetAmount": "$iraNetAmount",
            "iraTaxFederalPercentageAmount": 0,
            "iraTaxFederalDollarAmount": 0,
            "iraTaxStatePercentageAmount": 0,
            "iraTaxStateDollarAmount": 0,
            "iraSsnTin": "",
            "toType": "1",
            "iraWithholdingState": "NC",
            "accountType": "1"
        }
    ],
    "transactionDate": "$transactionDate",
    "memo": "",
    "reason": "Contribution",
    "currencyCode": "$currencyCode",
    "attestationId": "c75b8b74-dd19-4d74-b0f3-f8b4e699fa74",
    "alternateAccountNumber": "$alternateAccountNumber",
    "universalAccountNumber": "$universalAccountNumber",
    "accountType": "",
    "transferAllAssets": false,
    "journalAttachedDocuments": [],
    "dateOfDeath": "",
    "residualAccountNumber": "",
    "residualAccountType": "",
    "documentExceptionRequired": false,
    "requestTransactionType": "MULTI_ENTRY",
    "iraAccount": true
}