{
    "journalType": "FAWKST",
    "draft": "false",
    "accountNumber": "$accountNumber",
    "fromType": "1",
    "journalPayeeEntries": [
        {
            "cusipCode": "$cusipCode",
            "contributionTypeLabel": "",
            "numberOfShares": "$numberOfShares",
            "alwaysConfirm": "false",
            "payeeFriendlyName": "$payeeFriendlyName",
            "payeePk": "$payeePk",
            "payableToThirdParty": "true",
            "costTreatment": "MOVE_WITH_COST_BASIS",
            "alternatePayeeAccountNumber": "$alternatePayeeAccountNumber",
            "newIraDistributionCode": "true",
            "journalPk": "",
            "iraToAccount": false,
            "id": 0,
            "journalCategory": "SECURITIES_JOURNAL",
            "description": "$description",
            "payeeAccountNumber": "$payeeAccountNumber",
            "iraContributionType": "",
            "iraDistributionType": "$iraDistributionType",
            "iraSsnTin": "",
            "toType": "1",
            "accountType": "1"
        }
    ],
    "transactionDate": "$transactionDate",
    "memo": "",
    "reason": "Real estate purchase",
    "currencyCode": "USD",
    "attestationId": "46eef7f9-9bf9-4ef1-a33d-4f0fbe6b55bb",
    "alternateAccountNumber": "$alternateAccountNumber",
    "universalAccountNumber": "$universalAccountNumber",
    "accountType": "",
    "transferAllAssets": false,
    "journalAttachedDocuments": [],
    "dateOfDeath": "",
    "residualAccountNumber": "",
    "residualAccountType": "",
    "documentExceptionRequired": true,
    "requestTransactionType": "MULTI_ENTRY",
    "iraAccount": true
}