{
    "journalType": "$journalType",
    "draft": "false",
    "batchId": "",
    "accountNumber": "$accountNumber",
    "journalPayeeEntries": [
        {
            "cusipCode": "$cusipCode",
            "numberOfShares": "$numberOfShares",
            "amount": "",
            "iraDistributionType": "",
            "iraContributionType": "$iraContributionType",
            "payeeAccountNumber": "$payeeAccountNumber",
            "toType": "$toType",
            "journalCategory": "$journalCategory",
            "payeeBatchCode": "$payeeBatchCode",
            "payeeEntryCode": "$payeeEntryCode",
            "payeeTrailer1": "",
            "payeeTrailer2": "",
            "payeeTrailer3": ""
        }
    ],
    "batchCode": "$batchCode",
    "bookkeepingCancel": "",
    "cbrsId": "",
    "contraParty": "",
    "currencyCode": "USD",
    "directDepositAccount": "",
    "entryCode": "$entryCode",
    "expirationDate": "",
    "indicatorCallPut": "",
    "indicatorGift": "",
    "indicatorOpenClose": "",
    "indicatorSecurityTax": "",
    "rootSymbol": "",
    "spinCode": "",
    "strikePrice": "",
    "trailerDescriptions": "",
    "transactionType": "",
    "valueDate": "$valueDate",
    "homeOfficeDepartment": "MARGIN_DEPARTMENT",
    "fromType": "$fromType",
    "trailer1": "",
    "trailer2": "",
    "trailer3": "",
    "trid": "",
    "iraAccount": "$iraAccount",
    "iraToAccount": "$iraToAccount"
}