{
		  "journalType": "$journalType",
		  "batchCode": "$batchCode",
		  "typeDebitCredit": "$typeDebitCredit",
		  "entryCode": "$entryCode",
		  "spinCode": "$spinCode",
		  "accountNumber": "$accountNumber",
          "homeOfficeDepartment": "$homeOfficeDepartment",
		   "journalPayeeEntries": [{	
			  "numberOfShares": "$numberOfShares",
			  "amount": "$amount",
                         "cusipCode": "$cusipCode",
			  "payeeAccountNumber": "$payeeAccountNumber",
			  "toType": "$toType",
			  "journalCategory" :"$journalCategory"
			}
		  ],
		  "source": "$source",
		  "indicatorSecurityTax": "$indicatorSecurityTax",
		  "currencyCode": "$currencyCode",
		  "bookkeepingCancel": "$bookkeepingCancel",
		  "trailer1": "$trailer1",
		  "trailer2": "$trailer2",
		  "trailer3": "$trailer3",
		  "valueDate": "$valueDate",
		  "indicatorCallPut": "$indicatorCallPut",
          "rootSymbol": "$rootSymbol",
          "strikePrice": "$strikePrice",
          "expirationDate": "$expirationDate",
		  "indicatorOpenClose": "$indicatorOpenClose",
		  "extAst": "$extAst",
          "divQuantity": "$divQuantity",
          "tleMisc": "$tleMisc",
		  "cbrsId": "$cbrsId",
          "contraParty": "$contraParty",
		  "directDepositAccount": "$directDepositAccount",
		  "transactionType": "$transactionType",
          "indicatorGift": "$indicatorGift",		  
		  "trailerDescriptions": "$trailerDescriptions",
		  "dividendOrInterest": "$dividendOrInterest",
		  "dividendQuantity": "$dividendQuantity",
		  "withholdingAmount": "$withholdingAmount",
		  "withholdingRate": "$withholdingRate",
		  "withholdingType": "$withholdingType",
		  "stateWithholdingAmount": "$stateWithholdingAmount",
		  "stateWithholdingRate": "$stateWithholdingRate",
		  "fatcaWithholdingAmount": "$fatcaWithholdingAmount",
		  "fatcaWithholdingRate": "$fatcaWithholdingRate",
		  "fatcaCreditAmount": "$fatcaCreditAmount",
		  "fatcaCreditCode": "$fatcaCreditCode",
		  "nraDropThroughAmount": "$nraDropThroughAmount",
		  "nraDropThroughRate": "$nraDropThroughRate",
		  "classCode": "$classCode",
		  "fromType": 2,
          "offsetAccount": "$offsetAccount",    
          "trailerCode": "$trailerCode",
          "trailerConstant": "$trailerConstant",         
          "description": "$description",
          "originalTransactionDate": "$originalTransactionDate",
          "taxYear": "$taxYear",
          "itemCost": "$itemCost",
          "taxCxl": "$taxCxl",
          "yearlyOidRate": "$yearlyOidRate",
          "recordDate": "$recordDate",
          "sr1Id": "$sr1Id",
          "netProceeds": "$netProceeds",
		  "typeSoldRedeemedOid": "$typeSoldRedeemedOid",
		  "canceledTransaction": false,
		  "batchId": "$batchId"
}

