{
	"journalType": "$journalType",
	"draft": "false",
	"accountNumber": "$accountNumber",
	"fromType": "$fromType",
	"journalPayeeEntries": [
		{
			"payeeAccountNumber": "$payeeAccountNumber",
			"journalCategory": "$journalCategory",
			"amount": "$amount",
			"numberOfShares": "$numberOfShares",
			"toType": "$toType",
			"payableToThirdParty": "$payableToThirdParty",
			"cusipCode": "$cusipCode",
			"alwaysConfirm": "$alwaysConfirm",
			"newPayee": "$newPayee",
			"payeeFriendlyName": "$payeeFriendlyName",
			"costTreatment": "$costTreatment",
			"iraGrossAmount": "$iraGrossAmount",
			"iraNetAmount": "$iraNetAmount",
			"iraDistributionType": "$iraDistributionType",
			"iraContributionType": "$iraContributionType",
			"iraTaxFederalPercentageAmount": "",
			"iraTaxFederalDollarAmount": "$iraTaxFederalDollarAmount",
			"iraTaxStatePercentageAmount": "",
			"iraTaxStateDollarAmount": "$iraTaxStateDollarAmount",
			"iraWithholdingState": "$iraWithholdingState",
			"iraDeathBeneficiary": "$iraDeathBeneficiary",
			"iraSsnTin": "$iraSsnTin",
			"iraGross": "$iraGross",
			"iraTaxFederalPercentage": "$iraTaxFederalPercentage",
			"iraTaxStatePercentage": "$iraTaxStatePercentage",
			"taxFederalPercentage": "$taxFederalPercentage",
			"taxStatePercentage": "$taxStatePercentage",
			"alternatePayeeAccountNumber": "$alternatePayeeAccountNumber",
			"payeePk": "$payeePk",
			"newIraDistributionCode": "$newIraDistributionCode",
			"partOfExistingSwpReallocation": "$partOfExistingSwpReallocation",
			"prepayRequestedChargeFee": "$prepayRequestedChargeFee"
		}
	],
	"transactionDate": "$transactionDate",
	"memo": "$memo",
	"reason": "$reason",
	"currencyCode": "$currencyCode",
	"attestationId": "$attestationId",
	"alternateAccountNumber": "$alternateAccountNumber",
	"universalAccountNumber": "$universalAccountNumber",
	"accountType": "$accountType",
	"journalAttachedDocuments":[],
	"dateOfDeath": "$dateOfDeath",
	"documentExceptionRequired": "$documentExceptionRequired",
	"requestTransactionType": "$requestTransactionType"
}