{
	"journalType": "$journalType",
	"draft": "$draft",
	"batchId": "$batchId",
	"accountNumber": "$accountNumber",
	"journalPayeeEntries": [
		{
			"cusipCode": "$cusipCode",
			"numberOfShares": "$numberOfShares",
			"amount": "$amount",
			"journalCategory": "$journalCategory"
		}
	],
	"batchCode": "$batchCode",
	"typeDebitCredit": "$typeDebitCredit",
	"entryCode": "$entryCode",
	"spinCode": "$spinCode",
	"bookkeepingCancel": "$bookkeepingCancel",
	"cbrsId": "$cbrsId",
	"contraParty": "$contraParty",
	"currencyCode": "$currencyCode",
	"indicatorGift": "$indicatorGift",
	"indicatorSecurityTax": "$indicatorSecurityTax",
	"transactionType": "$transactionType",
	"valueDate": "$valueDate",
	"directDepositAccount": "$directDepositAccount",
	"expirationDate": "$expirationDate",
	"indicatorCallPut": "$indicatorCallPut",
	"indicatorOpenClose": "$indicatorOpenClose",
	"rootSymbol": "$rootSymbol",
	"strikePrice": "$strikePrice",
	"trailer1": "$trailer1",
	"trailer2": "$trailer2",
	"trailer3": "$trailer3",
	"tridCode": "$tridCode",
	"homeOfficeDepartment": "$homeOfficeDepartment",
	"fromType": "$fromType",
	"trid": "$trid",
	"JournalCXL": "$JournalCXL",
	"tleMisc": "$tleMisc",
	"Trailer": "$Trailer",
	"CostBasisTreatment": "$CostBasisTreatment",
	"TrailerDescription": "$TrailerDescription",
	"AccountClassificationStatus": "$AccountClassificationStatus",
	"SourceCode": "$SourceCode",
	"ExternalAssetIndicator": "$ExternalAssetIndicator",
	"DividendQuanity": "$DividendQuanity",
	"WithholdingType": "$WithholdingType",
	"WithholdingAmount": "$WithholdingAmount",
	"WithholdingRate": "$WithholdingRate",
	"StateWithholdingAmount": "$StateWithholdingAmount",
	"StateWithholdingRate": "$StateWithholdingRate",
	"FATCAWithholdingAmount": "$FATCAWithholdingAmount",
	"FATCAWithholdingRate": "$FATCAWithholdingRate",
	"FATCACreditAmount": "$FATCACreditAmount",
	"FATCACreditCode": "$FATCACreditCode",
	"NRADropthroughAmount": "$NRADropthroughAmount",
	"NRADropthroughRate": "$NRADropthroughRate",
	"TotalCostofItem": "$TotalCostofItem",
	"TaxCXL": "$TaxCXL",
	"YearlyOIDRateOriginalIssueDiscountRate": "$YearlyOIDRateOriginalIssueDiscountRate",
	"RecordDate": "$RecordDate"
		
}