{
		  "journalType": "$journalType",
		  "batchCode": "$batchCode",
		  "typeDebitCredit": "$typeDebitCredit",
		  "entryCode": "$entryCode",
		  "spinCode": "$spinCode",
		  "accountNumber": "$accountNumber",
		  "journalPayeeEntries": [
			{
			  "numberOfShares": "$numberOfShares0",
			  "amount": "$amount0",
			  "cusipCode": "$cusipCode",
			  "payeeAccountNumber": "$payeeAccountNumber0",
			  "toType": "$toType0",
			  "journalCategory" :"$journalCategory0"
			},
			{
			  "numberOfShares": "$numberOfShares1",
			  "amount": "$amount1",
			  "cusipCode": "$cusipCode",
			  "payeeAccountNumber": "$payeeAccountNumber1",
			  "toType": "$toType1",
			  "journalCategory" :"$journalCategory1"
			},
			{
			  "numberOfShares": "$numberOfShares2",
			  "amount": "$amount2",
			  "cusipCode": "$cusipCode",
			  "payeeAccountNumber": "$payeeAccountNumber2",
			  "toType": "$toType2",
			  "journalCategory" :"$journalCategory2"
			}
		  ],
		  "source": "$source",
		  "indicatorSecurityTax": "$indicatorSecurityTax",
		  "trailerDescriptions": "$trailerDescriptions",
		  "currencyCode": "$currencyCode",
		  
		  "tridCode": "$tridCode",
		  "bookkeepingCancel": "$bookkeepingCancel",
		  "trailer1": "$trailer1",
		  "trailer2": "$trailer2",
		  "trailer3": "$trailer3",
		  "valueDate": "$valueDate",
		  "dividendOrInterest": "$dividendOrInterest",
		  "dividendQuantity": "$dividendQuantity",
		  "withholdingAmount": "$withholdingAmount",
		  "withholdingRate": "$withholdingRate",
		  "withholdingType": "$withholdingType",
		  "stateWithholdingAmount": "$stateWithholdingAmount",
		  "stateWithholdingRate": "$stateWithholdingRate",
		  "fatcaWithholdingAmount": "$fatcaWithholdingAmount",
		  "fatcaWithholdingRate": "$fatcaWithholdingRate",
		  "fatcaCreditAmount": "$fatcaCreditAmount",
		  "fatcaCreditCode": "$fatcaCreditCode",
		  "nraDropThroughAmount": "$nraDropThroughAmount",
		  "nraDropThroughRate": "$nraDropThroughRate",
		  "classCode": "$classCode",
		  "fromType": "$fromType",
          
          "indicatorCallPut": "$indicatorCallPut",
          "rootSymbol": "$rootSymbol",
          "strikePrice": "$strikePrice",
          "expirationDate": "$expirationDate",
          "indicatorOpenClose": "$indicatorOpenClose",
          "offsetAccount": "$offsetAccount",
          "extAst": "$extAst",
          "divQuantity": "$divQuantity",
          "tleMisc": "$tleMisc",
          "trailerCode": "$trailerCode",
          "trailerConstant": "$trailerConstant",         
          "transactionType": "$transactionType",
          "indicatorGift": "$indicatorGift",
          "cbrsId": "$cbrsId",
          "contraParty": "$contraParty",
		  "directDepositAccount": "$directDepositAccount",
          "description": "$description",
          "indicatorBuyCell": "$indicatorBuyCell",
          "indicatorPi": "$indicatorPi",
          "price": "$price",
          "registeredRepresentativeId": "$registeredRepresentativeId",
          "brokerOtherSideNumber": "$brokerOtherSideNumber",
          "exchangeBlotterCode": "$exchangeBlotterCode",
          "tag": "$tag",
          "executingBrokerNumber": "$executingBrokerNumber",
          "specialFigurationCode": "$specialFigurationCode",
          "transactionExecutionDate": "$transactionExecutionDate",
          "tradeSettlementDate": "$tradeSettlementDate",
          "whenIssuedCode": "$whenIssuedCode",
          "cancelTrade": "$cancelTrade",
          "reasonCode": "$reasonCode",
          "tradeExecutionOccurredAt": "$tradeExecutionOccurredAt",
          "concessionCode": "$concessionCode",
          "isccFreePayIndicator": "$isccFreePayIndicator",
          "isccCustomerSideRoutingCode": "$isccCustomerSideRoutingCode",
		  "isccFailSideRoutingCode": "$isccFailSideRoutingCode",
          "isccGcnSettleLocation": "$isccGcnSettleLocation",
          "isccGcnAlternateSafekeepingAccount": "$isccGcnAlternateSafekeepingAccount",
          "isccGcnCashAccount": "$isccGcnCashAccount",
          "exchangeCode": "$exchangeCode",
          "principalMoneyAmount": "$principalMoneyAmount",
          "interestAmountOnBonds": "$interestAmountOnBonds",
          "stateTaxAmount": "$stateTaxAmount",
          "commissionAmount": "$commissionAmount",
          "grossCreditAmount": "$grossCreditAmount",
          "secFee": "$secFee",
          "postageAmount": "$postageAmount",
          "netAmount": "$netAmount",
          "customerSettlementCurrencySymbol": "$customerSettlementCurrencySymbol",
          "tradeCurrency": "$tradeCurrency",
          "conversionRate": "$conversionRate",
          "secondaryRegisteredRepresentativeId": "$secondaryRegisteredRepresentativeId",
          "splitBrokers": "$splitBrokers",
          "splitBrokersQuantity": "$splitBrokersQuantity",
          "depositoryOverrideCode": "$depositoryOverrideCode",
		  "dtcId": "$dtcId",
          "dtcAgentBankNumber": "$dtcAgentBankNumber",
          "dtcCustomerNumber": "$dtcCustomerNumber",
          "dtcInstitutionId": "$dtcInstitutionId",
          "businessUnit": "$businessUnit",
          "gp1": "$gp1",
          "gp2": "$gp2",
          "gp3": "$gp3",
          "gp4": "$gp4",
          "gp5": "$gp5",
          "gp6": "$gp6",
          "gp7": "$gp7",
          "gp8": "$gp8",
          "gp9": "$gp9",
          "gp10": "$gp10",
          "gp11": "$gp11",
          "gp12": "$gp12",
          "mfdId": "$mfdId",
          "originalTransactionDate": "$originalTransactionDate",
          "taxYear": "$taxYear",
          "itemCost": "$itemCost",
          "taxCxl": "$taxCxl",
          "yearlyOidRate": "$yearlyOidRate",
          "recordDate": "$recordDate",
          "sr1Id": "$sr1Id",
		  "principalAndNet": "$principalAndNet",
		  "overridePrice": "$overridePrice",
		  "netProceeds": "$netProceeds",
		  "typeSoldRedeemedOid": "$typeSoldRedeemedOid",
		  "additionalTrailerCode2": "$additionalTrailerCode2",
		  "additionalTrailerCode3": "$additionalTrailerCode3",
		  "canceledTransaction": "$canceledTransaction",
		  "batchId": "$batchId"
}