{
	"isDraft": false,
	"caseId": "$caseId",
	"caseType": "$caseType",
	"transferType": "$transferType",
	"transferDetails": {
		"subTransferType": "$subTransferType",
		"assets": [
			{
				"assetType": "Balance",
				"assetDetails": {
					"assetID": 336814,
					"transactionType": "E",
					"debitCreditIndicator": 1,
					"description": "CREDIT CASH BALANCE",
					"settlementLocation": null,
					"settlementReason": "06",
					"amount": 1400,
					"currencyCode": "INR",
					"quantityType": "AMNT",
					"comments": "Credit Cash",
					"accountType": "1",
					"investmentType": "S",
					"assetReason": "",
					"isWithHold": true
				}
			},
			{
				"assetType": "Position",
				"assetDetails": {
					"assetID": 336815,
					"transactionType": "D",
					"accountType": "1",
					"securityNumber": "A010709",
					"cusip": "00846U101000",
					"symbol": "A",
					"option": {
						"assetOptionCategory": "01"
					},
					"mutualFund": null,
					"securityDescription": "",
					"quantityType": "AMNT",
					"isMemo": false,
					"quantity": 1700,
					"amount": 5600,
					"settlementLocation": "04",
					"settlementReason": "",
					"investmentType": "S",
					"comments": "test Postiton",
					"assetReason": "",
					"isWithHold": true
				}
			},
			{
				"assetType": "Position",
				"assetDetails": {
					"assetID": 336816,
					"transactionType": "E",
					"accountType": "1",
					"securityNumber": "P395904",
					"securityType": "EQU",
					"cusip": "713448108000",
					"isin": "US7134481081",
					"symbol": "PEP",
					"option": {
						"assetOptionCategory": "00"
					},
					"mutualFund": null,
					"securityDescription": "",
					"quantityType": "QNTY",
					"isMemo": false,
					"quantity": 1650,
					"amount": 6600,
					"settlementLocation": "03",
					"settlementReason": "",
					"investmentType": "L",
					"comments": "test Postiton",
					"assetReason": "",
					"isWithHold": false
				}
			}
		],
		"account": {
			"name": "",
			"accountBranch": "$accountBranch",
			"accountNumber": "$accountNumber",
			"accountType": "SI",
			"primarySsn": "666666666",
			"secondarySsn": "777777777"
		},
		"contraFirmId": 148,
		"contraAccount": {
			"name": "SELENIUM JOURNAL 2 SQUARE PLAZA",
			"number": "2UT20062",
			"type": "SN",
			"primarySsn": "555555555",
			"secondarySsn": "444444444"
		},
		"note": "Updated Case"
	}
}