{
  "contraFirmId": "$contraFirmId",
  "identifierType": "$identifierType",
  "contraFirmName": "$contraFirmName",
  "contactName": "$contactName",
  "address1": "$address1",
  "address2": "$address2",
  "city": "$city",
  "state": "$state",
  "zip": "$zip",
  "phone": "$phone",
  "fax": "$fax",
  "email": "$email",
  "acatParticipantIndicator": "$acatParticipantIndicator",
  "acatParticipantType": "$acatParticipantType",
  "dtccParticipantIndicator": "$dtccParticipantIndicator",
  "mutualFundIndicator": "$mutualFundIndicator",
  "active": 0
}