{
  "isDraft": true,
  "caseType": "$caseType",
  "CaseID": 0,
  "transferType": "$transferType",
  "transferDetails": {
    "subTransferType": "$subTransferType",
    "assets": [],
    "account": {
      "accountBranch": "$accountBranch",
      "accountNumber": "$accountNumber",
      "accountType": "SI",
      "primarySsn": "",
      "secondarySsn": ""
    },
    "contraFirmId": 10,
    "contraAccount": {
      "name": "",
      "number": "12345",
      "type": "SI",
      "primarySsn": "",
      "secondarySsn": ""
    },
    "giftIndicator": 0,
    "note": null,
    "trackingInfo": {
      "carrierName": "FAX",
      "trackingNumber": "ABC56B"
    }
  },
  "goodOrderCheckList": {
    "requiredDocuments": [
      "TIFSignature",
      "TIFDocDated",
      "ContraFirmIndicated"
    ],
    "allDocIncluded": false,
    "missingDocuments": [
      "ADDM",
      "DTCT"
    ]
  }  
}