{
	"isDraft": false,
	"caseId": "$caseId",
	"caseType": "$caseType",
	"transferType": "$transferType",
	"transferDetails": {
		"subTransferType": "$subTransferType",
		"assets": [
			{
				"assetType": "Balance",
				"assetDetails": {
					"assetID": 336879,
					"transactionType": "C",
					"debitCreditIndicator": 1,
					"description": "CREDIT CASH BALANCE",
					"settlementLocation": null,
					"settlementReason": null,
					"amount": 3400,
					"currencyCode": "USD",
					"quantityType": "AMNT",
					"comments": "",
					"accountType": "1",
					"investmentType": "L",
					"assetReason": "",
					"isWithHold": false
				}
			},
			{
				"assetType": "Position",
				"assetDetails": {
					"assetID": 336880,
					"transactionType": "C",
					"accountType": "1",
					"securityNumber": "",
					"cusip": "369604103000",
					"symbol": "GE",
					"option": {
						"assetOptionCategory": "00"
					},
					"mutualFund": null,
					"securityDescription": "",
					"quantityType": "QNTY",
					"isMemo": false,
					"quantity": 65,
					"amount": 3500,
					"settlementLocation": "05",
					"settlementReason": "",
					"investmentType": "L",
					"comments": "",
					"assetReason": "",
					"isWithHold": false
				}
			},
			{
				"assetType": "Position",
				"assetDetails": {
					"assetID": 336881,
					"transactionType": "E",
					"accountType": "1",
					"securityNumber": "",
					"securityType": "EQU",
					"cusip": "49428J109000",
					"symbol": "KE",
					"option": {
						"assetOptionCategory": "00"
					},
					"mutualFund": null,
					"securityDescription": "",
					"quantityType": "QNTY",
					"isMemo": false,
					"quantity": 75,
					"amount": 3800,
					"settlementLocation": "05",
					"settlementReason": "",
					"investmentType": "S",
					"comments": "",
					"assetReason": "",
					"isWithHold": false
				}
			}
		],
		"account": {
			"name": "SELENIUM JOURNAL SQR PLAZA",
			"accountBranch": "$accountBranch",
			"accountNumber": "$accountNumber",
			"accountType": "SI",
			"primarySsn": "666666666",
			"secondarySsn": "777777777"
		},
		"contraFirmId": 148,
		"contraAccount": {
			"name": "SELENIUM TEST 2 JOURNAL SQR PLAZA",
			"number": "2UT30181",
			"type": "SN",
			"primarySsn": "111111111",
			"secondarySsn": "000000000"
		},
		"note": "Case Updated "
	}
}