{
  "isDraft": false,
  "caseType": "$caseType",
  "CaseID": 0,
  "transferType": "$transferType",
  "transferDetails": {
    "subTransferType": "$subTransferType",
    "assets": [
      {
        "assetType": "Position",
        "assetDetails": {
          "accountType": "3",
          "securityTypeCode": "4534567",
          "cusip": "123456789",
          "symbol": "INR",
          "option": {
            "assetOptionCategory": "02"
          },
          "mutualFund": {
            "fsCustAccNbrDelv": 123,
            "newFundCustAccNbrRec": 456
          },
          "securityDescription": "desc2",
          "quantityType": "AMNT",
          "isMemo": false,
          "quantity": 2.3,
          "amount": 6,
          "settlementLocation": "AB",
          "settlementReason": "CD",
          "investmentType": "L",
          "liquidityNeed": false,
          "comments": ""
        }
      }
    ],
    "account": {
      "accountBranch": "$accountBranch",
      "accountNumber": "$accountNumber",
      "accountType": "SI",
      "primarySsn": "",
      "secondarySsn": ""
    },
    "contraFirmId": 10,
    "contraAccount": {
      "name": "",
      "number": "12345",
      "type": "SI",
      "primarySsn": "",
      "secondarySsn": ""
    },
    "giftIndicator": 0,
    "note": null,
    "trackingInfo": null
  },
  "goodOrderCheckList": {
    "requiredDocuments": [
      "TIFSignature",
      "TIFDocDated",
      "ContraFirmIndicated"
    ],
    "allDocIncluded": false,
    "missingDocuments": [
      "ADDM",
      "DTCT"
    ]
  }  
}