{
	"caseId": "$caseId",
	"actionCode": "APPR",
	"details": {
		"comments": "Test Approve from API fro Non ACAT Case",
		"IsSpadInsert": true,
		" journals": [
			{
				"journalId": 30,
				"status": "A"
			},
			{
				"journalId": 11,
				"status": "I"
			},
			{
				"journalId": 12,
				"status": "A"
			},
			{
				"journalId": 13,
				"status": "A"
			},
			{
				"journalId": 31,
				"status": "I"
			},
			{
				"journalId": 52,
				"status": "A"
			},
			{
				"journalId": 46,
				"status": "A"
			},
			{
				"journalId": 53,
				"status": "I"
			},
			{
				"journalId": 112,
				"status": "A"
			}
		]
	}
}