{
  "MSD_ID":"@MSD_ID",
  "CUSIP_CINS": "@CUSIP_CINS",
  "ISIN": "@ISIN",
  "VALOREN": "$VALOREN",
  "ProductName": "$ProductName",
  "IsBasket": "$IsBasket",
  "BasketName": "$BasketName",
  "ProductShortName": "$ProductShortName",
  "CouponRequired": "$CouponRequired",
  "InitialSettlementDate": "$InitialSettlementDate",
  "SecondLineDescription": "$SecondLineDescription",
  "UserComment": "$UserComment",
  "MaturityDate": "$MaturityDate",
  "RecordDate": "$RecordDate",
  "FinalValuationDate": "$FinalValuationDate",
  "ParCurrencyCode": "$ParCurrencyCode",
  "ParValue": "$ParValue",
  "CouponRate": "$CouponRate",
  "CouponFrequency": "$CouponFrequency",
  "CallFrequency": "$CallFrequency",
  "CouponSchedule": [
    {
      "CouponDate": "$CouponDate",
      "CouponObservationDate": "$CouponObservationDate",
      "CouponRatePerPayPeriod": "$CouponRatePerPayPeriod"
    }
  ],
  "CallSchedule": [
    {
      "CallPrice": "$CallPrice",
      "CallDate": "$CallDate",
      "CallObservationDate": "$CallObservationDate"
    }
  ],
  "InterestPremium": "$InterestPremium",
  "OptionPremium": "$OptionPremium",
  "DayBasisCode": "$DayBasisCode",
  "Eligibility": "$Eligibility",
  "ProductCode": "$ProductCode",
  "Issuer": "$Issuer",
  "CountryOfIssuer": "$CountryOfIssuer",
  "CountryOfIssuance": "$CountryOfIssuance",
  "IssuanceCurrencyCode": "$IssuanceCurrencyCode",
  "ConfirmEnclosure": "$ConfirmEnclosure",
  "EstimatedAnnualIncome":"$EstimatedAnnualIncome",
  "RegS": "$RegS",
  "RegistrationType": "$RegistrationType",
  "StatusCode": "$StatusCode",
  "DTCCPaymentFlag": "$DTCCPaymentFlag",
  "ContingentCoupon": "$ContingentCoupon",
  "UnderlyingBarrierPrice": "$UnderlyingBarrierPrice",
  "UnderlyingInitialPrice": "$UnderlyingInitialPrice",
  "PhysicalShareDelivery": "$PhysicalShareDelivery",
  "SettlementType": "$SettlementType",
  "ParticipationMultiplier": "$ParticipationMultiplier",
  "EnterpriseDataClfcn2": "$EnterpriseDataClfcn2",
  "EnterpriseDataClfcn3": "$EnterpriseDataClfcn3",
  "EnterpriseDataClfcn4": "$EnterpriseDataClfcn4",
  "UnderlyingTickerCount": "$UnderlyingTickerCount",
  "Underlying": [
    {
      "UnderlyingTicker": "$UnderlyingTicker",
      "UnderlyingName": "$UnderlyingName"
    }
  ],
  "ThirdPartyIssuerCode": "$ThirdPartyIssuerCode",
  "WMAOriginatedFlag": "$WMAOriginatedFlag",
  "SourceSystem": "$SourceSystem",
  "TradeID": "$TradeID",
  "MessageType": "$MessageType"
}