{
	"$schema": "http://json-schema.org/draft-07/schema",
	"type": "object",
	"properties": {
		"identifier": {
			"type": "integer"
		},
		"code": {
			"type": "string"
		},
		"name": {
			"type": "string"
		},
		"description": {
			"type": "string"
		},
		"minimumInvestmentAmount": {
			"type": "null"
		},
		"status": {
			"type": "string"
		},
		"feeStructures": {
			"type": "array",
			"items": {
				"type": "object",
				"required": [
					"annualFee"
				],
				"properties": {
					"annualFee": {
						"type": "string"
					}
				}
			}
		},
		"createdOn": {
			"type": "integer"
		},
		"createdBy": {
			"type": "string"
		},
		"lastUpdateOn": {
			"type": "null"
		},
		"lastUpdateBy": {
			"type": "null"
		},
		"templates": {
			"type": "array"
		}
	}
}