{
	"contactCode": "$contactCode",
	"type": "$type",
	"description": "$description",
	"contactReferenceList": [
		{
			"referenceType": "$referenceType",
			"referenceId": "$referenceId"
		}
	],
	"contactCompanyName": "$contactCompanyName",
	"contactFirstName": "$contactFirstName",
	"contactMiddleName": "$contactMiddleName",
	"contactLastName": "$contactLastName",
	"contactNickname": "$contactNickname",
	"contactAddress": "$contactAddress",
	"contactState": "$contactState",
	"contactPostalCode": "$contactPostalCode",
	"contactCountry": "$contactCountry",
	"contactCity": "$contactCity",
	"contactDetails": {
		"phoneNumberType": "$phoneNumberType",
		"phoneNumber": "$phoneNumber",
		"emailAddressType": "$emailAddrType",
		"emailAddress": "$emailAddress",
		"websiteType": "$websiteType",
		"websiteAddress": "$websiteAddress"
	}
}
