{
	"styleId": "$styleId",
	"styleName": "$styleName",
	"styleCategory": "$styleCategory",
	"riskCategory": "III - Moderate",
	"benchmarkEffectiveDateType": "$benchmarkEffectiveDateType",
	"benchmarkEffectiveDate": "$benchmarkEffectiveDate",
	"comparativeUniverse": "$comparativeUniverse",
	"pivStyle": "$pivStyle",
	"geographicIndicator": "$geographicIndicator",
	"marketCap": "$marketCap",
	"eyeCheckOverride": "$eyeCheckOverride",
	"minimumAmount": "$minimumAmount",
	"description": "$description"
}