{
	"strategyId": "$strategyId",
	"managerId": "$managerId",
	"styleId": "$styleId",
	"marketCap": "$marketCap",
	"strategyName": "$strategyName",
	"pivStyle": "$pivStyle",
	"balancedAllocation": "$balancedAllocation",
	"concentratedStrategyIndicator": "$concentratedStrategyIndicator",
	"structuredProductStrategy": "$structuredProductStrategy",
	"benchmarkEffectiveDateType": "$benchmarkEffectiveDateType",
	"researchRating": "$researchRating",
	"margins": "$margins",
	"options": "$options",
	"collateralEligible": "$collateralEligible",
	"strategyMinimum": "$strategyMinimum",
	"exceptionMinimum": "$exceptionMinimum",
	"withdrawalMinimum": "$withdrawalMinimum",
	"rebalanceMinimum": "$rebalanceMinimum",
	"eyeCheckOverride": "$eyeCheckOverride",
	"riskCategory": "III - Moderate",
	"reason": "$reason",
	"geographicIndicator": "$geographicIndicator",
	"programStrategy": [
		{
			"programId": "$programId"
		}
	],
	"fiscalYearEnd": "$fiscalYearEnd",
	"advOptIn": "$advOptIn",
	"documentsNeeded": "$documentsNeeded",
	"versionDate": "$versionDate",
	"documentVersion": "$documentVersion",
	"sustainableInvestmentStrategy": "$sustainableInvestmentStrategy",
	"templateId": "$templateId"
}
