{
    "printOption": "$printOption",
    "email": "anada.chincholkar@broadridge.com",
    "faxNumber": "202-352-3000",
    "faName": "Anada",
    "clientEmail": "anada.chincholkar@broadridge.com",
    "clientId": "9260960700",
    "accountList": [
        "$accountList"
    ],
    "eSign": [
        {
            "signorSequence": "1",
            "firstName": "Anada",
            "lastName": "SC",
            "signorClientId": "9260960700",
            "emailId": "anada.chincholkar@broadridge.com",
            "phone": "7324709626",
            "authType": "PASSCODE",
            "authCode": "11111111",
            "verifyType": "SMS",
            "signorAddrLine1": "111 Washington BLVD",
            "signorAddrLine2": "space",
            "city": "Weehawken",
            "state": "NJ",
            "zip": "071234",
            "zipPlusFour": " ",
            "lastFourSSN": "1111"
        }
    ]
}