{
  "header": {
    "correlationId": "CASH01",
    "source": "TEST",
    "messageType": "ACTION_EVENT",
    "messageSubType": "START_PROCESS",
    "processDefinitionKey": "Cash_FedWire"
  },
  "body": {
    "actionBy": "CS0001",
    "actionTime": "2019-07-01T00:00:00.000+00:00",
    "target": {
      "processDefinitionKey": "Cash_FedWire",
      "externalId": "Cash_FedWire-$UniqueDate"
    },
    "details": {
      "accountNumber" : "ZA00001",
      "shortName" : "Anusha",
      "amount" : 11111,
      "faid" :  "WA43",
      "payee" : "BT742392",
      "wireCode" : "cashf",
      "submittedDate" :  "2019-07-02T12:00:20.000+00:00",
      "submittedBy" : "Automation-1"
    }
  }
}