{
  "header": {
    "brClientIdentifier": "003",
    "referenceIdentifier": "161890337",
    "sourceApplication": "ascendis-margin",
    "messageType": "exception"
  },
  "body": {
    "alertType": "CashCall",
	"accountType": 142,
	"exceptionQuantity": 12332,
    "securityDescription": "CashCall Desc",
    "exceptionAge": 31,
    "exceptionAmount": 122121,
    "accountBranch": "705",
    "accountNumber": "10015",
    "exceptionType": "$Note",
    "caseIdentifier": "1009505"
  }
}