{
  "header": {
    "brClientIdentifier": "003",
    "referenceIdentifier": "161890337",
    "sourceApplication": "ascendis-margin",
    "messageType": "exception"
  },
  "body": {
    "caseIdentifier": "161890337",
    "alertType": "CommoditiesCall",
    "accountBranch": "704",
    "accountNumber": "10011",
    "exceptionType": "$Note",
    "exceptionAmount": "2001",
    "tradeDate": "2019-12-12T00:00:00",
    "exceptionAge": 1,
    "categoryDescription": "Category",
    "commodityType": "CMType"
  }
}