{
  "header": {
    "brClientIdentifier": "003",
    "referenceIdentifier": "161882290",
    "sourceApplication": "ascendis-margin",
    "messageType": "exception"
  },
  "body": {
    "caseIdentifier": "161882290",
    "alertType": "FTypeWithOutAsset",
    "accountBranch": "704",
    "accountNumber": "10006",
    "exceptionType": "$Note",
    "exceptionAmount": "700000",
    "tradeDate": "2019-06-07T00:00:00",
    "dueDate": "2019-06-13T00:00:00",
    "exceptionAge": "1"
  }
}