{
  "header": {
    "brClientIdentifier": "003",
    "referenceIdentifier": "161890337",
    "sourceApplication": "ascendis-margin",
    "messageType": "exception"
  },
  "body": {
    "alertType": "HouseCallAge4",
    "securityDescription": "HouseCallAge4 security",
    "descriptionOfActivity": "HouseCallAge4 desc",
    "exceptionAge": 2,
    "exceptionAmount": 10210,
    "accountBranch": "706",
    "accountNumber": "10531",
    "exceptionType": "$Note",
    "caseIdentifier": "161899000"
  }
}