{
  "header": {
    "brClientIdentifier": "003",
    "referenceIdentifier": "161890337",
    "sourceApplication": "ascendis-margin",
    "messageType": "exception"
  },
  "body": {
    "alertType": "NonTradeShort",
	"accountType": 123,
    "securityDescription": "NonTradeShort Desc",
    "exceptionAge": "$age",
    "exceptionQuantity": "$quantity",
    "exceptionAmount": 0.00,
    "accountBranch": "705",
    "accountNumber": "10015",
    "exceptionType": "$Note",
    "caseIdentifier": "10090305"
  }
}
