{
  "header": {
    "brClientIdentifier": "003",
    "referenceIdentifier": "161890337",
    "sourceApplication": "ascendis-margin",
    "messageType": "exception"
  },
  "body": {
    "businessDate": "2019-12-12T00:00:00",
    "alertType": "ShortVsCustody",
    "accountType": 1,
    "exceptionQuantity": "$quantity",
    "descriptionOfActivity": "ShortVsCustody desc",
    "exceptionAge": "$age",
    "accountBranch": "704",
    "accountNumber": "10011",
    "exceptionType": "$Note",
     "caseIdentifier": "161890337"
  }
}