{
  "header": {
    "brClientIdentifier": "003",
    "referenceIdentifier": "161890337",
    "sourceApplication": "ascendis-margin",
    "messageType": "exception"
  },
  "body": {
    "alertType": "ShortVsLegal",
    "accountType": 1,
    "exceptionQuantity": 122,
    "securityDescription": "ShortVsLegal security",
    "exceptionAge": 2,
    "exceptionAmount": 121212,
    "accountBranch": "705",
    "accountNumber": "10311",
    "exceptionType": "$Note",
    "caseIdentifier": "161890338"
  }
}