{
  "header": {
    "correlationId": "000050",
    "source": "TEST",
    "messageType": "ACTION_EVENT",
    "messageSubType": "START_PROCESS",
    "processDefinitionKey": "simpleprocess3"
  },
  "body": {
    "actionBy": "QA00003",
    "actionTime": "2019-07-01T00:00:00.000+00:00",
    "target": {
      "processDefinitionKey": "simpleprocess3",
      "externalId": "simpleprocess3-$UniqueDate"
    },
    "details": {
      "account" : "ZA33333333",
      "faid" :  "WB64",
      "payee" : "BT982352",
      "dueDate" : "2019-07-15T12:00:20.000+00:00",
      "completedWithStatus" :  "Approved",
      "assignee" : "KJ123739",
      "shortName" : "ShoNam",
      "submittedDate" :  "2019-07-02T12:00:20.000+00:00",
      "submittedBy" : "Automation-3",
      "candidateGroups" :  "Simple3 Department",
      "wireCode" : "WC637673",
      "createdDate" : "2019-07-01T12:00:20.000+00:00",
      "status" :  "Assigned"
    }
  }
}