{
  "header": {
    "correlationId": "QA00001",
    "source": "TEST",
    "messageType": "ACTION_EVENT",
    "messageSubType": "START_PROCESS",
    "processDefinitionKey": "simpleprocess1"
  },
  "body": {
    "actionBy": "QA10001",
    "actionTime": "2019-07-01T00:00:00.000+00:00",
    "target": {
      "processDefinitionKey": "simpleprocess1",
      "externalId": "simpleprocess1-$UniqueDate"
    },
    "details": {
      "account" : "ZA00001",
      "amount" : 11111,
      "faid" :  "WA43",
      "payee" : "BT742392",
      "submittedDate" :  "2019-07-02T12:00:20.000+00:00",
      "submittedBy" : "Automation-1",
      "createdDate" : "2019-07-01T12:00:20.000+00:00"
    }
  }
}