{
  "header": {
    "correlationId": "QA00002",
    "source": "TEST",
    "messageType": "ACTION_EVENT",
    "messageSubType": "START_PROCESS",
    "processDefinitionKey": "simpleprocess2"
  },
  "body": {
    "actionBy": "QA20001",
    "actionTime": "2019-07-01T00:00:00.000+00:00",
    "target": {
      "processDefinitionKey": "simpleprocess2",
      "externalId": "simpleprocess2-$UniqueDate"
    },
    "details": {
      "account" : "ZA20001",
      "amount" : 22222,
      "faid" :  "WA23",
      "payee" : "BT742352",
      "submittedDate" :  "2019-07-02T12:00:20.000+00:00",
      "submittedBy" : "Automation-2"
    }
  }
}