{
  "header": {
    "correlationId": "0000000060",
    "source": "TEST",
    "messageType": "ACTION_EVENT",
    "messageSubType": "START_PROCESS",
    "processDefinitionKey": "simpleprocess4"
  },
  "body": {
    "actionBy": "QA20001",
    "actionTime": "2019-07-01T00:00:00.000+00:00",
    "target": {
      "processDefinitionKey": "simpleprocess4",
      "externalId": "simpleprocess4-$UniqueDate"
    },
    "details": {
      "account" : "ZA44444444",
      "faid" :  "WA23",
      "payee" : "BT742352",
      "completedWithStatus" :  "Approved",
      "assignee" : "KJ123132",
      "shortName" : "ShoNam",
      "submittedDate" :  "2019-07-02T12:00:20.000+00:00",
      "submittedBy" : "Automation-4",
      "candidateUsers" :  "KF87, UH73, PL14",
      "wireCode" : "LO29847",
      "createdDate" : "2019-07-01T12:00:20.000+00:00"
    }
  }
}