{
  "header": {
    "brClientIdentifier": "003",
    "referenceIdentifier": "161890337",
    "sourceApplication": "ascendis-margin",
    "messageType": "exception"
  },
  "body": {
    "alertType": "SoldNotLong",
	"accountType": 130,
	"exceptionQuantity": 12312,
    "securityDescription": "SoldNotLong Desc",
    "exceptionAge": 31,
    "exceptionAmount": 122121,
    "accountBranch": "705",
    "accountNumber": "10015",
    "exceptionType": "$Note",
    "caseIdentifier": "10090305"
  }
}