{
  "processDefinitionKey": "simpleprocess2",
  "variables": {
"account" : "ZA20001",
      "amount" : 12000,
      "faid" :  "WA23",
      "payee" : "BT742352",
      "dueDate" : "2019-07-15T12:00:20.000+00:00",
      "completedWithStatus" :  "Approved",
      "assignee" : "KJ123132",
      "submittedDate" :  "2019-07-02T12:00:20.000+00:00",
      "submittedBy" : "John Doe",
      "candidateGroups" :  "Simple2 Department",
      "createdDate" : "2019-07-01T12:00:20.000+00:00",
      "status" :  "Assigned"  
  },
  "payloadType":"StartProcessPayload"
}