{
  "processDefinitionKey": "simpleprocess3",
  "variables": {
          "account" : "ZA30001",
      "faid" :  "WB64",
      "payee" : "BT982352",
      "dueDate" : "2019-07-15T12:00:20.000+00:00",
      "completedWithStatus" :  "Approved",
      "assignee" : "KJ123739",
      "shortName" : "ShoNam",
      "submittedDate" :  "2019-07-02T12:00:20.000+00:00",
      "submittedBy" : "John Doe",
      "candidateGroups" :  "Simple3 Department",
      "wireCode" : "WC637673",
      "createdDate" : "2019-07-01T12:00:20.000+00:00",
      "status" :  "Assigned"
  },
  "payloadType":"StartProcessPayload"
}