{
  "processDefinitionKey": "simpleprocess4",
  "variables": {
      "account" : "ZA20001",
      "faid" :  "WA23",
      "payee" : "BT742352",
      "completedWithStatus" :  "Approved",
      "assignee" : "KJ123132",
      "shortName" : "ShoNam",
      "submittedDate" :  "2019-07-02T12:00:20.000+00:00",
      "submittedBy" : "John Doe",
      "candidateUsers" :  "KF87, UH73, PL14",
      "wireCode" : "LO29847",
      "createdDate" : "2019-07-01T12:00:20.000+00:00",
      "status" :  "Assigned"
  },
  "payloadType":"StartProcessPayload"
}