
{
  "header": {
    "brClientIdentifier": "003",
    "referenceIdentifier": "161890337",
    "sourceApplication": "ascendis-margin",
    "messageType": "exception"
  },
  "body": {
    "alertType": "TradeThrRestriction",
    "accountType": 1,
    "tradeDate": "2019-12-12T00:00:00",
    "exceptionQuantity": 122,
    "securityDescription": "TradeThrRestriction security",
    "exceptionAge": 2,
    "exceptionAmount": 121212,
    "accountBranch": "706",
    "accountNumber": "10331",
    "exceptionType": "$Note",
    "caseIdentifier": "161890349"
  }
}