{
  "header": {
    "brClientIdentifier": "003",
    "referenceIdentifier": "161890337",
    "sourceApplication": "ascendis-margin",
    "messageType": "exception"
  },
  "body": {
    "alertType": "UnfiledExtensions",
    "tradeDate": "2019-12-12T00:00:00",
    "accountType": 1,
    "exceptionQuantity": 122,
    "securityDescription": "UnfiledExtensions security",
    "exceptionAmount": 121300,
    "accountBranch": "706",
    "accountNumber": "10401",
    "exceptionType": "$Note",
    "caseIdentifier": "161894538"
  }
}